id,name,competition_code,category,season,competition_type,league_name,regional_level,total_teams,created_at,updated_at
e405f7d7-2eca-5a48-9d8a-409635c19bdf,2CAT GRUP 1-1 (2021-22),GRUP,1,2021-22,league,,,8,2026-06-18T16:06:37.641Z,2026-06-18T16:06:37.641Z
4012423f-6d91-50f5-a08a-ced47d6c800d,2CAT GRUP 2-1 (2021-22),GRUP,1,2021-22,league,,,8,2026-06-18T16:06:37.641Z,2026-06-18T16:06:37.641Z
bde45231-8ad4-58a5-9a66-8c71149e06ba,2CAT GRUP 3-1 (2021-22),GRUP,1,2021-22,league,,,8,2026-06-18T16:06:37.641Z,2026-06-18T16:06:37.641Z
909f0f62-c86d-5416-ac98-6b54ca5f4a11,3CAT GRUP 1-1 (2021-22),GRUP,1,2021-22,league,,,8,2026-06-18T16:06:37.641Z,2026-06-18T16:06:37.641Z
4b7ff1fb-0da2-526e-8b45-7f6de0363193,3CAT GRUP 2-1 (2021-22),GRUP,1,2021-22,league,,,8,2026-06-18T16:06:37.641Z,2026-06-18T16:06:37.641Z
8e50f911-4e96-5f3f-9807-85724392128d,3CAT GRUP 3-1 (2021-22),GRUP,1,2021-22,league,,,8,2026-06-18T16:06:37.641Z,2026-06-18T16:06:37.641Z
66f1beea-f30b-5191-99fc-ffa6e3c29ee5,3CAT GRUP 4-1 (2021-22),GRUP,1,2021-22,league,,,8,2026-06-18T16:06:37.641Z,2026-06-18T16:06:37.641Z
654455c5-1115-5d8a-94a3-89d306324541,LCV TERCERA FASE GRUP B1-1 (2021-22),LCV,1,2021-22,league,,,6,2026-06-18T16:06:37.641Z,2026-06-18T16:06:37.641Z
958f9aa1-3334-55ec-b1ad-dd0a8fd948f9,LCV TERCERA FASE GRUP C1-1 (2021-22),LCV,1,2021-22,league,,,6,2026-06-18T16:06:37.641Z,2026-06-18T16:06:37.641Z
7c7e941b-f299-5d60-9e0a-3d04c427d61e,2CAT GRUP 1-2 (2021-22),GRUP,2,2021-22,league,,,7,2026-06-18T16:06:37.641Z,2026-06-18T16:06:37.641Z
4f569d62-6086-539b-8c84-1e5de7185325,2CAT GRUP 2-2 (2021-22),GRUP,2,2021-22,league,,,7,2026-06-18T16:06:37.641Z,2026-06-18T16:06:37.641Z
354961e1-744d-5a03-8a96-fe5d848bf236,2CAT GRUP 3-2 (2021-22),GRUP,2,2021-22,league,,,7,2026-06-18T16:06:37.641Z,2026-06-18T16:06:37.641Z
0a507f32-1297-5e9f-9b01-d3728410295c,3CAT GRUP 4-2 (2021-22),GRUP,2,2021-22,league,,,7,2026-06-18T16:06:37.641Z,2026-06-18T16:06:37.641Z
74d53f5e-f076-53ca-a93d-6df7b24908e5,LCV TERCERA FASE GRUP B1-2 (2021-22),LCV,2,2021-22,league,,,6,2026-06-18T16:06:37.641Z,2026-06-18T16:06:37.641Z
c1d2cd13-a217-595f-b4fb-2ffae9619fff,LCV TERCERA FASE GRUP C1-2 (2021-22),LCV,2,2021-22,league,,,4,2026-06-18T16:06:37.641Z,2026-06-18T16:06:37.641Z
33671f8f-951d-5a8c-a40e-ff53c6d01f87,ALEVÍ COPA CATALANA GRUP 1 (2021-22),ALEVI,Aleví,2021-22,cup,,autonomic,6,2026-06-18T16:06:37.641Z,2026-06-18T16:06:37.641Z
e7bcf787-81e3-5a2e-a177-02637cff56af,ALEVÍ COPA CATALANA GRUP 10 (2021-22),ALEVI,Aleví,2021-22,cup,,autonomic,5,2026-06-18T16:06:37.641Z,2026-06-18T16:06:37.641Z
6a887f4a-f46b-5f64-ba12-ed1bb8aa055a,ALEVÍ COPA CATALANA GRUP 11 (2021-22),ALEVI,Aleví,2021-22,cup,,autonomic,5,2026-06-18T16:06:37.641Z,2026-06-18T16:06:37.641Z
7eda28ef-3d6c-5d6d-af04-e012c2d2a2bd,ALEVÍ COPA CATALANA GRUP 12 (2021-22),ALEVI,Aleví,2021-22,cup,,autonomic,5,2026-06-18T16:06:37.641Z,2026-06-18T16:06:37.641Z
efdd69ed-70c2-5186-94d1-4e2e3225aaba,ALEVÍ COPA CATALANA GRUP 13 (2021-22),ALEVI,Aleví,2021-22,cup,,autonomic,5,2026-06-18T16:06:37.641Z,2026-06-18T16:06:37.641Z
19b3d732-714a-522a-b844-996362c1a72d,ALEVÍ COPA CATALANA GRUP 14 (2021-22),ALEVI,Aleví,2021-22,cup,,autonomic,5,2026-06-18T16:06:37.641Z,2026-06-18T16:06:37.641Z
e11ff9f5-8474-5743-bddb-9a0a7268045d,ALEVÍ COPA CATALANA GRUP 15 (2021-22),ALEVI,Aleví,2021-22,cup,,autonomic,5,2026-06-18T16:06:37.641Z,2026-06-18T16:06:37.641Z
9d8e71e8-2550-59ea-91ad-927f0ee4bd32,ALEVÍ COPA CATALANA GRUP 16 (2021-22),ALEVI,Aleví,2021-22,cup,,autonomic,5,2026-06-18T16:06:37.641Z,2026-06-18T16:06:37.641Z
ee586a6f-0b14-519b-afc7-3584b791e64e,ALEVÍ COPA CATALANA GRUP 17 (2021-22),ALEVI,Aleví,2021-22,cup,,autonomic,5,2026-06-18T16:06:37.641Z,2026-06-18T16:06:37.641Z
178e21ec-02dc-5731-ab29-3114dba81bce,ALEVÍ COPA CATALANA GRUP 2 (2021-22),ALEVI,Aleví,2021-22,cup,,autonomic,6,2026-06-18T16:06:37.641Z,2026-06-18T16:06:37.641Z
097c6dad-e21f-5951-99f8-1ff3db1089f9,ALEVÍ COPA CATALANA GRUP 3 (2021-22),ALEVI,Aleví,2021-22,cup,,autonomic,6,2026-06-18T16:06:37.641Z,2026-06-18T16:06:37.641Z
f7c1b655-d762-5e1c-8a39-d30e5796c822,ALEVÍ COPA CATALANA GRUP 4 (2021-22),ALEVI,Aleví,2021-22,cup,,autonomic,6,2026-06-18T16:06:37.641Z,2026-06-18T16:06:37.641Z
3d374ea2-a688-57af-9b7e-8c07bd356c84,ALEVÍ COPA CATALANA GRUP 5 (2021-22),ALEVI,Aleví,2021-22,cup,,autonomic,6,2026-06-18T16:06:37.641Z,2026-06-18T16:06:37.641Z
bedd01d2-db47-5383-8c2b-7f01f20796f0,ALEVÍ COPA CATALANA GRUP 6 (2021-22),ALEVI,Aleví,2021-22,cup,,autonomic,6,2026-06-18T16:06:37.641Z,2026-06-18T16:06:37.641Z
7e16c4f9-a1fc-5d94-8de3-57ce767a8234,ALEVÍ COPA CATALANA GRUP 7 (2021-22),ALEVI,Aleví,2021-22,cup,,autonomic,6,2026-06-18T16:06:37.641Z,2026-06-18T16:06:37.641Z
db3eae5f-89b7-583b-a1bb-44ae903a0707,ALEVÍ COPA CATALANA GRUP 8 (2021-22),ALEVI,Aleví,2021-22,cup,,autonomic,5,2026-06-18T16:06:37.641Z,2026-06-18T16:06:37.641Z
92e6ef14-8500-56db-9abc-4eeea01b2f69,ALEVÍ COPA CATALANA GRUP 9 (2021-22),ALEVI,Aleví,2021-22,cup,,autonomic,5,2026-06-18T16:06:37.641Z,2026-06-18T16:06:37.641Z
e1cb947c-98f7-5122-990b-fa95b8ae3124,ALEVÍ COPA FEDERACIÓ GRUP 1 (2021-22),ALEVI,Aleví,2021-22,cup,,,5,2026-06-18T16:06:37.641Z,2026-06-18T16:06:37.641Z
71252ae2-717a-58e9-8f53-20008576ae06,ALEVÍ COPA FEDERACIÓ GRUP 10 (2021-22),ALEVI,Aleví,2021-22,cup,,,5,2026-06-18T16:06:37.641Z,2026-06-18T16:06:37.641Z
4d25bf3b-eea4-5c7f-940c-71c72a5a6c5a,ALEVÍ COPA FEDERACIÓ GRUP 11 (2021-22),ALEVI,Aleví,2021-22,cup,,,5,2026-06-18T16:06:37.641Z,2026-06-18T16:06:37.641Z
1f488a3c-f1ee-5635-ae36-8eaad0881bf7,ALEVÍ COPA FEDERACIÓ GRUP 12 (2021-22),ALEVI,Aleví,2021-22,cup,,,5,2026-06-18T16:06:37.641Z,2026-06-18T16:06:37.641Z
9ef5bef1-4685-5e01-892e-28dd5b30b521,ALEVÍ COPA FEDERACIÓ GRUP 13 (2021-22),ALEVI,Aleví,2021-22,cup,,,5,2026-06-18T16:06:37.641Z,2026-06-18T16:06:37.641Z
ed8b7986-8a2c-5464-8485-20ae1f8caf49,ALEVÍ COPA FEDERACIÓ GRUP 2 (2021-22),ALEVI,Aleví,2021-22,cup,,,6,2026-06-18T16:06:37.641Z,2026-06-18T16:06:37.641Z
9cd88bea-0c59-5efc-b268-870a9e134fb4,ALEVÍ COPA FEDERACIÓ GRUP 3 (2021-22),ALEVI,Aleví,2021-22,cup,,,5,2026-06-18T16:06:37.641Z,2026-06-18T16:06:37.641Z
325f8433-0647-5e04-b380-f327240a360b,ALEVÍ COPA FEDERACIÓ GRUP 4 (2021-22),ALEVI,Aleví,2021-22,cup,,,5,2026-06-18T16:06:37.641Z,2026-06-18T16:06:37.641Z
be007f5e-dbc0-5917-9442-2db90ef0e9c6,ALEVÍ COPA FEDERACIÓ GRUP 5 (2021-22),ALEVI,Aleví,2021-22,cup,,,6,2026-06-18T16:06:37.641Z,2026-06-18T16:06:37.641Z
ee947df4-c36e-50a8-940a-65c5fccc3d0a,ALEVÍ COPA FEDERACIÓ GRUP 6 (2021-22),ALEVI,Aleví,2021-22,cup,,,5,2026-06-18T16:06:37.641Z,2026-06-18T16:06:37.641Z
f9bcb6d0-4674-554b-aea5-a2f4b8dee220,ALEVÍ COPA FEDERACIÓ GRUP 7 (2021-22),ALEVI,Aleví,2021-22,cup,,,5,2026-06-18T16:06:37.641Z,2026-06-18T16:06:37.641Z
919b6aa4-25e3-5814-8295-4dac2fa1a140,ALEVÍ COPA FEDERACIÓ GRUP 8 (2021-22),ALEVI,Aleví,2021-22,cup,,,4,2026-06-18T16:06:37.641Z,2026-06-18T16:06:37.641Z
b023cd02-3b58-5fc3-9632-222a14899ae7,ALEVÍ COPA FEDERACIÓ GRUP 9 (2021-22),ALEVI,Aleví,2021-22,cup,,,5,2026-06-18T16:06:37.641Z,2026-06-18T16:06:37.641Z
e4858f1a-3091-5c00-8ac5-4ff8bdd590e0,ALEVÍ OR COPES 1C (2021-22),ALEVI,Aleví,2021-22,league,,,5,2026-06-18T16:06:37.641Z,2026-06-18T16:06:37.641Z
dac47e74-256e-55b5-8103-77bf6e291754,ALEVI OR COPES 2C (2021-22),ALEVI,Aleví,2021-22,league,,,5,2026-06-18T16:06:37.641Z,2026-06-18T16:06:37.641Z
92cca360-4567-5cc9-80ad-2be34f424732,ALEVI OR COPES 3C (2021-22),ALEVI,Aleví,2021-22,league,,,5,2026-06-18T16:06:37.641Z,2026-06-18T16:06:37.641Z
e3804a87-b7d5-594b-9056-b30a0e103a56,ALEVI OR COPES 4C (2021-22),ALEVI,Aleví,2021-22,league,,,5,2026-06-18T16:06:37.641Z,2026-06-18T16:06:37.641Z
bd158b38-1e19-5567-9dd7-e8eb4583cd84,ALEVÍ OR COPES 5C (2021-22),ALEVI,Aleví,2021-22,league,,,4,2026-06-18T16:06:37.641Z,2026-06-18T16:06:37.641Z
ced49468-9bfd-5cbf-a538-4c4d361f1936,ALEVI OR COPES 6C (2021-22),ALEVI,Aleví,2021-22,league,,,4,2026-06-18T16:06:37.641Z,2026-06-18T16:06:37.641Z
19c3afd7-57d4-51f4-992e-7196f1b851bc,ALEVI OR COPES 7C (2021-22),ALEVI,Aleví,2021-22,league,,,4,2026-06-18T16:06:37.641Z,2026-06-18T16:06:37.641Z
d11e0f2d-43c8-5b3a-9b34-60d72ba847d3,ALEVÍ OR PREFERENT 1P (2021-22),ALEVI,Aleví,2021-22,league,,,6,2026-06-18T16:06:37.641Z,2026-06-18T16:06:37.641Z
645de015-2c69-5299-873a-3b563b4ac929,ALEVÍ OR PREFERENT 2P (2021-22),ALEVI,Aleví,2021-22,league,,,6,2026-06-18T16:06:37.641Z,2026-06-18T16:06:37.641Z
4dd79e67-352d-53d4-9df8-f48fb8519893,ALEVÍ OR PREFERENT 3P (2021-22),ALEVI,Aleví,2021-22,league,,,6,2026-06-18T16:06:37.641Z,2026-06-18T16:06:37.641Z
40567568-ca0b-5c8c-ae16-1ee11571135f,ALEVÍ OR PREFERENT 4P (2021-22),ALEVI,Aleví,2021-22,league,,,6,2026-06-18T16:06:37.641Z,2026-06-18T16:06:37.641Z
e7c78650-9c09-5fa4-98ad-7398b7e743d4,ALEVI OR PREFERENT 5P (2021-22),ALEVI,Aleví,2021-22,league,,,6,2026-06-18T16:06:37.641Z,2026-06-18T16:06:37.641Z
9ace2ef0-9833-5364-9eca-8418610b06a6,ALEVÍ OR PREFERENT 6P (2021-22),ALEVI,Aleví,2021-22,league,,,6,2026-06-18T16:06:37.641Z,2026-06-18T16:06:37.641Z
2712fa97-8693-5842-bea1-a549381f4ec2,ALEVÍ OR PREFERENT 7P (2021-22),ALEVI,Aleví,2021-22,league,,,6,2026-06-18T16:06:37.641Z,2026-06-18T16:06:37.641Z
f139c346-261e-5b8c-b47a-d4111c6314b9,ALEVÍ PREF 13E AL 16E CLASSIFICAT (2021-22),ALEVI,Aleví,2021-22,league,,,4,2026-06-18T16:06:37.641Z,2026-06-18T16:06:37.641Z
eddb18dd-797b-5572-aaf7-2de921a3fcec,ALEVÍ PREF 9E AL 12E CLASSIFICAT (2021-22),ALEVI,Aleví,2021-22,league,,,4,2026-06-18T16:06:37.641Z,2026-06-18T16:06:37.641Z
af12334b-22c1-54ff-92c0-2fd6e153f97a,ALEVÍ PREFERENT GRUP P1 (2021-22),ALEVI,Aleví,2021-22,league,,,4,2026-06-18T16:06:37.641Z,2026-06-18T16:06:37.641Z
a058450b-f7f2-5dfa-8461-31842e388e79,ALEVÍ PREFERENT GRUP P2 (2021-22),ALEVI,Aleví,2021-22,league,,,4,2026-06-18T16:06:37.641Z,2026-06-18T16:06:37.641Z
b71d3e25-f2d4-514d-97af-d0dc7ad224fe,ALEVÍ PREFERENT GRUP P3 (2021-22),ALEVI,Aleví,2021-22,league,,,4,2026-06-18T16:06:37.641Z,2026-06-18T16:06:37.641Z
cc5e8b27-8236-5d7f-a088-d628a29a99e8,ALEVÍ PREFERENT GRUP P4 (2021-22),ALEVI,Aleví,2021-22,league,,,4,2026-06-18T16:06:37.641Z,2026-06-18T16:06:37.641Z
1f0c6176-8393-5347-b9e1-9fef0cb6395c,CAMPIONAT CATALUNYA ALEVÍ (2021-22),CAMPIONAT,Aleví,2021-22,league,,autonomic,8,2026-06-18T16:06:37.641Z,2026-06-18T16:06:37.641Z
00022741-0eb3-5c39-8c2a-7c662d4bfd1f,CCAT ALEVÍ FASES FINALS (2021-22),CCAT,Aleví,2021-22,league,,,0,2026-06-18T16:06:37.641Z,2026-06-18T16:06:37.641Z
0e0a7cad-030e-590d-b9bc-e0125cc15ffa,ELIMINATÒRIES COPA CATALANA ALEVÍ (2021-22),COPA,Aleví,2021-22,cup,,autonomic,0,2026-06-18T16:06:37.641Z,2026-06-18T16:06:37.641Z
e16f3c47-bfaa-5bd8-85f2-05edece136d4,ELIMINATÒRIES COPA FEDERACIÓ ALEVÍ (2021-22),COPA,Aleví,2021-22,cup,,,0,2026-06-18T16:06:37.641Z,2026-06-18T16:06:37.641Z
a5cd75a5-ae66-5cf8-bd5d-ffcf2822c792,1CAT 1A (2021-22),,Altres,2021-22,league,,,8,2026-06-18T16:06:37.641Z,2026-06-18T16:06:37.641Z
cd133291-5125-5798-8686-132396c4bf43,1CAT 1B (2021-22),,Altres,2021-22,league,,,8,2026-06-18T16:06:37.641Z,2026-06-18T16:06:37.641Z
95dfbead-f8d5-5b6f-8a0d-867b472604bb,1CAT 2A (2021-22),,Altres,2021-22,league,,,9,2026-06-18T16:06:37.641Z,2026-06-18T16:06:37.641Z
a36b16ea-124d-5a97-8a29-18119ec54356,1CAT 2B (2021-22),,Altres,2021-22,league,,,8,2026-06-18T16:06:37.641Z,2026-06-18T16:06:37.641Z
2fab6022-9145-53a5-8c80-d4f909ac5e85,1CAT GRUP A1 (2021-22),GRUP,Altres,2021-22,league,,,8,2026-06-18T16:06:37.641Z,2026-06-18T16:06:37.641Z
7a94c8a2-401a-5691-b3d5-47e58975515c,1CAT GRUP A2 (2021-22),GRUP,Altres,2021-22,league,,,9,2026-06-18T16:06:37.641Z,2026-06-18T16:06:37.641Z
cd8a27e3-8ce8-5437-97f7-f76ef17f2a79,1CAT GRUP B1 (2021-22),GRUP,Altres,2021-22,league,,,8,2026-06-18T16:06:37.641Z,2026-06-18T16:06:37.641Z
7b62c24e-9cc5-5454-88f9-8f5bb2d04388,1CAT GRUP B2 (2021-22),GRUP,Altres,2021-22,league,,,8,2026-06-18T16:06:37.641Z,2026-06-18T16:06:37.641Z
3b2f24bb-e3dd-5c6f-868e-5217185a8365,2CAT 1A (2021-22),,Altres,2021-22,league,,,7,2026-06-18T16:06:37.641Z,2026-06-18T16:06:37.641Z
a993ca75-986c-5d6a-822a-83cbdf4013e9,2CAT 1B (2021-22),,Altres,2021-22,league,,,8,2026-06-18T16:06:37.641Z,2026-06-18T16:06:37.641Z
9c33d7fb-2bf3-5cf2-aa54-0188db2a8be9,2CAT 2A (2021-22),,Altres,2021-22,league,,,8,2026-06-18T16:06:37.641Z,2026-06-18T16:06:37.641Z
3df3ba0a-fe5f-5500-baf2-7ad0ab13ccc5,2CAT 2B (2021-22),,Altres,2021-22,league,,,7,2026-06-18T16:06:37.641Z,2026-06-18T16:06:37.641Z
8a29a268-2b5d-527b-9289-4c9ee35f74a4,2CAT 3A (2021-22),,Altres,2021-22,league,,,8,2026-06-18T16:06:37.641Z,2026-06-18T16:06:37.641Z
bb0ca64f-52b7-5b6d-869d-92510e77442b,2CAT 3B (2021-22),,Altres,2021-22,league,,,8,2026-06-18T16:06:37.641Z,2026-06-18T16:06:37.641Z
91166ff9-81c9-5e0d-9a03-e8669b444ea6,3CAT 1A (2021-22),,Altres,2021-22,league,,,8,2026-06-18T16:06:37.641Z,2026-06-18T16:06:37.641Z
0d0bcf20-a9cd-5e49-874f-c5225181114d,3CAT 1B (2021-22),,Altres,2021-22,league,,,6,2026-06-18T16:06:37.641Z,2026-06-18T16:06:37.641Z
9795884b-3ff6-5a37-85be-103292c2949e,3CAT 2A (2021-22),,Altres,2021-22,league,,,7,2026-06-18T16:06:37.641Z,2026-06-18T16:06:37.641Z
f8d58442-9230-5946-ac42-d2036f4725a1,3CAT 2B (2021-22),,Altres,2021-22,league,,,6,2026-06-18T16:06:37.641Z,2026-06-18T16:06:37.641Z
565227e5-199f-5c43-8275-f002aa3baa28,3CAT 3A (2021-22),,Altres,2021-22,league,,,8,2026-06-18T16:06:37.641Z,2026-06-18T16:06:37.641Z
79e232ae-5997-5d4d-a29a-7a932d886632,3CAT 3B (2021-22),,Altres,2021-22,league,,,6,2026-06-18T16:06:37.641Z,2026-06-18T16:06:37.641Z
a888cdab-bd46-57f6-854f-2f053915c39b,3CAT 4A (2021-22),,Altres,2021-22,league,,,7,2026-06-18T16:06:37.641Z,2026-06-18T16:06:37.641Z
21828333-2a2a-5953-927a-cc0c87a0c632,3CAT 4B (2021-22),,Altres,2021-22,league,,,8,2026-06-18T16:06:37.641Z,2026-06-18T16:06:37.641Z
866f545a-2e24-5ce8-9e69-afc05341ca9e,3CAT GRUP A (2021-22),GRUP,Altres,2021-22,league,,,5,2026-06-18T16:06:37.641Z,2026-06-18T16:06:37.641Z
4e294894-cc06-5545-aac6-6e3d7ac8cf03,3CAT GRUP B (2021-22),GRUP,Altres,2021-22,league,,,5,2026-06-18T16:06:37.641Z,2026-06-18T16:06:37.641Z
85abb6d7-0c71-5c23-9c3d-4f398b2434d6,3CAT GRUP C (2021-22),GRUP,Altres,2021-22,league,,,5,2026-06-18T16:06:37.641Z,2026-06-18T16:06:37.641Z
420d5a22-7543-5685-9a26-28b12569d258,ALE OR 1A (2021-22),ALE,Altres,2021-22,league,,,6,2026-06-18T16:06:37.641Z,2026-06-18T16:06:37.641Z
9fe052da-695a-57ef-bab6-25f03136f0a6,ALE OR 1B (2021-22),ALE,Altres,2021-22,league,,,5,2026-06-18T16:06:37.641Z,2026-06-18T16:06:37.641Z
639bf183-3b02-5c57-9091-8d2cb645dc2c,ALE OR 2A (2021-22),ALE,Altres,2021-22,league,,,6,2026-06-18T16:06:37.641Z,2026-06-18T16:06:37.641Z
d736eb44-8e28-570f-86ae-4ca86fb867db,ALE OR 2B (2021-22),ALE,Altres,2021-22,league,,,5,2026-06-18T16:06:37.641Z,2026-06-18T16:06:37.641Z
8c1a4929-8d8b-5b29-ba56-e561a0c3ef6c,ALE OR 3A (2021-22),ALE,Altres,2021-22,league,,,6,2026-06-18T16:06:37.641Z,2026-06-18T16:06:37.641Z
0cfbb954-1bb3-5618-a2f7-c3ebee8fe031,ALE OR 3B (2021-22),ALE,Altres,2021-22,league,,,5,2026-06-18T16:06:37.641Z,2026-06-18T16:06:37.641Z
ca08ac5f-7411-5014-b332-64cb9f3020cf,ALE OR 4A (2021-22),ALE,Altres,2021-22,league,,,6,2026-06-18T16:06:37.641Z,2026-06-18T16:06:37.641Z
cfcf4cb8-4503-52c1-a97a-b48469a3643b,ALE OR 4B (2021-22),ALE,Altres,2021-22,league,,,5,2026-06-18T16:06:37.641Z,2026-06-18T16:06:37.641Z
1fd19da4-0017-5c89-8654-a901ff18b23d,ALE OR 5A (2021-22),ALE,Altres,2021-22,league,,,5,2026-06-18T16:06:37.641Z,2026-06-18T16:06:37.641Z
75d91547-7875-5689-84cd-06efa10fe451,ALE OR 5B (2021-22),ALE,Altres,2021-22,league,,,5,2026-06-18T16:06:37.641Z,2026-06-18T16:06:37.641Z
da6defd4-0a87-5743-b17f-b769effc0c1a,ALE OR 6A (2021-22),ALE,Altres,2021-22,league,,,5,2026-06-18T16:06:37.641Z,2026-06-18T16:06:37.641Z
35d57d79-aa60-55cf-912a-fd5dd85a3a7f,ALE OR 6B (2021-22),ALE,Altres,2021-22,league,,,5,2026-06-18T16:06:37.641Z,2026-06-18T16:06:37.641Z
d2963ff0-bc42-5880-b194-1ef710278a1b,ALE OR 7A (2021-22),ALE,Altres,2021-22,league,,,5,2026-06-18T16:06:37.641Z,2026-06-18T16:06:37.641Z
e47f97eb-af01-558e-9628-957956b5b6ae,ALE OR 7B (2021-22),ALE,Altres,2021-22,league,,,5,2026-06-18T16:06:37.641Z,2026-06-18T16:06:37.641Z
07ac49f5-6b74-5acd-88f0-a58475332f4d,ALE PL 1 (2021-22),ALE,Altres,2021-22,league,,,7,2026-06-18T16:06:37.641Z,2026-06-18T16:06:37.641Z
0613196b-3cee-5153-b96c-e0271a5ee5dd,ALE PL 10 (2021-22),ALE,Altres,2021-22,league,,,7,2026-06-18T16:06:37.641Z,2026-06-18T16:06:37.641Z
e4aff2dd-780b-592c-b724-bea829795f04,ALE PL 11 (2021-22),ALE,Altres,2021-22,league,,,6,2026-06-18T16:06:37.641Z,2026-06-18T16:06:37.641Z
f9fb2820-595a-5ef2-9e9a-d5dadaf26288,ALE PL 12 (2021-22),ALE,Altres,2021-22,league,,,7,2026-06-18T16:06:37.641Z,2026-06-18T16:06:37.641Z
d3416756-4b6d-51ee-ba6c-a8f750a3f75c,ALE PL 13 (2021-22),ALE,Altres,2021-22,league,,,8,2026-06-18T16:06:37.641Z,2026-06-18T16:06:37.641Z
43175fd4-8966-586f-b576-b074d4807299,ALE PL 14 (2021-22),ALE,Altres,2021-22,league,,,7,2026-06-18T16:06:37.641Z,2026-06-18T16:06:37.641Z
309b1010-eef3-58b6-9d39-9ae77a927e63,ALE PL 2 (2021-22),ALE,Altres,2021-22,league,,,7,2026-06-18T16:06:37.641Z,2026-06-18T16:06:37.641Z
95c6f6dc-2010-572a-955f-d255dbe084ca,ALE PL 3 (2021-22),ALE,Altres,2021-22,league,,,7,2026-06-18T16:06:37.641Z,2026-06-18T16:06:37.641Z
30c711f5-2c22-5de4-b158-963b55f2e9cf,ALE PL 4 (2021-22),ALE,Altres,2021-22,league,,,7,2026-06-18T16:06:37.641Z,2026-06-18T16:06:37.641Z
ecc5d28f-4ed9-5618-8114-9a9541813874,ALE PL 5 (2021-22),ALE,Altres,2021-22,league,,,7,2026-06-18T16:06:37.641Z,2026-06-18T16:06:37.641Z
d788acff-07af-50ef-998b-03ba5ec16eb5,ALE PL 6 (2021-22),ALE,Altres,2021-22,league,,,7,2026-06-18T16:06:37.641Z,2026-06-18T16:06:37.641Z
6882c489-7b57-59bc-a22e-1dca663bf354,ALE PL 7 (2021-22),ALE,Altres,2021-22,league,,,7,2026-06-18T16:06:37.641Z,2026-06-18T16:06:37.641Z
30f5723a-a790-5554-bd8d-188a3f7d3765,ALE PL 8 (2021-22),ALE,Altres,2021-22,league,,,7,2026-06-18T16:06:37.641Z,2026-06-18T16:06:37.641Z
ef340dbc-4dba-50d9-9776-c61b0414751e,ALE PL 9 (2021-22),ALE,Altres,2021-22,league,,,7,2026-06-18T16:06:37.641Z,2026-06-18T16:06:37.641Z
02486b05-03f9-5d86-b25b-82ece49b8034,CAMPIONAT DE BARCELONA FASES FINALS (2021-22),CAMPIONAT,Altres,2021-22,league,,local,0,2026-06-18T16:06:37.641Z,2026-06-18T16:06:37.641Z
5a2e80c3-bd93-514c-badb-af9f07bdb312,CCAT ST INF FASE DE GRUPS (2021-22),CCAT,Altres,2021-22,league,,,4,2026-06-18T16:06:37.641Z,2026-06-18T16:06:37.641Z
bce2ad59-34be-524e-8cf2-2866d8540c43,CCAT ST INF FASES FINALS (2021-22),CCAT,Altres,2021-22,league,,,0,2026-06-18T16:06:37.641Z,2026-06-18T16:06:37.641Z
f4cd0402-b100-5ec8-a679-2767cef2f8ec,ELIMINATÒRIA 9È I 10È CLASSIFICAT NCAT (2021-22),NCAT,Altres,2021-22,cup,,,2,2026-06-18T16:06:37.641Z,2026-06-18T16:06:37.641Z
27d42972-6e08-5f48-8334-c171054523b7,ELIMINATÒRIES 11È I 12È CLASSIFICAT NCAT (2021-22),NCAT,Altres,2021-22,cup,,,2,2026-06-18T16:06:37.641Z,2026-06-18T16:06:37.641Z
8fc8b0e5-c556-5c94-a977-ec2637d09ddf,ELIMINATÒRIES 5È AL 8È CLASSIFICAT NCAT (2021-22),AL,Altres,2021-22,cup,,,4,2026-06-18T16:06:37.641Z,2026-06-18T16:06:37.641Z
fe132975-3813-549d-ae22-258eaca8f494,FASE DE REPESCA (2021-22),FASE,Altres,2021-22,league,,,0,2026-06-18T16:06:37.641Z,2026-06-18T16:06:37.641Z
f32c5bc4-03c9-52cb-b5e0-35c3d94525cf,Grup únic (2021-22),GRUP,Altres,2021-22,league,,,0,2026-06-18T16:06:37.641Z,2026-06-18T16:06:37.641Z
abc4125f-b4f2-57fc-b3a4-97931cd010c0,INF OR 1A (2021-22),INF,Altres,2021-22,league,,,6,2026-06-18T16:06:37.641Z,2026-06-18T16:06:37.641Z
11f60efc-892d-5543-afde-592a293c5738,INF OR 1B (2021-22),INF,Altres,2021-22,league,,,5,2026-06-18T16:06:37.641Z,2026-06-18T16:06:37.641Z
29497f41-2892-552b-8002-41c9c9377356,INF OR 2A (2021-22),INF,Altres,2021-22,league,,,6,2026-06-18T16:06:37.641Z,2026-06-18T16:06:37.641Z
db704f41-71c9-5c4f-8d0f-3729daa09103,INF OR 2B (2021-22),INF,Altres,2021-22,league,,,5,2026-06-18T16:06:37.641Z,2026-06-18T16:06:37.641Z
03a748aa-8b64-53a2-b720-4d0741312e39,INF OR 3A (2021-22),INF,Altres,2021-22,league,,,6,2026-06-18T16:06:37.641Z,2026-06-18T16:06:37.641Z
70662a15-7709-5fef-a024-1fddf692d79c,INF OR 3B (2021-22),INF,Altres,2021-22,league,,,5,2026-06-18T16:06:37.641Z,2026-06-18T16:06:37.641Z
a6506f4c-b954-52e7-bf00-853b7e13e8d9,INF OR 4A (2021-22),INF,Altres,2021-22,league,,,6,2026-06-18T16:06:37.641Z,2026-06-18T16:06:37.641Z
db4b9507-87c7-5ece-bbc4-935271285115,INF OR 4B (2021-22),INF,Altres,2021-22,league,,,5,2026-06-18T16:06:37.641Z,2026-06-18T16:06:37.641Z
7154fe53-936b-5c88-96b8-500a05004d59,INF OR 5A (2021-22),INF,Altres,2021-22,league,,,6,2026-06-18T16:06:37.641Z,2026-06-18T16:06:37.641Z
cf6ae560-bbe1-5cec-ad23-9013d7591ff0,INF OR 5B (2021-22),INF,Altres,2021-22,league,,,5,2026-06-18T16:06:37.641Z,2026-06-18T16:06:37.641Z
bc0e6df9-8e94-5a9a-8a68-7d14dc895098,INF OR 6A (2021-22),INF,Altres,2021-22,league,,,6,2026-06-18T16:06:37.641Z,2026-06-18T16:06:37.641Z
18636996-e085-5a26-a37e-5dfe12e1550a,INF OR 6B (2021-22),INF,Altres,2021-22,league,,,6,2026-06-18T16:06:37.641Z,2026-06-18T16:06:37.641Z
a0c7909c-cda0-5757-b446-c810b5a463b4,INF PL 1 (2021-22),INF,Altres,2021-22,league,,,8,2026-06-18T16:06:37.641Z,2026-06-18T16:06:37.641Z
1103efd6-183c-5bc6-9e64-861d4b2ee957,INF PL 10 (2021-22),INF,Altres,2021-22,league,,,6,2026-06-18T16:06:37.641Z,2026-06-18T16:06:37.641Z
5caca0f2-03a8-55d8-b438-8bc10009f2d5,INF PL 2 (2021-22),INF,Altres,2021-22,league,,,8,2026-06-18T16:06:37.641Z,2026-06-18T16:06:37.641Z
ef71d5df-8ea7-5c51-9786-2e047e2443a7,INF PL 3 (2021-22),INF,Altres,2021-22,league,,,7,2026-06-18T16:06:37.641Z,2026-06-18T16:06:37.641Z
06b3eb02-5381-55c8-9228-285122e0ddd4,INF PL 4 (2021-22),INF,Altres,2021-22,league,,,7,2026-06-18T16:06:37.641Z,2026-06-18T16:06:37.641Z
c8f3c05e-e8eb-5477-b091-abc69f870f9b,INF PL 5 (2021-22),INF,Altres,2021-22,league,,,7,2026-06-18T16:06:37.641Z,2026-06-18T16:06:37.641Z
527c861c-e4db-53a3-a146-7b1aea995926,INF PL 6 (2021-22),INF,Altres,2021-22,league,,,7,2026-06-18T16:06:37.641Z,2026-06-18T16:06:37.641Z
126d8f2c-68a8-53bd-be4d-10435debb458,INF PL 7 (2021-22),INF,Altres,2021-22,league,,,8,2026-06-18T16:06:37.641Z,2026-06-18T16:06:37.641Z
dbaa402f-2ff9-57d4-b9c1-f61b187bd589,INF PL 8 (2021-22),INF,Altres,2021-22,league,,,8,2026-06-18T16:06:37.641Z,2026-06-18T16:06:37.641Z
ee42542d-0464-564c-81ea-6bf250407703,INF PL 9 (2021-22),INF,Altres,2021-22,league,,,8,2026-06-18T16:06:37.641Z,2026-06-18T16:06:37.641Z
19179c32-1772-5b25-b203-45ceafdc3714,JUN OR 1A (2021-22),JUN,Altres,2021-22,league,,,6,2026-06-18T16:06:37.641Z,2026-06-18T16:06:37.641Z
7d3845c4-f929-5d54-9822-556f3ad6699b,JUN OR 1B (2021-22),JUN,Altres,2021-22,league,,,5,2026-06-18T16:06:37.641Z,2026-06-18T16:06:37.641Z
1765e663-796d-530b-b0b2-7af980b4c230,JUN OR 2A (2021-22),JUN,Altres,2021-22,league,,,5,2026-06-18T16:06:37.641Z,2026-06-18T16:06:37.641Z
83930ee2-e481-5a87-a1c0-a9e5f6a2db05,JUN OR 2B (2021-22),JUN,Altres,2021-22,league,,,5,2026-06-18T16:06:37.641Z,2026-06-18T16:06:37.641Z
6039e0f3-6916-507b-a390-90c2207176f5,JUN OR 3A (2021-22),JUN,Altres,2021-22,league,,,5,2026-06-18T16:06:37.641Z,2026-06-18T16:06:37.641Z
ef966929-1ec5-53bd-9854-2fdbff44e2cb,JUN OR 3B (2021-22),JUN,Altres,2021-22,league,,,5,2026-06-18T16:06:37.641Z,2026-06-18T16:06:37.641Z
80480f17-ee5e-5585-8913-d2f755c86a0a,JUN OR 4A (2021-22),JUN,Altres,2021-22,league,,,6,2026-06-18T16:06:37.641Z,2026-06-18T16:06:37.641Z
85728192-e74c-504e-a257-4c4d02f4cafa,JUN OR 4B (2021-22),JUN,Altres,2021-22,league,,,5,2026-06-18T16:06:37.641Z,2026-06-18T16:06:37.641Z
12b38897-c21e-5856-aa19-c2dd16c32991,JUN OR 5A (2021-22),JUN,Altres,2021-22,league,,,6,2026-06-18T16:06:37.641Z,2026-06-18T16:06:37.641Z
6f5810a9-3250-5f0a-bfc7-b00fb1ce61f3,JUN OR 5B (2021-22),JUN,Altres,2021-22,league,,,5,2026-06-18T16:06:37.641Z,2026-06-18T16:06:37.641Z
7893cbc9-c0fb-5047-a75f-6134f414f1c8,JUN PL 1 (2021-22),JUN,Altres,2021-22,league,,,7,2026-06-18T16:06:37.641Z,2026-06-18T16:06:37.641Z
ae24d521-1235-52e3-b43a-e34f24c4dd8e,JUN PL 2 (2021-22),JUN,Altres,2021-22,league,,,6,2026-06-18T16:06:37.641Z,2026-06-18T16:06:37.641Z
f970f3c9-9461-53ca-b9d0-98122f455888,JUN PL 3 (2021-22),JUN,Altres,2021-22,league,,,6,2026-06-18T16:06:37.641Z,2026-06-18T16:06:37.641Z
881da070-f46c-5787-b491-c50468e19a93,JUN PL 4 (2021-22),JUN,Altres,2021-22,league,,,7,2026-06-18T16:06:37.641Z,2026-06-18T16:06:37.641Z
ad96c07b-2d4d-571b-9960-12dfa5085176,JUN PL 5 (2021-22),JUN,Altres,2021-22,league,,,5,2026-06-18T16:06:37.641Z,2026-06-18T16:06:37.641Z
f6c115c1-fdcf-503c-a806-52fec676401e,JUV OR 1A (2021-22),JUV,Altres,2021-22,league,,,6,2026-06-18T16:06:37.641Z,2026-06-18T16:06:37.641Z
43e76407-7d60-572e-a412-480b4f34d9a4,JUV OR 1B (2021-22),JUV,Altres,2021-22,league,,,5,2026-06-18T16:06:37.641Z,2026-06-18T16:06:37.641Z
857b5221-6188-5cb6-8e1e-4723e1f76ca6,JUV OR 2A (2021-22),JUV,Altres,2021-22,league,,,5,2026-06-18T16:06:37.641Z,2026-06-18T16:06:37.641Z
ba19ec3e-7dcc-56d9-89c1-953773273b0d,JUV OR 2B (2021-22),JUV,Altres,2021-22,league,,,5,2026-06-18T16:06:37.641Z,2026-06-18T16:06:37.641Z
77426255-4de1-5a24-98b9-1cc52127614c,JUV OR 3A (2021-22),JUV,Altres,2021-22,league,,,6,2026-06-18T16:06:37.641Z,2026-06-18T16:06:37.641Z
4fc4d023-4e5b-5adc-a9e1-99ee4ddcb522,JUV OR 3B (2021-22),JUV,Altres,2021-22,league,,,5,2026-06-18T16:06:37.641Z,2026-06-18T16:06:37.641Z
97a04049-a15c-598c-8316-2ebc9f66e3e5,JUV OR 4A (2021-22),JUV,Altres,2021-22,league,,,5,2026-06-18T16:06:37.641Z,2026-06-18T16:06:37.641Z
49255aeb-3b94-536b-9865-61cd7b9411fd,JUV OR 4B (2021-22),JUV,Altres,2021-22,league,,,5,2026-06-18T16:06:37.641Z,2026-06-18T16:06:37.641Z
48d6b847-6973-56b2-9832-ecf456d9483f,JUV OR 5A (2021-22),JUV,Altres,2021-22,league,,,5,2026-06-18T16:06:37.641Z,2026-06-18T16:06:37.641Z
b7072084-f6c3-5c6b-8244-ff0fce666291,JUV OR 5B (2021-22),JUV,Altres,2021-22,league,,,5,2026-06-18T16:06:37.641Z,2026-06-18T16:06:37.641Z
b0deab25-5648-5eca-b09a-22fe7a76c952,JUV PL 1 (2021-22),JUV,Altres,2021-22,league,,,7,2026-06-18T16:06:37.641Z,2026-06-18T16:06:37.641Z
4b94d924-b329-528a-b77d-b4bfd4f61d4c,JUV PL 2 (2021-22),JUV,Altres,2021-22,league,,,8,2026-06-18T16:06:37.641Z,2026-06-18T16:06:37.641Z
5e9d1936-3dbf-5a5e-a068-7702e1caa498,JUV PL 3 (2021-22),JUV,Altres,2021-22,league,,,7,2026-06-18T16:06:37.641Z,2026-06-18T16:06:37.641Z
03d50528-1f07-5303-b6f3-4d68fc9c2e07,JUV PL 4 (2021-22),JUV,Altres,2021-22,league,,,7,2026-06-18T16:06:37.641Z,2026-06-18T16:06:37.641Z
b080f4cb-c05e-5ead-b04b-7ed012850b2c,JUV PL 5 (2021-22),JUV,Altres,2021-22,league,,,7,2026-06-18T16:06:37.641Z,2026-06-18T16:06:37.641Z
88e32371-b3c1-5eeb-ab41-8a289649cdd0,JUV PL 6 (2021-22),JUV,Altres,2021-22,league,,,8,2026-06-18T16:06:37.641Z,2026-06-18T16:06:37.641Z
25a53516-78b4-5ad4-879d-e7c03ebd97cf,JUV PL 7 (2021-22),JUV,Altres,2021-22,league,,,7,2026-06-18T16:06:37.641Z,2026-06-18T16:06:37.641Z
130d243c-f0b8-5ec8-ae10-861aa259fbb9,JUV PL 8 (2021-22),JUV,Altres,2021-22,league,,,8,2026-06-18T16:06:37.641Z,2026-06-18T16:06:37.641Z
be8a8851-28aa-540b-b608-f800d0fd1b53,NCAT GRUP 1 (2021-22),NCAT,Altres,2021-22,league,,,8,2026-06-18T16:06:37.641Z,2026-06-18T16:06:37.641Z
3e35764f-6d0b-5a51-adb8-8f4a8a4cc80f,NCAT GRUP 2 (2021-22),NCAT,Altres,2021-22,league,,,8,2026-06-18T16:06:37.641Z,2026-06-18T16:06:37.641Z
c1425814-cbce-5ff3-a51c-1fafaa84853b,NCAT GRUP A (2021-22),NCAT,Altres,2021-22,league,,,8,2026-06-18T16:06:37.641Z,2026-06-18T16:06:37.641Z
2efc5626-387d-5a50-bc2b-86c4ec900f32,NCAT GRUP B (2021-22),NCAT,Altres,2021-22,league,,,8,2026-06-18T16:06:37.641Z,2026-06-18T16:06:37.641Z
3b0a043c-c4e5-5561-84ba-5a6ee8b24748,PLAYOFF ASCENS NCAT (2021-22),PLAYOFF,Altres,2021-22,cup,,,8,2026-06-18T16:06:37.641Z,2026-06-18T16:06:37.641Z
66bd032e-c48a-512e-9f15-862127665b83,PLAYOUT NCAT (2021-22),PLAYOUT,Altres,2021-22,league,,,8,2026-06-18T16:06:37.641Z,2026-06-18T16:06:37.641Z
9af1af5b-b7d4-5119-af70-1f9c746f57aa,2ª FASE 1ª LLIGA BENJAMI OR TGNLLEIDA (2021-22),FASE,Benjamí,2021-22,league,,local,8,2026-06-18T16:06:37.641Z,2026-06-18T16:06:37.641Z
e682d2d6-200a-5ec7-a831-7f385625cbbb,2ª FASE 2ª LLIGA BENJAMI OR TGNLLEIDA (2021-22),FASE,Benjamí,2021-22,league,,local,6,2026-06-18T16:06:37.641Z,2026-06-18T16:06:37.641Z
fea25887-75a7-55db-bac1-22765951f2b1,BENJAMÍ 13È AL 16È CLASSIFICAT (2021-22),BENJAMI,Benjamí,2021-22,league,,,4,2026-06-18T16:06:37.641Z,2026-06-18T16:06:37.641Z
5b2a3260-eb3f-5fb7-a588-2657916d28b2,BENJAMÍ 9È AL 12È CLASSIFICAT (2021-22),BENJAMI,Benjamí,2021-22,league,,,4,2026-06-18T16:06:37.641Z,2026-06-18T16:06:37.641Z
5a0f0da8-5497-5ae2-ab9f-062842fa4fb2,BENJAMÍ CAMPIONAT BARCELONA GRUP 1 (2021-22),BENJAMI,Benjamí,2021-22,league,,local,4,2026-06-18T16:06:37.641Z,2026-06-18T16:06:37.641Z
42f53165-f851-51d3-ab64-b93831faae17,BENJAMÍ CAMPIONAT BARCELONA GRUP 2 (2021-22),BENJAMI,Benjamí,2021-22,league,,local,4,2026-06-18T16:06:37.641Z,2026-06-18T16:06:37.641Z
2e098ab9-02c2-57ec-9df4-a85aa4b02c3f,BENJAMÍ CAMPIONAT BARCELONA GRUP 3 (2021-22),BENJAMI,Benjamí,2021-22,league,,local,4,2026-06-18T16:06:37.641Z,2026-06-18T16:06:37.641Z
cfd6fa18-7fa7-58ef-8b0b-1886dccea502,BENJAMÍ CAMPIONAT BARCELONA GRUP 4 (2021-22),BENJAMI,Benjamí,2021-22,league,,local,4,2026-06-18T16:06:37.641Z,2026-06-18T16:06:37.641Z
9c83faa1-078e-5075-ac24-4dfc30c4405e,BENJAMÍ COPA BARCELONA GRUP 1 (2021-22),BENJAMI,Benjamí,2021-22,cup,,local,5,2026-06-18T16:06:37.641Z,2026-06-18T16:06:37.641Z
73f1e180-2500-5040-a64c-9e8abd909e75,BENJAMÍ COPA BARCELONA GRUP 2 (2021-22),BENJAMI,Benjamí,2021-22,cup,,local,5,2026-06-18T16:06:37.641Z,2026-06-18T16:06:37.641Z
4e6a6b82-57ec-5cca-9162-e658395d1e7d,BENJAMÍ COPA BARCELONA GRUP 3 (2021-22),BENJAMI,Benjamí,2021-22,cup,,local,5,2026-06-18T16:06:37.641Z,2026-06-18T16:06:37.641Z
c2d2b8e6-01f9-5dfd-bf3f-5dc3ef1e41cf,BENJAMÍ COPA BARCELONA GRUP 4 (2021-22),BENJAMI,Benjamí,2021-22,cup,,local,5,2026-06-18T16:06:37.641Z,2026-06-18T16:06:37.641Z
fe8a77ea-77e7-5d68-88de-5c785d352719,BENJAMÍ COPA BARCELONA GRUP 5 (2021-22),BENJAMI,Benjamí,2021-22,cup,,local,5,2026-06-18T16:06:37.641Z,2026-06-18T16:06:37.641Z
afcbe4e9-2ab2-5927-9661-bc98384ce313,BENJAMÍ COPA BARCELONA GRUP 6 (2021-22),BENJAMI,Benjamí,2021-22,cup,,local,5,2026-06-18T16:06:37.641Z,2026-06-18T16:06:37.641Z
bb144ea1-1752-5263-9b76-f9030d9b3c6c,BENJAMÍ COPA BARCELONA GRUP 7 (2021-22),BENJAMI,Benjamí,2021-22,cup,,local,5,2026-06-18T16:06:37.641Z,2026-06-18T16:06:37.641Z
15552a25-ef33-5807-a226-2ffc9706ab43,BENJAMÍ COPA BARCELONA GRUP 8 (2021-22),BENJAMI,Benjamí,2021-22,cup,,local,5,2026-06-18T16:06:37.641Z,2026-06-18T16:06:37.641Z
545067e4-7dbb-5d44-a5ed-114d06bfe981,BENJAMÍ COPA FEDERACIÓ GRUP 1 (2021-22),BENJAMI,Benjamí,2021-22,cup,,,6,2026-06-18T16:06:37.641Z,2026-06-18T16:06:37.641Z
790283f0-78d7-5dec-968f-c528def8f816,BENJAMÍ COPA FEDERACIÓ GRUP 10 (2021-22),BENJAMI,Benjamí,2021-22,cup,,,6,2026-06-18T16:06:37.641Z,2026-06-18T16:06:37.641Z
08204301-53c9-5e79-b8eb-4b97875600e0,BENJAMÍ COPA FEDERACIÓ GRUP 11 (2021-22),BENJAMI,Benjamí,2021-22,cup,,,6,2026-06-18T16:06:37.641Z,2026-06-18T16:06:37.641Z
5f9888c2-166d-5a18-ae59-84c695fb96c5,BENJAMÍ COPA FEDERACIÓ GRUP 2 (2021-22),BENJAMI,Benjamí,2021-22,cup,,,6,2026-06-18T16:06:37.641Z,2026-06-18T16:06:37.641Z
6c7a7ee2-5625-5d12-9891-2033f5af478c,BENJAMÍ COPA FEDERACIÓ GRUP 3 (2021-22),BENJAMI,Benjamí,2021-22,cup,,,5,2026-06-18T16:06:37.641Z,2026-06-18T16:06:37.641Z
41a19b4b-ca14-5dfc-a7f0-b3871c1fd00a,BENJAMÍ COPA FEDERACIÓ GRUP 4 (2021-22),BENJAMI,Benjamí,2021-22,cup,,,6,2026-06-18T16:06:37.641Z,2026-06-18T16:06:37.641Z
993c7c93-698c-54c8-a0be-a63f8bc22936,BENJAMÍ COPA FEDERACIÓ GRUP 5 (2021-22),BENJAMI,Benjamí,2021-22,cup,,,6,2026-06-18T16:06:37.641Z,2026-06-18T16:06:37.641Z
3b1f49a5-d7a6-531a-b67f-4564787c1dc2,BENJAMÍ COPA FEDERACIÓ GRUP 6 (2021-22),BENJAMI,Benjamí,2021-22,cup,,,5,2026-06-18T16:06:37.641Z,2026-06-18T16:06:37.641Z
3c44b356-6dec-5017-a7d5-1229508b426d,BENJAMÍ COPA FEDERACIÓ GRUP 7 (2021-22),BENJAMI,Benjamí,2021-22,cup,,,5,2026-06-18T16:06:37.641Z,2026-06-18T16:06:37.641Z
f973428c-2488-530c-92e0-88f8763e4786,BENJAMÍ COPA FEDERACIÓ GRUP 8 (2021-22),BENJAMI,Benjamí,2021-22,cup,,,6,2026-06-18T16:06:37.641Z,2026-06-18T16:06:37.641Z
78245915-36df-589d-a37a-1d3720181aed,BENJAMÍ COPA FEDERACIÓ GRUP 9 (2021-22),BENJAMI,Benjamí,2021-22,cup,,,6,2026-06-18T16:06:37.641Z,2026-06-18T16:06:37.641Z
20064006-4a01-5546-b4c6-b55ca1213c99,BENJAMI OR (2021-22),BENJAMI,Benjamí,2021-22,league,,,7,2026-06-18T16:06:37.641Z,2026-06-18T16:06:37.641Z
cc001f81-c71e-51b2-a142-6275e0153250,BENJAMÍ OR (2021-22),BENJAMI,Benjamí,2021-22,league,,,11,2026-06-18T16:06:37.641Z,2026-06-18T16:06:37.641Z
62899795-6383-5dd6-9d92-c5de2808f1f2,BENJAMI OR COPES 1C (2021-22),BENJAMI,Benjamí,2021-22,league,,,6,2026-06-18T16:06:37.641Z,2026-06-18T16:06:37.641Z
d686dd1f-203c-505d-91b8-9fdfc685a94a,BENJAMI OR COPES 2C (2021-22),BENJAMI,Benjamí,2021-22,league,,,5,2026-06-18T16:06:37.641Z,2026-06-18T16:06:37.641Z
0f71958f-8f7b-5a6b-9dad-013881cedf59,BENJAMI OR COPES 3C (2021-22),BENJAMI,Benjamí,2021-22,league,,,6,2026-06-18T16:06:37.641Z,2026-06-18T16:06:37.641Z
31d41bf1-5acc-5537-9a07-320bcd92b6fa,BENJAMI OR COPES 4C (2021-22),BENJAMI,Benjamí,2021-22,league,,,6,2026-06-18T16:06:37.641Z,2026-06-18T16:06:37.641Z
2cacabf4-4260-525f-aa62-7aae3dbd011a,BENJAMÍ OR ELIMINATÒRIA 2 (2021-22),BENJAMI,Benjamí,2021-22,cup,,,8,2026-06-18T16:06:37.641Z,2026-06-18T16:06:37.641Z
6b262dad-a7a2-544b-b773-5f5ca284b3e2,BENJAMÍ OR GRUP 1P (2021-22),BENJAMI,Benjamí,2021-22,league,,,6,2026-06-18T16:06:37.641Z,2026-06-18T16:06:37.641Z
92501adc-323a-597e-9400-91a32c90140b,BENJAMÍ OR GRUP 2P (2021-22),BENJAMI,Benjamí,2021-22,league,,,6,2026-06-18T16:06:37.641Z,2026-06-18T16:06:37.641Z
b8df0cf9-1719-5f29-aa54-80fbde5cb6d9,BENJAMÍ OR GRUP 3P (2021-22),BENJAMI,Benjamí,2021-22,league,,,6,2026-06-18T16:06:37.641Z,2026-06-18T16:06:37.641Z
76d33742-91f7-57f6-9e41-fe9489c02909,BENJAMÍ OR GRUP 4P (2021-22),BENJAMI,Benjamí,2021-22,league,,,6,2026-06-18T16:06:37.641Z,2026-06-18T16:06:37.641Z
81f19d04-a9bc-5ca8-9599-83f7249828af,BENJAMI PLATA (2021-22),BENJAMI,Benjamí,2021-22,league,,,8,2026-06-18T16:06:37.641Z,2026-06-18T16:06:37.641Z
91e27e00-c3f2-5b8f-b18a-1ee05cb2f1f4,BENJAMI PLATA 2ª FASE COPES (2021-22),BENJAMI,Benjamí,2021-22,league,,,4,2026-06-18T16:06:37.641Z,2026-06-18T16:06:37.641Z
1a41416b-17e5-58c8-9433-7c8aa1174070,BENJAMÍ PLATA 2ª FASE PREFERENT (2021-22),BENJAMI,Benjamí,2021-22,league,,,4,2026-06-18T16:06:37.641Z,2026-06-18T16:06:37.641Z
fa96d545-b455-5d87-ac0f-9763260a91a6,BENJAMÍ PLATA A (2021-22),BENJAMI,Benjamí,2021-22,league,,,10,2026-06-18T16:06:37.641Z,2026-06-18T16:06:37.641Z
01c0fd6f-0796-5e31-b9d8-442d6c40b739,BENJAMÍ PLATA B (2021-22),BENJAMI,Benjamí,2021-22,league,,,9,2026-06-18T16:06:37.641Z,2026-06-18T16:06:37.641Z
69b58070-e349-58ae-abd2-4602cee55f2d,BENJAMÍ PLATA FASE FINAL GRUP 1 (2021-22),BENJAMI,Benjamí,2021-22,league,,,5,2026-06-18T16:06:37.641Z,2026-06-18T16:06:37.641Z
95e7e349-0506-50cf-a04e-2db02cd97322,BENJAMÍ PLATA FASE FINAL GRUP 2 (2021-22),BENJAMI,Benjamí,2021-22,league,,,5,2026-06-18T16:06:37.641Z,2026-06-18T16:06:37.641Z
d7e1629f-f9dc-567d-ae22-5570752f673d,BENJAMÍ PLATA FASE FINAL GRUP 3 (2021-22),BENJAMI,Benjamí,2021-22,league,,,5,2026-06-18T16:06:37.641Z,2026-06-18T16:06:37.641Z
a5ebf333-2fba-5bfa-bc4a-08f38741a161,BENJAMÍ PLATA FASE FINAL GRUP 4 (2021-22),BENJAMI,Benjamí,2021-22,league,,,5,2026-06-18T16:06:37.641Z,2026-06-18T16:06:37.641Z
46b0081a-c153-5e07-a9f1-451e8b8e0413,CAMPIONAT DE BARCELONA BENJAMÍ (2021-22),CAMPIONAT,Benjamí,2021-22,league,,local,8,2026-06-18T16:06:37.641Z,2026-06-18T16:06:37.641Z
2a96d268-154e-5bc4-8ee3-eac66aa9df45,CAMPIONAT DE CATALUNYA BENJAMÍ (2021-22),CAMPIONAT,Benjamí,2021-22,league,,autonomic,9,2026-06-18T16:06:37.641Z,2026-06-18T16:06:37.641Z
648c6371-b686-5105-ba5b-854d8fc20b3e,CCAT BENJAMÍ FASES FINALS (2021-22),CCAT,Benjamí,2021-22,league,,,0,2026-06-18T16:06:37.641Z,2026-06-18T16:06:37.641Z
9da69ae7-3fa7-558a-90ec-3b95d77fb51c,ELIMINATÒRIA 1 GIRONA BENJAMÍ OR (2021-22),GIRONA,Benjamí,2021-22,cup,,local,8,2026-06-18T16:06:37.641Z,2026-06-18T16:06:37.641Z
d832fd61-54f5-5c7b-b8cc-a318ff92c369,ELIMINATÒRIA 1 GIRONA BENJAMÍ PLATA (2021-22),GIRONA,Benjamí,2021-22,cup,,local,16,2026-06-18T16:06:37.641Z,2026-06-18T16:06:37.641Z
15981af2-429c-5a57-8cf3-e35e59150d85,ELIMINATÒRIA 2 GIRONA BENJAMÍ PLATA (2021-22),GIRONA,Benjamí,2021-22,cup,,local,16,2026-06-18T16:06:37.641Z,2026-06-18T16:06:37.641Z
b0cae941-b29e-5829-a64e-fade563d1f2b,FINAL COPA BARCELONA BENJAMÍ (2021-22),FINAL,Benjamí,2021-22,cup,,local,7,2026-06-18T16:06:37.641Z,2026-06-18T16:06:37.641Z
aa2e67af-28b9-5db7-86c7-002cb1caf771,FINAL COPA FEDERACIÓ BENJAMÍ (2021-22),FINAL,Benjamí,2021-22,cup,,,7,2026-06-18T16:06:37.641Z,2026-06-18T16:06:37.641Z
94050b75-345a-5130-b833-b05acaccc9c8,FINALS BENJAMÍ OR (2021-22),FINALS,Benjamí,2021-22,league,,,0,2026-06-18T16:06:37.641Z,2026-06-18T16:06:37.641Z
24d32a85-3a3c-5d0e-a30c-5ee503b24415,FINALS BENJAMÍ PLATA (2021-22),FINALS,Benjamí,2021-22,league,,,0,2026-06-18T16:06:37.641Z,2026-06-18T16:06:37.641Z
aec3b91d-1375-56f2-9d3d-887016b5b046,LLIGA REGULAR BENJAMI OR (2021-22),LLIGA,Benjamí,2021-22,league,,,7,2026-06-18T16:06:37.641Z,2026-06-18T16:06:37.641Z
dd1f8d89-4e4b-5dee-939a-1158dcd212fc,LLIGA REGULAR BENJAMI PLATA (2021-22),LLIGA,Benjamí,2021-22,league,,,12,2026-06-18T16:06:37.641Z,2026-06-18T16:06:37.641Z
f2dd8338-a6f4-5405-a3d1-fff0a5d5356d,LLIGUETA DEL 9 AL 11 GIRONA BENJAMÍ OR (2021-22),LLIGUETA,Benjamí,2021-22,league,,local,3,2026-06-18T16:06:37.641Z,2026-06-18T16:06:37.641Z
59a46ccc-58ee-56a6-8ccf-bbde981b966a,LLIGUETA DEL 9 AL 11 GIRONA BENJAMÍ PLATA (2021-22),LLIGUETA,Benjamí,2021-22,league,,local,3,2026-06-18T16:06:37.641Z,2026-06-18T16:06:37.641Z
e27a0005-febc-5bf8-80fa-6c1950ea3fea,1ª RONDA PLAYOFF COPES FEM15 (2021-22),RONDA,Fem,2021-22,cup,,,0,2026-06-18T16:06:37.641Z,2026-06-18T16:06:37.641Z
f8c1d9d6-daac-502e-b133-da288287637a,1A RONDA PLAYOFF COPES FEM17 (2021-22),RONDA,Fem,2021-22,cup,,,0,2026-06-18T16:06:37.641Z,2026-06-18T16:06:37.641Z
2540d484-a5d9-56c6-9ba0-f9ebafa54fc7,1ª RONDA PLAYOFF PREFERENT FEM15 (2021-22),RONDA,Fem,2021-22,cup,,,0,2026-06-18T16:06:37.641Z,2026-06-18T16:06:37.641Z
7374c596-f51e-5876-b1ff-01c66d8d0f2e,1A RONDA PLAYOFF PREFERENT FEM17 (2021-22),RONDA,Fem,2021-22,cup,,,0,2026-06-18T16:06:37.641Z,2026-06-18T16:06:37.641Z
c7f38b31-33d7-5b50-946f-bc81746c4086,1CAT FEM (2021-22),FEM,Fem,2021-22,league,,,14,2026-06-18T16:06:37.641Z,2026-06-18T16:06:37.641Z
2f7e4272-fb14-5a02-b2ee-2db2030cbc70,2CAT FEM (2021-22),FEM,Fem,2021-22,league,,,13,2026-06-18T16:06:37.641Z,2026-06-18T16:06:37.641Z
d6ac3d6c-3f4a-56b9-8f71-c366cf8d918e,CAMPIONAT DE CATALUNYA FEM 13 (2021-22),CAMPIONAT,Fem,2021-22,league,,autonomic,8,2026-06-18T16:06:37.641Z,2026-06-18T16:06:37.641Z
f05378e9-0967-5157-a9e3-b01546466ce6,CAMPIONAT DE CATALUNYA FEM 15 (2021-22),CAMPIONAT,Fem,2021-22,league,,autonomic,8,2026-06-18T16:06:37.641Z,2026-06-18T16:06:37.641Z
ea129c32-5bec-58cd-b632-2734fd35d4d8,CAMPIONAT DE CATALUNYA FEM 17 (2021-22),CAMPIONAT,Fem,2021-22,league,,autonomic,8,2026-06-18T16:06:37.641Z,2026-06-18T16:06:37.641Z
064636c4-15c9-5598-a686-7364e20089b6,CCAT FEM 17 FASES FINALS (2021-22),CCAT,Fem,2021-22,league,,,0,2026-06-18T16:06:37.641Z,2026-06-18T16:06:37.641Z
36e1222f-3a9a-5175-af0a-12aa0048e079,CCAT FEM13 FASES FINALS (2021-22),CCAT,Fem,2021-22,league,,,0,2026-06-18T16:06:37.641Z,2026-06-18T16:06:37.641Z
221b1fa1-01b5-5646-9bcf-7a815f89a7b1,CCAT FEM15 FASES FINALS (2021-22),CCAT,Fem,2021-22,league,,,0,2026-06-18T16:06:37.641Z,2026-06-18T16:06:37.641Z
b5841dd8-ca5b-5b3e-8159-dfd0c563f5e7,ELIMINATÒRIES 5È AL 8È CLASSIFICAT NCAT FEM (2021-22),AL,Fem,2021-22,cup,,,4,2026-06-18T16:06:37.641Z,2026-06-18T16:06:37.641Z
55e066b7-64b5-528c-b18b-bf497e4302e6,ELIMINATÒRIES 9È AL 14È CLASSIFICAT NCAT FEM (2021-22),AL,Fem,2021-22,cup,,,6,2026-06-18T16:06:37.641Z,2026-06-18T16:06:37.641Z
802442de-4dda-515b-abcb-e46ffc4f1e04,FEM17 1C (2021-22),,Fem,2021-22,league,,,5,2026-06-18T16:06:37.641Z,2026-06-18T16:06:37.641Z
8846b3dc-de7b-5f29-8eb1-6e03d6010675,FEM17 1P (2021-22),,Fem,2021-22,league,,,6,2026-06-18T16:06:37.641Z,2026-06-18T16:06:37.641Z
1ca87242-26d4-5387-85a2-781c57a721d0,FEM17 2C (2021-22),,Fem,2021-22,league,,,5,2026-06-18T16:06:37.641Z,2026-06-18T16:06:37.641Z
bdde54b9-1959-5372-bf64-1c9b44a3c120,FEM17 2P (2021-22),,Fem,2021-22,league,,,6,2026-06-18T16:06:37.641Z,2026-06-18T16:06:37.641Z
c4eaeec6-9159-55b0-8dc0-45b8203dbb7f,MINIFEM (2021-22),MINIFEM,Fem,2021-22,league,,,10,2026-06-18T16:06:37.641Z,2026-06-18T16:06:37.641Z
d9ce2db5-b8da-5644-9364-0fe69b9aec62,NCAT FEM GRUP 1 (2021-22),NCAT,Fem,2021-22,league,,,8,2026-06-18T16:06:37.641Z,2026-06-18T16:06:37.641Z
a9ccb109-e02f-5e9c-a4b5-b8e0e9be23df,NCAT FEM GRUP 2 (2021-22),NCAT,Fem,2021-22,league,,,8,2026-06-18T16:06:37.641Z,2026-06-18T16:06:37.641Z
e1d39dd3-0f91-5fde-a327-7dcced76f763,NCAT FEM GRUP A (2021-22),NCAT,Fem,2021-22,league,,,8,2026-06-18T16:06:37.641Z,2026-06-18T16:06:37.641Z
1fe7afd5-a74c-56a6-984e-73278c4a5755,NCAT FEM GRUP B (2021-22),NCAT,Fem,2021-22,league,,,8,2026-06-18T16:06:37.641Z,2026-06-18T16:06:37.641Z
1dcd266e-37e0-59b3-907f-63fe82f6e249,PLAYOFF ASCENS NCAT FEM (2021-22),PLAYOFF,Fem,2021-22,cup,,,8,2026-06-18T16:06:37.641Z,2026-06-18T16:06:37.641Z
7640eba0-8358-564b-b3d4-62205533e179,PLAYOFF COPA CATALANA FEM15 (2021-22),PLAYOFF,Fem,2021-22,cup,,autonomic,8,2026-06-18T16:06:37.641Z,2026-06-18T16:06:37.641Z
5cdc1c3b-8b62-5df6-873c-801ce6474976,PLAYOFF COPA CATALANA FEM17 (2021-22),PLAYOFF,Fem,2021-22,cup,,autonomic,0,2026-06-18T16:06:37.641Z,2026-06-18T16:06:37.641Z
3cef4d0e-79e3-55fe-8490-ed477f81509a,PLAYOUT NCAT FEM (2021-22),PLAYOUT,Fem,2021-22,league,,,8,2026-06-18T16:06:37.641Z,2026-06-18T16:06:37.641Z
0fe32f24-e517-5915-8918-0ceb0f57b6c3,PREBENJAMÍ OR - GRUP 1-1 (2021-22),PREBENJAMI,GRUP 1-1,2021-22,league,,,8,2026-06-18T16:06:37.641Z,2026-06-18T16:06:37.641Z
7335e7cc-bb24-5f07-b2fc-1193c2cdc3b0,BENJAMÍ PLATA - GRUP 1 (2021-22),BENJAMI,GRUP 1,2021-22,league,,,6,2026-06-18T16:06:37.641Z,2026-06-18T16:06:37.641Z
dd877d11-5540-5dd2-b31c-f5d20ea0f6a2,PREBENJAMÍ BRONZE - GRUP 1 (2021-22),PREBENJAMI,GRUP 1,2021-22,league,,,5,2026-06-18T16:06:37.641Z,2026-06-18T16:06:37.641Z
1e26170a-8937-5632-b248-e8c47ce831c4,PREBENJAMÍ PLATA - GRUP 1 (2021-22),PREBENJAMI,GRUP 1,2021-22,league,,,5,2026-06-18T16:06:37.641Z,2026-06-18T16:06:37.641Z
2e01a2bf-b51e-56f2-9445-d66c72bde8e5,BENJAMÍ PLATA - GRUP 10 (2021-22),BENJAMI,GRUP 10,2021-22,league,,,6,2026-06-18T16:06:37.641Z,2026-06-18T16:06:37.641Z
3b7809e0-b97a-500c-a909-018a4e62100f,PREBENJAMÍ PLATA - GRUP 10 (2021-22),PREBENJAMI,GRUP 10,2021-22,league,,,5,2026-06-18T16:06:37.641Z,2026-06-18T16:06:37.641Z
b982233c-cec0-5ebe-905c-f4c17daad83e,BENJAMÍ PLATA - GRUP 10CB (2021-22),BENJAMI,GRUP 10CB,2021-22,league,,,4,2026-06-18T16:06:37.641Z,2026-06-18T16:06:37.641Z
c04732b2-cd51-5333-98ae-0ab621a65869,BENJAMÍ PLATA - GRUP 10CF (2021-22),BENJAMI,GRUP 10CF,2021-22,league,,,3,2026-06-18T16:06:37.641Z,2026-06-18T16:06:37.641Z
db009f21-9e6c-5de4-8ffb-1348d7a0f0d2,BENJAMÍ PLATA - GRUP 11 (2021-22),BENJAMI,GRUP 11,2021-22,league,,,6,2026-06-18T16:06:37.641Z,2026-06-18T16:06:37.641Z
d3f738c8-9f5f-53a5-b39a-5c0c65c21d09,PREBENJAMÍ PLATA - GRUP 11 (2021-22),PREBENJAMI,GRUP 11,2021-22,league,,,5,2026-06-18T16:06:37.641Z,2026-06-18T16:06:37.641Z
dce05ca9-d9f6-545c-a82f-b5d60227f5af,BENJAMÍ PLATA - GRUP 11CB (2021-22),BENJAMI,GRUP 11CB,2021-22,league,,,4,2026-06-18T16:06:37.641Z,2026-06-18T16:06:37.641Z
2de2d0d8-135e-5bf2-b0e5-8e9b9366c05d,BENJAMÍ PLATA - GRUP 11CF (2021-22),BENJAMI,GRUP 11CF,2021-22,league,,,4,2026-06-18T16:06:37.641Z,2026-06-18T16:06:37.641Z
c269019c-d5d2-5c68-a557-8a2f155ecef9,BENJAMÍ PLATA - GRUP 12 (2021-22),BENJAMI,GRUP 12,2021-22,league,,,6,2026-06-18T16:06:37.641Z,2026-06-18T16:06:37.641Z
9a447321-2273-5827-af74-3c8737c5e40e,PREBENJAMÍ PLATA - GRUP 12 (2021-22),PREBENJAMI,GRUP 12,2021-22,league,,,6,2026-06-18T16:06:37.641Z,2026-06-18T16:06:37.641Z
fc040d5d-a6a6-52c0-a90c-5d9b135336c2,BENJAMÍ PLATA - GRUP 12CB (2021-22),BENJAMI,GRUP 12CB,2021-22,league,,,4,2026-06-18T16:06:37.641Z,2026-06-18T16:06:37.641Z
47d335c7-7bd1-5b0e-94a4-c681f0dd9ff4,BENJAMÍ PLATA - GRUP 12CF (2021-22),BENJAMI,GRUP 12CF,2021-22,league,,,4,2026-06-18T16:06:37.641Z,2026-06-18T16:06:37.641Z
d236737a-e226-5524-9301-8629d06e3b0a,BENJAMÍ PLATA - GRUP 13 (2021-22),BENJAMI,GRUP 13,2021-22,league,,,6,2026-06-18T16:06:37.641Z,2026-06-18T16:06:37.641Z
5087387c-8fb7-5e15-a98f-08c3743eccf4,PREBENJAMI BRONZE - GRUP 13 (2021-22),PREBENJAMI,GRUP 13,2021-22,league,,,4,2026-06-18T16:06:37.641Z,2026-06-18T16:06:37.641Z
3dd051ee-be93-5f41-baab-4938858eb09e,PREBENJAMÍ PLATA - GRUP 13 (2021-22),PREBENJAMI,GRUP 13,2021-22,league,,,6,2026-06-18T16:06:37.641Z,2026-06-18T16:06:37.641Z
94e57e88-2f3a-5412-b983-5b3b3288b1ea,BENJAMÍ PLATA - GRUP 14 (2021-22),BENJAMI,GRUP 14,2021-22,league,,,5,2026-06-18T16:06:37.641Z,2026-06-18T16:06:37.641Z
a7fc74a1-bedd-5c82-bfac-22f8233be81a,PREBENJAMI BRONZE - GRUP 14 (2021-22),PREBENJAMI,GRUP 14,2021-22,league,,,4,2026-06-18T16:06:37.641Z,2026-06-18T16:06:37.641Z
e56345f0-495b-5288-9600-dfc6e04dab8d,BENJAMÍ PLATA - GRUP 15 (2021-22),BENJAMI,GRUP 15,2021-22,league,,,6,2026-06-18T16:06:37.641Z,2026-06-18T16:06:37.641Z
9fa1bfdc-826f-514f-8fce-26db9a2a8dd3,PREBENJAMI BRONZE - GRUP 15 (2021-22),PREBENJAMI,GRUP 15,2021-22,league,,,4,2026-06-18T16:06:37.641Z,2026-06-18T16:06:37.641Z
a11140b5-fb62-5ee8-9f3c-83fe12430aec,BENJAMÍ PLATA - GRUP 16 (2021-22),BENJAMI,GRUP 16,2021-22,league,,,6,2026-06-18T16:06:37.641Z,2026-06-18T16:06:37.641Z
1f8093d5-4135-5609-a5d1-2db5a04e9576,PREBENJAMI BRONZE - GRUP 16 (2021-22),PREBENJAMI,GRUP 16,2021-22,league,,,4,2026-06-18T16:06:37.641Z,2026-06-18T16:06:37.641Z
45a003cf-d525-5ad0-823e-3816235c2013,PREBENJAMI BRONZE - GRUP 17 (2021-22),PREBENJAMI,GRUP 17,2021-22,league,,,4,2026-06-18T16:06:37.641Z,2026-06-18T16:06:37.641Z
0937b902-f6dc-59f3-b07f-0d2f267f7faa,PREBENJAMI BRONZE - GRUP 18 (2021-22),PREBENJAMI,GRUP 18,2021-22,league,,,4,2026-06-18T16:06:37.641Z,2026-06-18T16:06:37.641Z
607c92de-03e5-5d6d-8bea-7a0a54bd3aba,PREBENJAMI BRONZE - GRUP 19 (2021-22),PREBENJAMI,GRUP 19,2021-22,league,,,4,2026-06-18T16:06:37.641Z,2026-06-18T16:06:37.641Z
b6c52b06-9c8a-563f-93f1-5b38c9c2106d,BENJAMÍ OR - GRUP 1A (2021-22),BENJAMI,GRUP 1A,2021-22,league,,,6,2026-06-18T16:06:37.641Z,2026-06-18T16:06:37.641Z
b8104474-62f7-597d-88d3-0c2e975e254d,PREBENJAMÍ OR - GRUP 1A (2021-22),PREBENJAMI,GRUP 1A,2021-22,league,,,6,2026-06-18T16:06:37.641Z,2026-06-18T16:06:37.641Z
ff944011-0e23-5334-87d4-a752e0b025ae,BENJAMÍ OR - GRUP 1B (2021-22),BENJAMI,GRUP 1B,2021-22,league,,,6,2026-06-18T16:06:37.641Z,2026-06-18T16:06:37.641Z
26497852-ce97-57d4-95b7-9322a8c3b8a9,PREBENJAMÍ OR - GRUP 1B (2021-22),PREBENJAMI,GRUP 1B,2021-22,league,,,5,2026-06-18T16:06:37.641Z,2026-06-18T16:06:37.641Z
955d3cdb-a981-5073-86b6-011c2dde9ab9,BENJAMÍ PLATA - GRUP 1CB (2021-22),BENJAMI,GRUP 1CB,2021-22,league,,,4,2026-06-18T16:06:37.641Z,2026-06-18T16:06:37.641Z
24cf8a93-6fd1-5917-b3c7-9dbd4cf7d198,BENJAMÍ PLATA - GRUP 1CF (2021-22),BENJAMI,GRUP 1CF,2021-22,league,,,4,2026-06-18T16:06:37.641Z,2026-06-18T16:06:37.641Z
c0fed821-b256-5053-8e1f-c96fee7b9f1e,PREBENJAMÍ OR - GRUP 1P (2021-22),PREBENJAMI,GRUP 1P,2021-22,league,,,6,2026-06-18T16:06:37.641Z,2026-06-18T16:06:37.641Z
6417fe28-445d-5e2f-ad9d-e616fb71020a,PREBENJAMÍ OR - GRUP 2-1 (2021-22),PREBENJAMI,GRUP 2-1,2021-22,league,,,4,2026-06-18T16:06:37.641Z,2026-06-18T16:06:37.641Z
fce8ac36-bd41-5dd3-8b0b-c30d1d4caebd,BENJAMÍ PLATA - GRUP 2 (2021-22),BENJAMI,GRUP 2,2021-22,league,,,5,2026-06-18T16:06:37.641Z,2026-06-18T16:06:37.641Z
5df53b52-70d3-5ad2-8058-a3739938bddf,PREBENJAMÍ BRONZE - GRUP 2 (2021-22),PREBENJAMI,GRUP 2,2021-22,league,,,5,2026-06-18T16:06:37.641Z,2026-06-18T16:06:37.641Z
2fd4109f-98a7-5e06-a3de-d650411a8d7a,PREBENJAMÍ PLATA - GRUP 2 (2021-22),PREBENJAMI,GRUP 2,2021-22,league,,,5,2026-06-18T16:06:37.641Z,2026-06-18T16:06:37.641Z
314476aa-4f91-5952-bf45-6345c805657b,PREBENJAMI BRONZE - GRUP 21 (2021-22),PREBENJAMI,GRUP 21,2021-22,league,,,4,2026-06-18T16:06:37.641Z,2026-06-18T16:06:37.641Z
4f82a305-e5f8-5064-ab5f-7319d0c5dee9,PREBENJAMÍ PLATA - GRUP 27 (2021-22),PREBENJAMI,GRUP 27,2021-22,league,,,4,2026-06-18T16:06:37.641Z,2026-06-18T16:06:37.641Z
24df479d-188c-5265-9901-bff1890afda9,PREBENJAMÍ PLATA - GRUP 28 (2021-22),PREBENJAMI,GRUP 28,2021-22,league,,,4,2026-06-18T16:06:37.641Z,2026-06-18T16:06:37.641Z
e572bf3e-b24a-50ad-a117-1fa48931062c,PREBENJAMÍ PLATA - GRUP 29 (2021-22),PREBENJAMI,GRUP 29,2021-22,league,,,4,2026-06-18T16:06:37.641Z,2026-06-18T16:06:37.641Z
404ecd88-022f-59b1-b3a4-3b231407df24,BENJAMÍ OR - GRUP 2A (2021-22),BENJAMI,GRUP 2A,2021-22,league,,,6,2026-06-18T16:06:37.641Z,2026-06-18T16:06:37.641Z
52e8ad91-812c-57ef-91f6-d50a8d6235b5,PREBENJAMÍ OR - GRUP 2A (2021-22),PREBENJAMI,GRUP 2A,2021-22,league,,,6,2026-06-18T16:06:37.641Z,2026-06-18T16:06:37.641Z
663a0748-2d3a-5226-a916-aa212bbaeccf,BENJAMÍ OR - GRUP 2B (2021-22),BENJAMI,GRUP 2B,2021-22,league,,,6,2026-06-18T16:06:37.641Z,2026-06-18T16:06:37.641Z
3dc527b9-099f-5133-87f0-f376c38ad682,PREBENJAMÍ OR - GRUP 2B (2021-22),PREBENJAMI,GRUP 2B,2021-22,league,,,6,2026-06-18T16:06:37.641Z,2026-06-18T16:06:37.641Z
6fc24dc9-2395-557a-bd08-14711c01dc17,BENJAMÍ PLATA - GRUP 2CB (2021-22),BENJAMI,GRUP 2CB,2021-22,league,,,4,2026-06-18T16:06:37.641Z,2026-06-18T16:06:37.641Z
b3cdd06b-4ad4-5f74-98d3-9883993a211a,BENJAMÍ PLATA - GRUP 2CF (2021-22),BENJAMI,GRUP 2CF,2021-22,league,,,4,2026-06-18T16:06:37.641Z,2026-06-18T16:06:37.641Z
52a810f2-9788-54af-a111-61301412af3f,PREBENJAMÍ OR - GRUP 2P (2021-22),PREBENJAMI,GRUP 2P,2021-22,league,,,6,2026-06-18T16:06:37.641Z,2026-06-18T16:06:37.641Z
1275aa6d-bad8-59cc-a870-b43c25617a33,PREBENJAMÍ OR - GRUP 3-1 (2021-22),PREBENJAMI,GRUP 3-1,2021-22,league,,,4,2026-06-18T16:06:37.641Z,2026-06-18T16:06:37.641Z
d21b8a5f-0155-51e5-a343-14ed3e06b341,BENJAMÍ PLATA - GRUP 3 (2021-22),BENJAMI,GRUP 3,2021-22,league,,,6,2026-06-18T16:06:37.641Z,2026-06-18T16:06:37.641Z
0fa072a4-f4ea-5037-ac99-ce7545062759,PREBENJAMÍ BRONZE - GRUP 3 (2021-22),PREBENJAMI,GRUP 3,2021-22,league,,,6,2026-06-18T16:06:37.641Z,2026-06-18T16:06:37.641Z
5a15a932-47f5-574e-a14a-cc079343eb88,PREBENJAMÍ PLATA - GRUP 3 (2021-22),PREBENJAMI,GRUP 3,2021-22,league,,,6,2026-06-18T16:06:37.641Z,2026-06-18T16:06:37.641Z
2db2849f-0bf2-5bca-bcee-1faacbd3cf38,PREBENJAMÍ PLATA - GRUP 30 (2021-22),PREBENJAMI,GRUP 30,2021-22,league,,,4,2026-06-18T16:06:37.641Z,2026-06-18T16:06:37.641Z
a9b9fc49-5392-5f80-8b6e-5b95f351cac1,PREBENJAMÍ PLATA - GRUP 31 (2021-22),PREBENJAMI,GRUP 31,2021-22,league,,,4,2026-06-18T16:06:37.641Z,2026-06-18T16:06:37.641Z
067c9073-d079-5a3c-852e-19bed33cbe6e,PREBENJAMÍ PLATA - GRUP 32 (2021-22),PREBENJAMI,GRUP 32,2021-22,league,,,4,2026-06-18T16:06:37.641Z,2026-06-18T16:06:37.641Z
24042149-6b0b-538d-bcab-62f1d8855df6,PREBENJAMÍ PLATA - GRUP 33 (2021-22),PREBENJAMI,GRUP 33,2021-22,league,,,4,2026-06-18T16:06:37.641Z,2026-06-18T16:06:37.641Z
25464c50-48ac-5b95-b799-56358108884f,PREBENJAMÍ PLATA - GRUP 34 (2021-22),PREBENJAMI,GRUP 34,2021-22,league,,,4,2026-06-18T16:06:37.641Z,2026-06-18T16:06:37.641Z
d63e72f5-3904-5e8b-970f-ca1f4b9ba33b,PREBENJAMÍ PLATA - GRUP 35 (2021-22),PREBENJAMI,GRUP 35,2021-22,league,,,4,2026-06-18T16:06:37.641Z,2026-06-18T16:06:37.641Z
bce48897-542e-55f1-a4c0-b60688000e0d,PREBENJAMÍ PLATA - GRUP 36 (2021-22),PREBENJAMI,GRUP 36,2021-22,league,,,4,2026-06-18T16:06:37.641Z,2026-06-18T16:06:37.641Z
f56c8d73-24b3-58c3-9227-fb186ec8e1cf,PREBENJAMÍ PLATA - GRUP 37 (2021-22),PREBENJAMI,GRUP 37,2021-22,league,,,4,2026-06-18T16:06:37.641Z,2026-06-18T16:06:37.641Z
a3100bab-8020-59fb-b377-783abe058b96,PREBENJAMÍ PLATA - GRUP 38 (2021-22),PREBENJAMI,GRUP 38,2021-22,league,,,4,2026-06-18T16:06:37.641Z,2026-06-18T16:06:37.641Z
91248b00-2ee2-5135-bcee-d09d186ca8c7,PREBENJAMÍ PLATA - GRUP 39 (2021-22),PREBENJAMI,GRUP 39,2021-22,league,,,4,2026-06-18T16:06:37.641Z,2026-06-18T16:06:37.641Z
dbdddfaf-ee84-5dc9-99c4-6d7f02de1212,BENJAMÍ OR - GRUP 3A (2021-22),BENJAMI,GRUP 3A,2021-22,league,,,6,2026-06-18T16:06:37.641Z,2026-06-18T16:06:37.641Z
edd200bf-9bb7-5937-8f0d-d0a0a2948ce6,BENJAMÍ OR - GRUP 3B (2021-22),BENJAMI,GRUP 3B,2021-22,league,,,6,2026-06-18T16:06:37.641Z,2026-06-18T16:06:37.641Z
33a9513a-606c-598b-9496-70b1db311ff0,BENJAMÍ PLATA - GRUP 3CB (2021-22),BENJAMI,GRUP 3CB,2021-22,league,,,4,2026-06-18T16:06:37.641Z,2026-06-18T16:06:37.641Z
5e603daa-46c1-5323-b3f1-6f381c044e41,BENJAMÍ PLATA - GRUP 3CF (2021-22),BENJAMI,GRUP 3CF,2021-22,league,,,4,2026-06-18T16:06:37.641Z,2026-06-18T16:06:37.641Z
12cbdeaf-2574-5724-9513-3bfe674e98c7,PREBENJAMÍ OR - GRUP 3P (2021-22),PREBENJAMI,GRUP 3P,2021-22,league,,,5,2026-06-18T16:06:37.641Z,2026-06-18T16:06:37.641Z
af28b480-5cdb-53a5-8252-64f908e743a4,PREBENJAMÍ OR - GRUP 4-1 (2021-22),PREBENJAMI,GRUP 4-1,2021-22,league,,,7,2026-06-18T16:06:37.641Z,2026-06-18T16:06:37.641Z
507b3a4e-9d75-556b-9588-a820b5008b55,BENJAMÍ PLATA - GRUP 4 (2021-22),BENJAMI,GRUP 4,2021-22,league,,,6,2026-06-18T16:06:37.641Z,2026-06-18T16:06:37.641Z
dd63875c-dcfb-5d87-a361-8b0725cb164d,PREBENJAMÍ BRONZE - GRUP 4 (2021-22),PREBENJAMI,GRUP 4,2021-22,league,,,5,2026-06-18T16:06:37.641Z,2026-06-18T16:06:37.641Z
8940b86a-072d-50e4-bdca-299490186856,PREBENJAMÍ PLATA - GRUP 4 (2021-22),PREBENJAMI,GRUP 4,2021-22,league,,,6,2026-06-18T16:06:37.641Z,2026-06-18T16:06:37.641Z
0b18d56c-fff9-5736-807d-0b01f68286ba,PREBENJAMÍ PLATA - GRUP 40 (2021-22),PREBENJAMI,GRUP 40,2021-22,league,,,4,2026-06-18T16:06:37.641Z,2026-06-18T16:06:37.641Z
53fe128a-b84c-5dd6-9f22-0c2b09da2fff,PREBENJAMÍ PLATA - GRUP 41 (2021-22),PREBENJAMI,GRUP 41,2021-22,league,,,4,2026-06-18T16:06:37.641Z,2026-06-18T16:06:37.641Z
5dddae43-d66e-5d13-adb1-6b9ed04a8b52,PREBENJAMÍ PLATA - GRUP 42 (2021-22),PREBENJAMI,GRUP 42,2021-22,league,,,4,2026-06-18T16:06:37.641Z,2026-06-18T16:06:37.641Z
c8497eb9-0972-53af-b799-a8baec57024c,PREBENJAMÍ PLATA - GRUP 43 (2021-22),PREBENJAMI,GRUP 43,2021-22,league,,,4,2026-06-18T16:06:37.641Z,2026-06-18T16:06:37.641Z
6271e82a-95b6-5374-98dd-a22b0825ed36,PREBENJAMÍ PLATA - GRUP 44 (2021-22),PREBENJAMI,GRUP 44,2021-22,league,,,4,2026-06-18T16:06:37.641Z,2026-06-18T16:06:37.641Z
26e2aaea-8f3b-54a5-94fd-535a48a9a962,PREBENJAMÍ PLATA - GRUP 45 (2021-22),PREBENJAMI,GRUP 45,2021-22,league,,,3,2026-06-18T16:06:37.641Z,2026-06-18T16:06:37.641Z
0f1a52a0-0db1-5325-b110-8b2637815f38,BENJAMÍ OR - GRUP 4A (2021-22),BENJAMI,GRUP 4A,2021-22,league,,,6,2026-06-18T16:06:37.641Z,2026-06-18T16:06:37.641Z
550d969d-d6db-5d37-bce0-82bc1c3d9d79,BENJAMÍ OR - GRUP 4B (2021-22),BENJAMI,GRUP 4B,2021-22,league,,,6,2026-06-18T16:06:37.641Z,2026-06-18T16:06:37.641Z
3c9223a7-5cd9-5be0-a045-2a713e02451a,BENJAMÍ PLATA - GRUP 4CB (2021-22),BENJAMI,GRUP 4CB,2021-22,league,,,4,2026-06-18T16:06:37.641Z,2026-06-18T16:06:37.641Z
509d1a8d-5d35-5a84-b3ee-cb137eebedf1,BENJAMÍ PLATA - GRUP 4CF (2021-22),BENJAMI,GRUP 4CF,2021-22,league,,,4,2026-06-18T16:06:37.641Z,2026-06-18T16:06:37.641Z
8c8526c4-0bb1-5509-80d8-6a505d065b12,PREBENJAMÍ OR - GRUP 4P (2021-22),PREBENJAMI,GRUP 4P,2021-22,league,,,6,2026-06-18T16:06:37.641Z,2026-06-18T16:06:37.641Z
78e1f54d-121e-5f3e-b34f-ab4f24022efb,BENJAMÍ PLATA - GRUP 5 (2021-22),BENJAMI,GRUP 5,2021-22,league,,,5,2026-06-18T16:06:37.641Z,2026-06-18T16:06:37.641Z
565c23f1-f43b-5f64-bdc5-6c7d523733fd,PREBENJAMÍ BRONZE - GRUP 5 (2021-22),PREBENJAMI,GRUP 5,2021-22,league,,,5,2026-06-18T16:06:37.641Z,2026-06-18T16:06:37.641Z
8f042230-f3c2-595a-9597-733bf3a64316,PREBENJAMÍ PLATA - GRUP 5 (2021-22),PREBENJAMI,GRUP 5,2021-22,league,,,6,2026-06-18T16:06:37.641Z,2026-06-18T16:06:37.641Z
1c07afda-e8c6-56a0-af5e-a93f7ab80d0f,BENJAMÍ PLATA - GRUP 5CB (2021-22),BENJAMI,GRUP 5CB,2021-22,league,,,4,2026-06-18T16:06:37.641Z,2026-06-18T16:06:37.641Z
e63c3874-7186-56a6-b893-d496371ef3da,BENJAMÍ PLATA - GRUP 5CF (2021-22),BENJAMI,GRUP 5CF,2021-22,league,,,4,2026-06-18T16:06:37.641Z,2026-06-18T16:06:37.641Z
0bf2ce74-8b2d-5ee4-9cb2-397286379635,BENJAMÍ PLATA - GRUP 6 (2021-22),BENJAMI,GRUP 6,2021-22,league,,,6,2026-06-18T16:06:37.641Z,2026-06-18T16:06:37.641Z
9f5ab3a3-aacf-57a2-8b7a-357018348837,PREBENJAMÍ BRONZE - GRUP 6 (2021-22),PREBENJAMI,GRUP 6,2021-22,league,,,5,2026-06-18T16:06:37.641Z,2026-06-18T16:06:37.641Z
e0a4a2f9-e296-5ba7-8db7-ffb4b3031c95,PREBENJAMÍ PLATA - GRUP 6 (2021-22),PREBENJAMI,GRUP 6,2021-22,league,,,6,2026-06-18T16:06:37.641Z,2026-06-18T16:06:37.641Z
0a63efa1-1229-5167-a360-a582a44f54a7,BENJAMÍ PLATA - GRUP 6CB (2021-22),BENJAMI,GRUP 6CB,2021-22,league,,,4,2026-06-18T16:06:37.641Z,2026-06-18T16:06:37.641Z
2d2b337c-eba8-5db5-b2df-14d14196dd1b,BENJAMÍ PLATA - GRUP 6CF (2021-22),BENJAMI,GRUP 6CF,2021-22,league,,,4,2026-06-18T16:06:37.641Z,2026-06-18T16:06:37.641Z
c061fc80-a987-5de0-aab0-6efcbec9d672,BENJAMÍ PLATA - GRUP 7 (2021-22),BENJAMI,GRUP 7,2021-22,league,,,5,2026-06-18T16:06:37.641Z,2026-06-18T16:06:37.641Z
9fad666a-3440-5d4d-9eb7-69373510279c,PREBENJAMÍ PLATA - GRUP 7 (2021-22),PREBENJAMI,GRUP 7,2021-22,league,,,5,2026-06-18T16:06:37.641Z,2026-06-18T16:06:37.641Z
30c93913-5bfd-59ff-83a8-072a838b72b3,BENJAMÍ PLATA - GRUP 7CB (2021-22),BENJAMI,GRUP 7CB,2021-22,league,,,4,2026-06-18T16:06:37.641Z,2026-06-18T16:06:37.641Z
c81ca7c0-e09a-5d0d-8496-d1cc5b022e24,BENJAMÍ PLATA - GRUP 7CF (2021-22),BENJAMI,GRUP 7CF,2021-22,league,,,3,2026-06-18T16:06:37.641Z,2026-06-18T16:06:37.641Z
44f34f40-4719-5049-a30a-0c7fabfc3e8a,BENJAMÍ PLATA - GRUP 8 (2021-22),BENJAMI,GRUP 8,2021-22,league,,,6,2026-06-18T16:06:37.641Z,2026-06-18T16:06:37.641Z
08b5f8bd-9f8a-5ef2-8ed8-795cd619bff9,PREBENJAMÍ PLATA - GRUP 8 (2021-22),PREBENJAMI,GRUP 8,2021-22,league,,,6,2026-06-18T16:06:37.641Z,2026-06-18T16:06:37.641Z
59546684-97a7-554b-927b-01a30e0bee8e,BENJAMÍ PLATA - GRUP 8CB (2021-22),BENJAMI,GRUP 8CB,2021-22,league,,,4,2026-06-18T16:06:37.641Z,2026-06-18T16:06:37.641Z
44ab20fa-e3c5-5400-b597-59e9c3a6834e,BENJAMÍ PLATA - GRUP 8CF (2021-22),BENJAMI,GRUP 8CF,2021-22,league,,,3,2026-06-18T16:06:37.641Z,2026-06-18T16:06:37.641Z
c9684437-d781-5c43-8d4a-ab028c1cf6b1,BENJAMÍ PLATA - GRUP 9 (2021-22),BENJAMI,GRUP 9,2021-22,league,,,6,2026-06-18T16:06:37.641Z,2026-06-18T16:06:37.641Z
e68c2b54-1fd8-5217-bc3a-ed15938cb453,PREBENJAMÍ PLATA - GRUP 9 (2021-22),PREBENJAMI,GRUP 9,2021-22,league,,,6,2026-06-18T16:06:37.641Z,2026-06-18T16:06:37.641Z
024e45a7-fbd1-5501-ac2e-aaf3d8e79767,BENJAMÍ PLATA - GRUP 9CB (2021-22),BENJAMI,GRUP 9CB,2021-22,league,,,4,2026-06-18T16:06:37.641Z,2026-06-18T16:06:37.641Z
761c7a3a-d423-5523-8a75-82f5552d17ea,BENJAMÍ PLATA - GRUP 9CF (2021-22),BENJAMI,GRUP 9CF,2021-22,league,,,3,2026-06-18T16:06:37.641Z,2026-06-18T16:06:37.641Z
2d75f735-d87b-57c7-9828-0c030b41cf15,CAMPIONAT DE CATALUNYA INFANTIL (2021-22),CAMPIONAT,Infantil,2021-22,league,,autonomic,8,2026-06-18T16:06:37.641Z,2026-06-18T16:06:37.641Z
623cb2cf-33c6-5564-b4a3-1e501aba3a76,CCAT INFANTIL FASES FINALS (2021-22),CCAT,Infantil,2021-22,league,,,0,2026-06-18T16:06:37.641Z,2026-06-18T16:06:37.641Z
2e3471f5-bff2-5563-b320-342cd9b930d5,ELIMINATÒRIES COPA CATALANA INFANTIL (2021-22),COPA,Infantil,2021-22,cup,,autonomic,0,2026-06-18T16:06:37.641Z,2026-06-18T16:06:37.641Z
7d5888bc-fa03-55f8-adad-f34e2af5c5ac,ELIMINATÒRIES COPA FEDERACIÓ INFANTIL (2021-22),COPA,Infantil,2021-22,cup,,,0,2026-06-18T16:06:37.641Z,2026-06-18T16:06:37.641Z
e2c10609-11b0-5407-8f92-4b939fb53c09,INFANTIL COPA CATALANA GRUP 1 (2021-22),INFANTIL,Infantil,2021-22,cup,,autonomic,6,2026-06-18T16:06:37.641Z,2026-06-18T16:06:37.641Z
d87d321b-197a-56c5-a4d0-15e94eecea61,INFANTIL COPA CATALANA GRUP 10 (2021-22),INFANTIL,Infantil,2021-22,cup,,autonomic,6,2026-06-18T16:06:37.641Z,2026-06-18T16:06:37.641Z
57405620-135a-5a69-86f0-36afccc764ae,INFANTIL COPA CATALANA GRUP 11 (2021-22),INFANTIL,Infantil,2021-22,cup,,autonomic,6,2026-06-18T16:06:37.641Z,2026-06-18T16:06:37.641Z
46204539-81f5-5002-9a5b-df2e14095b54,INFANTIL COPA CATALANA GRUP 12 (2021-22),INFANTIL,Infantil,2021-22,cup,,autonomic,5,2026-06-18T16:06:37.641Z,2026-06-18T16:06:37.641Z
1d3bb39d-8667-57af-a6af-0bb8a3fc40c6,INFANTIL COPA CATALANA GRUP 13 (2021-22),INFANTIL,Infantil,2021-22,cup,,autonomic,5,2026-06-18T16:06:37.641Z,2026-06-18T16:06:37.641Z
dce3c6c2-e291-59c8-9d8f-4dd5a5a9039a,INFANTIL COPA CATALANA GRUP 2 (2021-22),INFANTIL,Infantil,2021-22,cup,,autonomic,6,2026-06-18T16:06:37.641Z,2026-06-18T16:06:37.641Z
73038f62-13c5-517f-9f47-162a850fddf4,INFANTIL COPA CATALANA GRUP 3 (2021-22),INFANTIL,Infantil,2021-22,cup,,autonomic,6,2026-06-18T16:06:37.641Z,2026-06-18T16:06:37.641Z
d41d711f-1016-5c1c-b892-c6be5f8a86e5,INFANTIL COPA CATALANA GRUP 4 (2021-22),INFANTIL,Infantil,2021-22,cup,,autonomic,6,2026-06-18T16:06:37.641Z,2026-06-18T16:06:37.641Z
58fce98b-95c5-58e0-aafa-a770db65273b,INFANTIL COPA CATALANA GRUP 5 (2021-22),INFANTIL,Infantil,2021-22,cup,,autonomic,6,2026-06-18T16:06:37.641Z,2026-06-18T16:06:37.641Z
6c096f1f-97a2-557f-b759-0953cac3eeec,INFANTIL COPA CATALANA GRUP 6 (2021-22),INFANTIL,Infantil,2021-22,cup,,autonomic,6,2026-06-18T16:06:37.641Z,2026-06-18T16:06:37.641Z
630313b3-7241-5ec6-bf80-a19a2b1fe9c4,INFANTIL COPA CATALANA GRUP 7 (2021-22),INFANTIL,Infantil,2021-22,cup,,autonomic,5,2026-06-18T16:06:37.641Z,2026-06-18T16:06:37.641Z
d2e7cf88-3807-5bd8-8282-b0459f8acf35,INFANTIL COPA CATALANA GRUP 8 (2021-22),INFANTIL,Infantil,2021-22,cup,,autonomic,6,2026-06-18T16:06:37.641Z,2026-06-18T16:06:37.641Z
7eaeeaa8-0918-5c5b-ae20-b12ee6251ddf,INFANTIL COPA CATALANA GRUP 9 (2021-22),INFANTIL,Infantil,2021-22,cup,,autonomic,5,2026-06-18T16:06:37.641Z,2026-06-18T16:06:37.641Z
5d1c06e2-501e-5ed0-9965-861a2e35f300,INFANTIL COPA FEDERACIÓ GRUP 1 (2021-22),INFANTIL,Infantil,2021-22,cup,,,5,2026-06-18T16:06:37.641Z,2026-06-18T16:06:37.641Z
02f79446-a81c-54d9-afb6-f0e49c4927e8,INFANTIL COPA FEDERACIÓ GRUP 10 (2021-22),INFANTIL,Infantil,2021-22,cup,,,5,2026-06-18T16:06:37.641Z,2026-06-18T16:06:37.641Z
d6e50695-0588-5927-b10a-cd4a43938c2c,INFANTIL COPA FEDERACIÓ GRUP 2 (2021-22),INFANTIL,Infantil,2021-22,cup,,,5,2026-06-18T16:06:37.641Z,2026-06-18T16:06:37.641Z
11c51050-dc8c-5e37-8e02-cb177e252dbe,INFANTIL COPA FEDERACIÓ GRUP 3 (2021-22),INFANTIL,Infantil,2021-22,cup,,,5,2026-06-18T16:06:37.641Z,2026-06-18T16:06:37.641Z
84e26585-af12-5950-9124-fbb776a66f3e,INFANTIL COPA FEDERACIÓ GRUP 4 (2021-22),INFANTIL,Infantil,2021-22,cup,,,5,2026-06-18T16:06:37.641Z,2026-06-18T16:06:37.641Z
0bd67386-2faf-5bee-b3a4-b819c7cd1c8e,INFANTIL COPA FEDERACIÓ GRUP 5 (2021-22),INFANTIL,Infantil,2021-22,cup,,,5,2026-06-18T16:06:37.641Z,2026-06-18T16:06:37.641Z
870175ff-c38f-5a21-adf7-fe26e61c6502,INFANTIL COPA FEDERACIÓ GRUP 6 (2021-22),INFANTIL,Infantil,2021-22,cup,,,4,2026-06-18T16:06:37.641Z,2026-06-18T16:06:37.641Z
312ed1af-b08a-58b5-a615-1e537390e104,INFANTIL COPA FEDERACIÓ GRUP 7 (2021-22),INFANTIL,Infantil,2021-22,cup,,,5,2026-06-18T16:06:37.641Z,2026-06-18T16:06:37.641Z
0b464e48-90db-571f-8228-a9a51a6ee70b,INFANTIL COPA FEDERACIÓ GRUP 8 (2021-22),INFANTIL,Infantil,2021-22,cup,,,6,2026-06-18T16:06:37.641Z,2026-06-18T16:06:37.641Z
4a7c97cc-0231-5dd4-962c-f232aea1d41b,INFANTIL COPA FEDERACIÓ GRUP 9 (2021-22),INFANTIL,Infantil,2021-22,cup,,,6,2026-06-18T16:06:37.641Z,2026-06-18T16:06:37.641Z
f8c74b8c-519d-5e1a-934f-01a294a1af44,INFANTIL OR COPES 1C (2021-22),INFANTIL,Infantil,2021-22,league,,,5,2026-06-18T16:06:37.641Z,2026-06-18T16:06:37.641Z
291f0369-15f6-5c89-90da-ca532b5e5dd6,INFANTIL OR COPES 2C (2021-22),INFANTIL,Infantil,2021-22,league,,,5,2026-06-18T16:06:37.641Z,2026-06-18T16:06:37.641Z
17378676-68e0-5fd9-aa6a-37fabcc780ab,INFANTIL OR COPES 3C (2021-22),INFANTIL,Infantil,2021-22,league,,,5,2026-06-18T16:06:37.641Z,2026-06-18T16:06:37.641Z
27b0408c-1eb0-556b-8da2-8e9cf7b80cb7,INFANTIL OR COPES 4C (2021-22),INFANTIL,Infantil,2021-22,league,,,5,2026-06-18T16:06:37.641Z,2026-06-18T16:06:37.641Z
f13016d9-97bf-5665-9e1a-bef93a51cbe0,INFANTIL OR COPES 5C (2021-22),INFANTIL,Infantil,2021-22,league,,,5,2026-06-18T16:06:37.641Z,2026-06-18T16:06:37.641Z
75bbd519-080b-5ba5-9570-6e83d41e0a61,INFANTIL OR COPES 6C (2021-22),INFANTIL,Infantil,2021-22,league,,,6,2026-06-18T16:06:37.641Z,2026-06-18T16:06:37.641Z
bf135499-3155-5eec-97b9-4bab780872a4,INFANTIL OR PREFERENT 1P (2021-22),INFANTIL,Infantil,2021-22,league,,,6,2026-06-18T16:06:37.641Z,2026-06-18T16:06:37.641Z
2832cd92-485f-5f2b-99d0-23c739786628,INFANTIL OR PREFERENT 2P (2021-22),INFANTIL,Infantil,2021-22,league,,,6,2026-06-18T16:06:37.641Z,2026-06-18T16:06:37.641Z
f3914d35-8c3a-5779-b0fb-df8963dddcb2,INFANTIL OR PREFERENT 3P (2021-22),INFANTIL,Infantil,2021-22,league,,,6,2026-06-18T16:06:37.641Z,2026-06-18T16:06:37.641Z
9392b144-80ce-52fd-9336-5a272d284cec,INFANTIL OR PREFERENT 4P (2021-22),INFANTIL,Infantil,2021-22,league,,,6,2026-06-18T16:06:37.641Z,2026-06-18T16:06:37.641Z
edb7640b-a60c-5cb6-ac09-13cac3f40927,INFANTIL OR PREFERENT 5P (2021-22),INFANTIL,Infantil,2021-22,league,,,6,2026-06-18T16:06:37.641Z,2026-06-18T16:06:37.641Z
b073129f-5dbc-589d-a729-e40675c16174,INFANTIL OR PREFERENT 6P (2021-22),INFANTIL,Infantil,2021-22,league,,,6,2026-06-18T16:06:37.641Z,2026-06-18T16:06:37.641Z
76ebf8ea-1211-5ec6-81e8-df66d9e0d0e1,INFANTIL PREF 13 AL 16 CLASSIFICAT (2021-22),INFANTIL,Infantil,2021-22,league,,,4,2026-06-18T16:06:37.641Z,2026-06-18T16:06:37.641Z
076d50ae-1041-52e5-8d06-205676a509e8,INFANTIL PREF 9E AL 12E CLASSIFICAT (2021-22),INFANTIL,Infantil,2021-22,league,,,4,2026-06-18T16:06:37.641Z,2026-06-18T16:06:37.641Z
c474c867-3f4b-5277-8acb-daaa36d328ea,INFANTIL PREFERENT GRUP P1 (2021-22),INFANTIL,Infantil,2021-22,league,,,4,2026-06-18T16:06:37.641Z,2026-06-18T16:06:37.641Z
4a10ad33-be80-573f-8788-b10519854d4f,INFANTIL PREFERENT GRUP P2 (2021-22),INFANTIL,Infantil,2021-22,league,,,4,2026-06-18T16:06:37.641Z,2026-06-18T16:06:37.641Z
957a5841-a1a6-5c33-ac08-43a87b05bd45,INFANTIL PREFERENT GRUP P3 (2021-22),INFANTIL,Infantil,2021-22,league,,,4,2026-06-18T16:06:37.641Z,2026-06-18T16:06:37.641Z
b683987f-e333-59fc-a92c-38bc2e37f799,INFANTIL PREFERENT GRUP P4 (2021-22),INFANTIL,Infantil,2021-22,league,,,4,2026-06-18T16:06:37.641Z,2026-06-18T16:06:37.641Z
272f5d12-1087-5195-8dce-213f54eafcb8,CAMPIONAT CATALUNYA JÚNIOR (2021-22),CAMPIONAT,Júnior,2021-22,league,,autonomic,8,2026-06-18T16:06:37.641Z,2026-06-18T16:06:37.641Z
648f38ed-45b3-5aee-81f9-b89fcebb9074,CCAT JÚNIOR FASES FINALS (2021-22),CCAT,Júnior,2021-22,league,,,0,2026-06-18T16:06:37.641Z,2026-06-18T16:06:37.641Z
2722dd46-80c2-5e3c-ac48-f3e8246758ae,ELIMINATÒRIES COPA CATALANA JÚNIOR (2021-22),COPA,Júnior,2021-22,cup,,autonomic,0,2026-06-18T16:06:37.641Z,2026-06-18T16:06:37.641Z
a50d32ff-e38f-5a53-81b8-61e2e46baf47,ELIMINATÒRIES COPA FEDERACIÓ JÚNIOR (2021-22),COPA,Júnior,2021-22,cup,,,0,2026-06-18T16:06:37.641Z,2026-06-18T16:06:37.641Z
1713634c-6452-5d78-bfe5-4f2aa0399f86,JÚNIOR COPA CATALANA GRUP 1 (2021-22),JUNIOR,Júnior,2021-22,cup,,autonomic,5,2026-06-18T16:06:37.641Z,2026-06-18T16:06:37.641Z
477f75ba-1fcf-5191-9809-77b7984f7f3a,JÚNIOR COPA CATALANA GRUP 2 (2021-22),JUNIOR,Júnior,2021-22,cup,,autonomic,5,2026-06-18T16:06:37.641Z,2026-06-18T16:06:37.641Z
a76f2f8b-8896-5888-ba9b-3b4d763a726f,JÚNIOR COPA CATALANA GRUP 3 (2021-22),JUNIOR,Júnior,2021-22,cup,,autonomic,5,2026-06-18T16:06:37.641Z,2026-06-18T16:06:37.641Z
60ce2922-ed06-57ab-805a-0415d30ca908,JÚNIOR COPA CATALANA GRUP 4 (2021-22),JUNIOR,Júnior,2021-22,cup,,autonomic,5,2026-06-18T16:06:37.641Z,2026-06-18T16:06:37.641Z
91657ede-206c-5d97-8ab2-ef8dc0ce2336,JÚNIOR COPA CATALANA GRUP 5 (2021-22),JUNIOR,Júnior,2021-22,cup,,autonomic,5,2026-06-18T16:06:37.641Z,2026-06-18T16:06:37.641Z
02e2cdd5-e863-5733-b5b1-af4c509dece3,JÚNIOR COPA CATALANA GRUP 6 (2021-22),JUNIOR,Júnior,2021-22,cup,,autonomic,6,2026-06-18T16:06:37.641Z,2026-06-18T16:06:37.641Z
71c42e31-65a0-5a3b-afc6-1caefd8a4b2c,JÚNIOR COPA CATALANA GRUP 7 (2021-22),JUNIOR,Júnior,2021-22,cup,,autonomic,5,2026-06-18T16:06:37.641Z,2026-06-18T16:06:37.641Z
8a3cc345-a9f9-53fd-869c-7283424afa9a,JÚNIOR COPA CATALANA GRUP 8 (2021-22),JUNIOR,Júnior,2021-22,cup,,autonomic,5,2026-06-18T16:06:37.641Z,2026-06-18T16:06:37.641Z
0b81e088-e10f-5b08-b2c1-4f74026bf197,JÚNIOR COPA FEDERACIÓ GRUP 1 (2021-22),JUNIOR,Júnior,2021-22,cup,,,6,2026-06-18T16:06:37.641Z,2026-06-18T16:06:37.641Z
eaba2a75-45e3-566b-9438-a79735c1cdc4,JÚNIOR COPA FEDERACIÓ GRUP 2 (2021-22),JUNIOR,Júnior,2021-22,cup,,,6,2026-06-18T16:06:37.641Z,2026-06-18T16:06:37.641Z
1503d61b-0628-5fb7-81e2-ecac9639f7e8,JÚNIOR COPA FEDERACIÓ GRUP 3 (2021-22),JUNIOR,Júnior,2021-22,cup,,,5,2026-06-18T16:06:37.641Z,2026-06-18T16:06:37.641Z
6b505d5a-7bff-58ae-be0d-7c9f6be49945,JÚNIOR COPA FEDERACIÓ GRUP 4 (2021-22),JUNIOR,Júnior,2021-22,cup,,,5,2026-06-18T16:06:37.641Z,2026-06-18T16:06:37.641Z
30f1d059-5606-527c-92dd-b47dc72373e7,JÚNIOR COPA FEDERACIÓ GRUP 5 (2021-22),JUNIOR,Júnior,2021-22,cup,,,5,2026-06-18T16:06:37.641Z,2026-06-18T16:06:37.641Z
f4220b9a-3cdf-54d9-8482-e704bf96f0eb,JÚNIOR OR COPES 1C (2021-22),JUNIOR,Júnior,2021-22,league,,,5,2026-06-18T16:06:37.641Z,2026-06-18T16:06:37.641Z
dd436862-a629-5725-9c48-4abadf538532,JÚNIOR OR COPES 2C (2021-22),JUNIOR,Júnior,2021-22,league,,,4,2026-06-18T16:06:37.641Z,2026-06-18T16:06:37.641Z
51d4c094-13fb-5d91-b242-31850a7ec911,JÚNIOR OR COPES 3C (2021-22),JUNIOR,Júnior,2021-22,league,,,4,2026-06-18T16:06:37.641Z,2026-06-18T16:06:37.641Z
7c3e3905-9536-5c53-b326-c20e14066538,JÚNIOR OR COPES 4C (2021-22),JUNIOR,Júnior,2021-22,league,,,5,2026-06-18T16:06:37.641Z,2026-06-18T16:06:37.641Z
7142f4a7-f460-5a3e-b859-b126f3da648f,JÚNIOR OR COPES 5C (2021-22),JUNIOR,Júnior,2021-22,league,,,5,2026-06-18T16:06:37.641Z,2026-06-18T16:06:37.641Z
6c89fd73-5272-5112-95c4-4aed55a3ddac,JÚNIOR OR PREFERENT 1P (2021-22),JUNIOR,Júnior,2021-22,league,,,6,2026-06-18T16:06:37.641Z,2026-06-18T16:06:37.641Z
f584e886-c6e2-580c-8d06-d8f5da16b071,JÚNIOR OR PREFERENT 2P (2021-22),JUNIOR,Júnior,2021-22,league,,,6,2026-06-18T16:06:37.641Z,2026-06-18T16:06:37.641Z
c4a39b7b-46f0-5e18-8584-d8ec2f7a885f,JÚNIOR OR PREFERENT 3P (2021-22),JUNIOR,Júnior,2021-22,league,,,6,2026-06-18T16:06:37.641Z,2026-06-18T16:06:37.641Z
5d721cd8-643b-5a83-8f01-d884998e92b0,JÚNIOR OR PREFERENT 4P (2021-22),JUNIOR,Júnior,2021-22,league,,,6,2026-06-18T16:06:37.641Z,2026-06-18T16:06:37.641Z
15ba3371-ce38-576e-9855-74d76d7a1554,JÚNIOR OR PREFERENT 5P (2021-22),JUNIOR,Júnior,2021-22,league,,,6,2026-06-18T16:06:37.641Z,2026-06-18T16:06:37.641Z
fe3e9211-35ac-5474-a789-ef21913129d9,JÚNIOR PREF 13 AL 16 CLASSIFICAT (2021-22),JUNIOR,Júnior,2021-22,league,,,4,2026-06-18T16:06:37.641Z,2026-06-18T16:06:37.641Z
ecda5ecb-1fc7-5ea9-abfd-92e4614b1614,JÚNIOR PREF 9E AL 12E CLASSIFICAT (2021-22),JUNIOR,Júnior,2021-22,league,,,3,2026-06-18T16:06:37.641Z,2026-06-18T16:06:37.641Z
a6b8b54d-0e62-5977-9cfd-5b83668b2e3f,JÚNIOR PREFERENT GRUP P1 (2021-22),JUNIOR,Júnior,2021-22,league,,,4,2026-06-18T16:06:37.641Z,2026-06-18T16:06:37.641Z
b55d23ce-fe73-51c5-9678-1f2de11abe4b,JÚNIOR PREFERENT GRUP P2 (2021-22),JUNIOR,Júnior,2021-22,league,,,4,2026-06-18T16:06:37.641Z,2026-06-18T16:06:37.641Z
9144cf6a-9ab1-502b-8a5d-5cb773a65933,JÚNIOR PREFERENT GRUP P3 (2021-22),JUNIOR,Júnior,2021-22,league,,,4,2026-06-18T16:06:37.641Z,2026-06-18T16:06:37.641Z
13a502a9-418f-5e66-9b91-6eb14cf4b932,JÚNIOR PREFERENT GRUP P4 (2021-22),JUNIOR,Júnior,2021-22,league,,,4,2026-06-18T16:06:37.641Z,2026-06-18T16:06:37.641Z
eb4def53-1f28-5a2c-a3fa-1e80c19a5c14,CAMPIONAT CATALUNYA JUVENIL (2021-22),CAMPIONAT,Juvenil,2021-22,league,,autonomic,8,2026-06-18T16:06:37.641Z,2026-06-18T16:06:37.641Z
1c021267-3b08-5f8b-a63b-be7ddc40217f,CCAT JUVENIL FASES FINALS (2021-22),CCAT,Juvenil,2021-22,league,,,0,2026-06-18T16:06:37.641Z,2026-06-18T16:06:37.641Z
5ea48c0b-8e67-5110-909e-950fa4a98dac,ELIMINATÒRIES COPA CATALANA JUVENIL (2021-22),COPA,Juvenil,2021-22,cup,,autonomic,0,2026-06-18T16:06:37.641Z,2026-06-18T16:06:37.641Z
df7173ac-f757-5cb7-bcf1-6e855acb66e1,ELIMINATÒRIES COPA FEDERACIÓ JUVENIL (2021-22),COPA,Juvenil,2021-22,cup,,,0,2026-06-18T16:06:37.641Z,2026-06-18T16:06:37.641Z
2867e4ff-49c4-5e55-bef2-809da268e3a5,JUVENIL COPA CATALANA GRUP 1 (2021-22),JUVENIL,Juvenil,2021-22,cup,,autonomic,5,2026-06-18T16:06:37.641Z,2026-06-18T16:06:37.641Z
16c09691-332e-56db-bdb3-3597433ce05b,JUVENIL COPA CATALANA GRUP 10 (2021-22),JUVENIL,Juvenil,2021-22,cup,,autonomic,6,2026-06-18T16:06:37.641Z,2026-06-18T16:06:37.641Z
f7980e60-58a9-58ad-9cd5-7b07f1ae144f,JUVENIL COPA CATALANA GRUP 2 (2021-22),JUVENIL,Juvenil,2021-22,cup,,autonomic,4,2026-06-18T16:06:37.641Z,2026-06-18T16:06:37.641Z
821050bf-b3b8-5062-a9bc-716382dd2a9d,JUVENIL COPA CATALANA GRUP 3 (2021-22),JUVENIL,Juvenil,2021-22,cup,,autonomic,5,2026-06-18T16:06:37.641Z,2026-06-18T16:06:37.641Z
442a569b-9922-5df1-b800-97f0bd40ecc0,JUVENIL COPA CATALANA GRUP 4 (2021-22),JUVENIL,Juvenil,2021-22,cup,,autonomic,6,2026-06-18T16:06:37.641Z,2026-06-18T16:06:37.641Z
baf7408d-2504-5955-94ff-bf04a2e5faa8,JUVENIL COPA CATALANA GRUP 5 (2021-22),JUVENIL,Juvenil,2021-22,cup,,autonomic,5,2026-06-18T16:06:37.641Z,2026-06-18T16:06:37.641Z
b3201078-28d4-5787-a6a3-7c08f50ac824,JUVENIL COPA CATALANA GRUP 6 (2021-22),JUVENIL,Juvenil,2021-22,cup,,autonomic,5,2026-06-18T16:06:37.641Z,2026-06-18T16:06:37.641Z
f0a1c145-ddda-5e7c-b503-04b2c9532c2f,JUVENIL COPA CATALANA GRUP 7 (2021-22),JUVENIL,Juvenil,2021-22,cup,,autonomic,5,2026-06-18T16:06:37.641Z,2026-06-18T16:06:37.641Z
1b1c2a0b-6e5c-5698-afe1-431494f8cd20,JUVENIL COPA CATALANA GRUP 8 (2021-22),JUVENIL,Juvenil,2021-22,cup,,autonomic,6,2026-06-18T16:06:37.641Z,2026-06-18T16:06:37.641Z
64641502-8716-51be-ac81-7b8788531c39,JUVENIL COPA CATALANA GRUP 9 (2021-22),JUVENIL,Juvenil,2021-22,cup,,autonomic,6,2026-06-18T16:06:37.641Z,2026-06-18T16:06:37.641Z
a22fceac-a281-5167-bc74-5e7953820ac7,JUVENIL COPA FEDERACIÓ GRUP 1 (2021-22),JUVENIL,Juvenil,2021-22,cup,,,5,2026-06-18T16:06:37.641Z,2026-06-18T16:06:37.641Z
9fa8c845-62c0-56cf-8a7c-9a4a13b833d9,JUVENIL COPA FEDERACIÓ GRUP 2 (2021-22),JUVENIL,Juvenil,2021-22,cup,,,5,2026-06-18T16:06:37.641Z,2026-06-18T16:06:37.641Z
b47eebfd-4078-55b3-ac8b-c1abc25e5cb2,JUVENIL COPA FEDERACIÓ GRUP 3 (2021-22),JUVENIL,Juvenil,2021-22,cup,,,6,2026-06-18T16:06:37.641Z,2026-06-18T16:06:37.641Z
555e43e3-48c0-5d78-a191-2bf9e005bb6a,JUVENIL COPA FEDERACIÓ GRUP 4 (2021-22),JUVENIL,Juvenil,2021-22,cup,,,6,2026-06-18T16:06:37.641Z,2026-06-18T16:06:37.641Z
94f1f287-d4e7-51f5-9994-31459ecf8648,JUVENIL COPA FEDERACIÓ GRUP 5 (2021-22),JUVENIL,Juvenil,2021-22,cup,,,6,2026-06-18T16:06:37.641Z,2026-06-18T16:06:37.641Z
01715a83-81aa-54ff-a54b-fc7940cb47bd,JUVENIL COPA FEDERACIÓ GRUP 6 (2021-22),JUVENIL,Juvenil,2021-22,cup,,,6,2026-06-18T16:06:37.641Z,2026-06-18T16:06:37.641Z
2aa9c696-6311-5fc6-98fd-cc7f80fe393b,JUVENIL COPA FEDERACIÓ GRUP 7 (2021-22),JUVENIL,Juvenil,2021-22,cup,,,5,2026-06-18T16:06:37.641Z,2026-06-18T16:06:37.641Z
163a1512-fcd4-5f93-b322-f6e0a83412d5,JUVENIL OR COPES 1C (2021-22),JUVENIL,Juvenil,2021-22,league,,,5,2026-06-18T16:06:37.641Z,2026-06-18T16:06:37.641Z
ca974cf1-fbcd-543d-9b0b-5235a3177473,JUVENIL OR COPES 2C (2021-22),JUVENIL,Juvenil,2021-22,league,,,4,2026-06-18T16:06:37.641Z,2026-06-18T16:06:37.641Z
b7e7db48-f74c-5320-9515-0a774228ccb6,JUVENIL OR COPES 3C (2021-22),JUVENIL,Juvenil,2021-22,league,,,5,2026-06-18T16:06:37.641Z,2026-06-18T16:06:37.641Z
e51de6e1-0460-54b6-8d02-317192335ed6,JUVENIL OR COPES 4C (2021-22),JUVENIL,Juvenil,2021-22,league,,,4,2026-06-18T16:06:37.641Z,2026-06-18T16:06:37.641Z
447d4c47-b309-5edf-ba87-b976f80e6f79,JUVENIL OR COPES 5C (2021-22),JUVENIL,Juvenil,2021-22,league,,,4,2026-06-18T16:06:37.641Z,2026-06-18T16:06:37.641Z
fed99240-5d12-55bf-b642-73008a18e76e,JUVENIL OR PREFERENT 1P (2021-22),JUVENIL,Juvenil,2021-22,league,,,6,2026-06-18T16:06:37.641Z,2026-06-18T16:06:37.641Z
e3aeada7-af8c-5147-9c1c-f02908145f87,JUVENIL OR PREFERENT 2P (2021-22),JUVENIL,Juvenil,2021-22,league,,,5,2026-06-18T16:06:37.641Z,2026-06-18T16:06:37.641Z
36fb910e-2579-5bd5-97d2-4677fc035ca4,JUVENIL OR PREFERENT 3P (2021-22),JUVENIL,Juvenil,2021-22,league,,,6,2026-06-18T16:06:37.641Z,2026-06-18T16:06:37.641Z
8495e7fe-30cc-5651-a3d3-2424f5582f84,JUVENIL OR PREFERENT 4P (2021-22),JUVENIL,Juvenil,2021-22,league,,,6,2026-06-18T16:06:37.641Z,2026-06-18T16:06:37.641Z
7a9abcef-09c5-54df-beed-789913faa7d7,JUVENIL OR PREFERENT 5P (2021-22),JUVENIL,Juvenil,2021-22,league,,,6,2026-06-18T16:06:37.641Z,2026-06-18T16:06:37.641Z
bafef189-bbb7-53b8-acdd-aceeee25bc99,JUVENIL PREF 13E AL 16E CLASSIFICAT (2021-22),JUVENIL,Juvenil,2021-22,league,,,4,2026-06-18T16:06:37.641Z,2026-06-18T16:06:37.641Z
f5b88eca-1521-5f73-a5f1-fb6d8a790fcb,JUVENIL PREF 9E AL 12E CLASSIFICAT (2021-22),JUVENIL,Juvenil,2021-22,league,,,4,2026-06-18T16:06:37.641Z,2026-06-18T16:06:37.641Z
3c8f3cc2-6685-528e-9bbd-8c5ffadc77dd,JUVENIL PREFERENT GRUP P1 (2021-22),JUVENIL,Juvenil,2021-22,league,,,4,2026-06-18T16:06:37.641Z,2026-06-18T16:06:37.641Z
1303d519-5511-5343-a8da-5dfbf3dbf40c,JUVENIL PREFERENT GRUP P2 (2021-22),JUVENIL,Juvenil,2021-22,league,,,4,2026-06-18T16:06:37.641Z,2026-06-18T16:06:37.641Z
2a107836-a7f0-5b1b-8537-89b5949c0412,JUVENIL PREFERENT GRUP P3 (2021-22),JUVENIL,Juvenil,2021-22,league,,,4,2026-06-18T16:06:37.641Z,2026-06-18T16:06:37.641Z
59e50452-add3-544e-a57e-696d4e51b580,JUVENIL PREFERENT GRUP P4 (2021-22),JUVENIL,Juvenil,2021-22,league,,,4,2026-06-18T16:06:37.641Z,2026-06-18T16:06:37.641Z
2929a7aa-dcc8-5dae-801b-09f6668f3364,COPA GENERALITAT NACIONAL CATALANA FEMENINA (2021-22),COPA,Nacional Catalana,2021-22,cup,,estatal,0,2026-06-18T16:06:37.641Z,2026-06-18T16:06:37.641Z
4ff4caf6-e514-5fcd-b1dd-4c3646dda43a,COPA GENERALITAT NACIONAL CATALANA MASCULINA (2021-22),COPA,Nacional Catalana,2021-22,cup,,estatal,0,2026-06-18T16:06:37.641Z,2026-06-18T16:06:37.641Z
8cc05e8f-58c3-55d0-92f6-b314e8b73b20,ELIMINATÒRIA 1 GIRONA PREBENJAMÍ OR (2021-22),GIRONA,Prebenjamí,2021-22,cup,,local,0,2026-06-18T16:06:37.641Z,2026-06-18T16:06:37.641Z
5d88dbbf-f4c7-53b9-91ba-d3518546986d,ELIMINATÒRIA 1 GIRONA PREBENJAMÍ PLATA (2021-22),GIRONA,Prebenjamí,2021-22,cup,,local,0,2026-06-18T16:06:37.641Z,2026-06-18T16:06:37.641Z
92efc2e4-65f4-5010-92cd-adbf20e2c1c0,ELIMINATÒRIA 2 GIRONA PREBENJAMÍ OR (2021-22),GIRONA,Prebenjamí,2021-22,cup,,local,8,2026-06-18T16:06:37.641Z,2026-06-18T16:06:37.641Z
9cff9c27-ea1b-5cee-9c94-7fc4baac5a67,ELIMINATÒRIA 2 GIRONA PREBENJAMÍ PLATA (2021-22),GIRONA,Prebenjamí,2021-22,cup,,local,8,2026-06-18T16:06:37.641Z,2026-06-18T16:06:37.641Z
7941a309-1eae-584b-b791-9619dadf216a,FINALS PREBENJAMÍ OR (2021-22),FINALS,Prebenjamí,2021-22,league,,,4,2026-06-18T16:06:37.641Z,2026-06-18T16:06:37.641Z
bc0ecb74-77f5-53e7-9ff4-7a0fe02d9901,FINALS PREBENJAMÍ PLATA (2021-22),FINALS,Prebenjamí,2021-22,league,,,3,2026-06-18T16:06:37.641Z,2026-06-18T16:06:37.641Z
df00c396-aaa4-5cde-b5a3-5f4f8c7eec08,LLIGA REGULAR PREBENJAMI GRUP A (2021-22),LLIGA,Prebenjamí,2021-22,league,,,9,2026-06-18T16:06:37.641Z,2026-06-18T16:06:37.641Z
ea1c01e7-6d2c-5369-a239-c2e679d3ae2a,LLIGA REGULAR PREBENJAMI GRUP B (2021-22),LLIGA,Prebenjamí,2021-22,league,,,8,2026-06-18T16:06:37.641Z,2026-06-18T16:06:37.641Z
ad1df058-ce5f-5326-9457-3d9cc9f1d0ed,LLIGUETA DEL 9 AL 12 GIRONA PREBENJAMÍ PLATA (2021-22),LLIGUETA,Prebenjamí,2021-22,league,,local,3,2026-06-18T16:06:37.641Z,2026-06-18T16:06:37.641Z
18c7bb43-81aa-5c83-9282-aeed5fd4e27c,PREBENJAMÍ BRONZE G10 (2021-22),PREBENJAMI,Prebenjamí,2021-22,league,,,6,2026-06-18T16:06:37.641Z,2026-06-18T16:06:37.641Z
2710f6b0-e70a-5cdf-962b-2dfb046b0fcb,PREBENJAMÍ BRONZE G11 (2021-22),PREBENJAMI,Prebenjamí,2021-22,league,,,6,2026-06-18T16:06:37.641Z,2026-06-18T16:06:37.641Z
ea730d48-c077-501c-837a-7e7718f9c000,PREBENJAMÍ BRONZE G12 (2021-22),PREBENJAMI,Prebenjamí,2021-22,league,,,6,2026-06-18T16:06:37.641Z,2026-06-18T16:06:37.641Z
55903ef2-196c-5bc5-856b-f5cdc4bef729,PREBENJAMÍ BRONZE G7 (2021-22),PREBENJAMI,Prebenjamí,2021-22,league,,,6,2026-06-18T16:06:37.641Z,2026-06-18T16:06:37.641Z
cfb99902-6396-5ec2-af19-662856fdbd1b,PREBENJAMÍ BRONZE G8 (2021-22),PREBENJAMI,Prebenjamí,2021-22,league,,,6,2026-06-18T16:06:37.641Z,2026-06-18T16:06:37.641Z
2b1cd57a-add7-5702-a792-001740a671d2,PREBENJAMÍ BRONZE G9 (2021-22),PREBENJAMI,Prebenjamí,2021-22,league,,,5,2026-06-18T16:06:37.641Z,2026-06-18T16:06:37.641Z
b1150b44-d284-56fb-aa70-fdf70d4c1f98,PREBENJAMI BRONZE GRUP 20 (2021-22),PREBENJAMI,Prebenjamí,2021-22,league,,,3,2026-06-18T16:06:37.641Z,2026-06-18T16:06:37.641Z
6878e95a-865f-5895-bb84-d2e6a8b58f01,PREBENJAMÍ OR (2021-22),PREBENJAMI,Prebenjamí,2021-22,league,,,16,2026-06-18T16:06:37.641Z,2026-06-18T16:06:37.641Z
834c7876-17af-589e-ab76-37dd300f21d4,PREBENJAMI OR 2ª FASE COPES (2021-22),PREBENJAMI,Prebenjamí,2021-22,league,,,4,2026-06-18T16:06:37.641Z,2026-06-18T16:06:37.641Z
74496046-53ee-5f6c-9713-440dbbcf499f,PREBENJAMI OR 2ª FASE PREFERENT (2021-22),PREBENJAMI,Prebenjamí,2021-22,league,,,4,2026-06-18T16:06:37.641Z,2026-06-18T16:06:37.641Z
0a0bee49-d2f4-574d-a7ff-458eab2390ef,PREBENJAMÍ PLATA (2021-22),PREBENJAMI,Prebenjamí,2021-22,league,,,25,2026-06-18T16:06:37.641Z,2026-06-18T16:06:37.641Z
398611c4-0097-5e95-ae7f-a43ed7d6b7ad,PREBENJAMÍ PLATA G14 (2021-22),PREBENJAMI,Prebenjamí,2021-22,league,,,6,2026-06-18T16:06:37.641Z,2026-06-18T16:06:37.641Z
fa144152-757a-598e-a210-d3657390ab9e,PREBENJAMÍ PLATA G15 (2021-22),PREBENJAMI,Prebenjamí,2021-22,league,,,6,2026-06-18T16:06:37.641Z,2026-06-18T16:06:37.641Z
35f63af6-087a-5170-be7e-cc55c082c793,PREBENJAMÍ PLATA G16 (2021-22),PREBENJAMI,Prebenjamí,2021-22,league,,,6,2026-06-18T16:06:37.641Z,2026-06-18T16:06:37.641Z
6356d3e6-6e10-50db-81d0-34d3a8638002,PREBENJAMÍ PLATA G17 (2021-22),PREBENJAMI,Prebenjamí,2021-22,league,,,6,2026-06-18T16:06:37.641Z,2026-06-18T16:06:37.641Z
c6461574-8113-5b46-9bc0-b154082c7826,PREBENJAMÍ PLATA G18 (2021-22),PREBENJAMI,Prebenjamí,2021-22,league,,,5,2026-06-18T16:06:37.641Z,2026-06-18T16:06:37.641Z
3c0d5419-eac4-5542-a803-489c4c717d05,PREBENJAMÍ PLATA G19 (2021-22),PREBENJAMI,Prebenjamí,2021-22,league,,,5,2026-06-18T16:06:37.641Z,2026-06-18T16:06:37.641Z
da6bcbd7-e772-5d15-924e-cc7965d2fdde,PREBENJAMÍ PLATA G20 (2021-22),PREBENJAMI,Prebenjamí,2021-22,league,,,5,2026-06-18T16:06:37.641Z,2026-06-18T16:06:37.641Z
6d061195-dbb0-5488-8faf-83149cb1e0fe,PREBENJAMÍ PLATA G21 (2021-22),PREBENJAMI,Prebenjamí,2021-22,league,,,6,2026-06-18T16:06:37.641Z,2026-06-18T16:06:37.641Z
91467f00-1715-59d2-9b3b-5a60379ce142,PREBENJAMÍ PLATA G22 (2021-22),PREBENJAMI,Prebenjamí,2021-22,league,,,6,2026-06-18T16:06:37.641Z,2026-06-18T16:06:37.641Z
4f1dc569-fba6-5b82-b721-593719a87e8b,PREBENJAMÍ PLATA G23 (2021-22),PREBENJAMI,Prebenjamí,2021-22,league,,,6,2026-06-18T16:06:37.641Z,2026-06-18T16:06:37.641Z
36ef07cc-88ba-5c90-88bc-07b26c3acce8,PREBENJAMÍ PLATA G24 (2021-22),PREBENJAMI,Prebenjamí,2021-22,league,,,6,2026-06-18T16:06:37.641Z,2026-06-18T16:06:37.641Z
d3af2fc5-af57-5523-8a8c-07a1f68512be,PREBENJAMÍ PLATA G25 (2021-22),PREBENJAMI,Prebenjamí,2021-22,league,,,5,2026-06-18T16:06:37.641Z,2026-06-18T16:06:37.641Z
63bb2594-2574-5126-a386-69d0812dc8dd,PREBENJAMÍ PLATA G26 (2021-22),PREBENJAMI,Prebenjamí,2021-22,league,,,6,2026-06-18T16:06:37.641Z,2026-06-18T16:06:37.641Z
b7877614-9461-5d5c-b8ea-1d4c20666100,PREBENJAMI TGN GRUP 1 (2021-22),PREBENJAMI,Prebenjamí,2021-22,league,,,10,2026-06-18T16:06:37.641Z,2026-06-18T16:06:37.641Z
fa20b746-646a-5f2f-887e-b5e5aba6785e,PREBENJAMI TGN GRUP 2 (2021-22),PREBENJAMI,Prebenjamí,2021-22,league,,,9,2026-06-18T16:06:37.641Z,2026-06-18T16:06:37.641Z
42c7bb3a-771d-5ca8-9b12-8ad381fb5814,LCV GRUP A (2021-22),LCV,Veterans,2021-22,league,,,12,2026-06-18T16:06:37.641Z,2026-06-18T16:06:37.641Z
a4a750f9-c3e7-5d41-88c6-e7b368ba4064,LCV GRUP B 1A (2021-22),LCV,Veterans,2021-22,league,,,6,2026-06-18T16:06:37.641Z,2026-06-18T16:06:37.641Z
6023c774-de8a-5e71-80cd-26213df8019b,LCV GRUP B 1B (2021-22),LCV,Veterans,2021-22,league,,,5,2026-06-18T16:06:37.641Z,2026-06-18T16:06:37.641Z
6b2125d8-fa03-5404-b747-1ec12ee166f0,LCV GRUP B 2A (2021-22),LCV,Veterans,2021-22,league,,,6,2026-06-18T16:06:37.641Z,2026-06-18T16:06:37.641Z
0a2d8d29-bb46-5163-ac5b-412a47978e1f,LCV GRUP B 2B (2021-22),LCV,Veterans,2021-22,league,,,5,2026-06-18T16:06:37.641Z,2026-06-18T16:06:37.641Z
76d856ac-e213-558e-bb16-af2d5fe30e17,LCV SEGONA FASE GRUP B1 (2021-22),LCV,Veterans,2021-22,league,,,6,2026-06-18T16:06:37.641Z,2026-06-18T16:06:37.641Z
5182d670-540a-595e-a41f-319e8ba23561,LCV SEGONA FASE GRUP B2 (2021-22),LCV,Veterans,2021-22,league,,,6,2026-06-18T16:06:37.641Z,2026-06-18T16:06:37.641Z
f291f995-32ae-5972-a3a0-8de2364232ee,LCV SEGONA FASE GRUP C1 (2021-22),LCV,Veterans,2021-22,league,,,5,2026-06-18T16:06:37.641Z,2026-06-18T16:06:37.641Z
8f3d6502-e60c-56bf-a0ab-5d4e2e540fdb,LCV SEGONA FASE GRUP C2 (2021-22),LCV,Veterans,2021-22,league,,,5,2026-06-18T16:06:37.641Z,2026-06-18T16:06:37.641Z
6d24ef82-46b9-5742-a21c-ffd23674d18d,PLAYOFF LLIGA CATALANA DE VETERANS (2021-22),PLAYOFF,Veterans,2021-22,cup,,autonomic,0,2026-06-18T16:06:37.641Z,2026-06-18T16:06:37.641Z
b166f04d-bd5f-5baa-bc53-e39100ec54e3,LCV GRUP B 1-1 2ª FASE (2022-23),LCV,1 2ª FASE,2022-23,league,,,0,2026-06-18T16:06:37.909Z,2026-06-18T16:06:37.909Z
ddd9db68-6933-5493-8e48-71edf51dc820,LCV GRUP B 2-1 2ª FASE (2022-23),LCV,1 2ª FASE,2022-23,league,,,0,2026-06-18T16:06:37.909Z,2026-06-18T16:06:37.909Z
8d4bf092-a926-56e0-8bc4-5772eff53038,1CAT GRUP 1-1 2ªFASE (2022-23),GRUP,1 2ªFASE,2022-23,league,,,0,2026-06-18T16:06:37.909Z,2026-06-18T16:06:37.909Z
95e93d5e-8051-504e-a3f0-e13e4426535b,1CAT GRUP 2-1 2ªFASE (2022-23),GRUP,1 2ªFASE,2022-23,league,,,0,2026-06-18T16:06:37.909Z,2026-06-18T16:06:37.909Z
1644e211-32c0-50ef-944b-0375d6877004,2CAT GRUP 1-1 2ªFASE (2022-23),GRUP,1 2ªFASE,2022-23,league,,,0,2026-06-18T16:06:37.909Z,2026-06-18T16:06:37.909Z
b7ec3c0d-2628-5e92-b6d7-666f6ecf3e8d,2CAT GRUP 2-1 2ªFASE (2022-23),GRUP,1 2ªFASE,2022-23,league,,,0,2026-06-18T16:06:37.909Z,2026-06-18T16:06:37.909Z
fc4a4e2e-eaa1-5b8f-8546-5e0d5dcd1410,2CAT GRUP 3-1 2ªFASE (2022-23),GRUP,1 2ªFASE,2022-23,league,,,0,2026-06-18T16:06:37.909Z,2026-06-18T16:06:37.909Z
66b22315-f31e-55d4-8167-35ff20509109,3CAT GRUP 1-1 2ªFASE (2022-23),GRUP,1 2ªFASE,2022-23,league,,,0,2026-06-18T16:06:37.909Z,2026-06-18T16:06:37.909Z
e3f4c67a-42f9-5255-88a5-514f3a2f25b5,3CAT GRUP 2-1 2ªFASE (2022-23),GRUP,1 2ªFASE,2022-23,league,,,0,2026-06-18T16:06:37.909Z,2026-06-18T16:06:37.909Z
811d718c-73e2-5973-918d-4ebb207b1a88,3CAT GRUP 3-1 2ªFASE (2022-23),GRUP,1 2ªFASE,2022-23,league,,,0,2026-06-18T16:06:37.909Z,2026-06-18T16:06:37.909Z
b780c3d8-5c1d-532c-b784-ae870ca0fa77,3CAT GRUP 4-1 2ªFASE (2022-23),GRUP,1 2ªFASE,2022-23,league,,,0,2026-06-18T16:06:37.909Z,2026-06-18T16:06:37.909Z
5138b242-3058-5757-ae7c-20742c0f87a4,ELIMINATÒRIES DASCENS A PRIMERA CATALANA (2022-23),DASCENS,1ª Catalana,2022-23,cup,,autonomic,0,2026-06-18T16:06:37.909Z,2026-06-18T16:06:37.909Z
805a4990-86fa-5908-94ba-4dde225d826a,PRIMERA CATALANA 1A (2022-23),PRIMERA,1ª Catalana,2022-23,league,,autonomic,0,2026-06-18T16:06:37.909Z,2026-06-18T16:06:37.909Z
3d54a6ab-67b7-52ff-ac98-c4b8af542d2b,PRIMERA CATALANA 1B (2022-23),PRIMERA,1ª Catalana,2022-23,league,,autonomic,0,2026-06-18T16:06:37.909Z,2026-06-18T16:06:37.909Z
d2b40c7e-59d5-525f-b231-baefdffff69b,PRIMERA CATALANA 2A (2022-23),PRIMERA,1ª Catalana,2022-23,league,,autonomic,0,2026-06-18T16:06:37.909Z,2026-06-18T16:06:37.909Z
7c9575eb-7335-5126-a04b-34c6e8650f24,PRIMERA CATALANA 2B (2022-23),PRIMERA,1ª Catalana,2022-23,league,,autonomic,0,2026-06-18T16:06:37.909Z,2026-06-18T16:06:37.909Z
f55c3d28-c8db-5c0b-9a0e-41161f95014c,PRIMERA CATALANA FEM A (2022-23),PRIMERA,1ª Catalana,2022-23,league,,autonomic,0,2026-06-18T16:06:37.909Z,2026-06-18T16:06:37.909Z
6e978771-295b-54fb-b6ec-bb878c722f4d,PRIMERA CATALANA FEM B (2022-23),PRIMERA,1ª Catalana,2022-23,league,,autonomic,0,2026-06-18T16:06:37.909Z,2026-06-18T16:06:37.909Z
ec0335d7-d7e2-5144-a634-da8a746cf1d8,LCV GRUP B 1-2 2ª FASE (2022-23),LCV,2 2ª FASE,2022-23,league,,,0,2026-06-18T16:06:37.909Z,2026-06-18T16:06:37.909Z
e21be5a7-3f2f-573a-b867-8fc1c88fbdee,LCV GRUP B 2-2 2ª FASE (2022-23),LCV,2 2ª FASE,2022-23,league,,,0,2026-06-18T16:06:37.909Z,2026-06-18T16:06:37.909Z
531b1b98-387e-5f55-b433-4646e9b0ccff,1CAT GRUP 1-2 2ªFASE (2022-23),GRUP,2 2ªFASE,2022-23,league,,,0,2026-06-18T16:06:37.909Z,2026-06-18T16:06:37.909Z
dd7767c8-d487-5ccb-9501-c283369b33d8,1CAT GRUP 2-2 2ªFASE (2022-23),GRUP,2 2ªFASE,2022-23,league,,,0,2026-06-18T16:06:37.909Z,2026-06-18T16:06:37.909Z
f4c22792-bb49-5c2f-9a1a-44d27b4ca257,2CAT GRUP 1-2 2ªFASE (2022-23),GRUP,2 2ªFASE,2022-23,league,,,0,2026-06-18T16:06:37.909Z,2026-06-18T16:06:37.909Z
c4c84798-bbb8-5577-8901-7de81a6a62fd,2CAT GRUP 2-2 2ªFASE (2022-23),GRUP,2 2ªFASE,2022-23,league,,,0,2026-06-18T16:06:37.909Z,2026-06-18T16:06:37.909Z
a12fe8ea-f421-5cf2-84f8-e0232dbe914d,2CAT GRUP 3-2 2ªFASE (2022-23),GRUP,2 2ªFASE,2022-23,league,,,0,2026-06-18T16:06:37.909Z,2026-06-18T16:06:37.909Z
dde856f6-4e52-562a-81db-3098474d6485,3CAT GRUP 1-2 2ªFASE (2022-23),GRUP,2 2ªFASE,2022-23,league,,,0,2026-06-18T16:06:37.909Z,2026-06-18T16:06:37.909Z
00eb491b-fd4f-5bc0-89f2-51a3ea472028,3CAT GRUP 2-2 2ªFASE (2022-23),GRUP,2 2ªFASE,2022-23,league,,,0,2026-06-18T16:06:37.909Z,2026-06-18T16:06:37.909Z
e5f6716e-61cb-5d61-8f53-5c173c8b0f6a,3CAT GRUP 3-2 2ªFASE (2022-23),GRUP,2 2ªFASE,2022-23,league,,,0,2026-06-18T16:06:37.909Z,2026-06-18T16:06:37.909Z
9ada013f-fcfd-5fd8-8bff-6420b570effe,3CAT GRUP 4-2 2ªFASE (2022-23),GRUP,2 2ªFASE,2022-23,league,,,0,2026-06-18T16:06:37.909Z,2026-06-18T16:06:37.909Z
270c7c52-2dc2-5b9b-b1ab-143501d211e1,ELIMINATÒRIES DASCENS A SEGONA CATALANA (2022-23),DASCENS,2ª Catalana,2022-23,cup,,autonomic,0,2026-06-18T16:06:37.909Z,2026-06-18T16:06:37.909Z
18381b11-f4b2-55ac-a7dc-9e1584024eb1,SEGONA CATALANA 1A (2022-23),SEGONA,2ª Catalana,2022-23,league,,autonomic,0,2026-06-18T16:06:37.909Z,2026-06-18T16:06:37.909Z
72513268-9e75-58c3-a52f-c9f5ecd75bb0,SEGONA CATALANA 1B (2022-23),SEGONA,2ª Catalana,2022-23,league,,autonomic,0,2026-06-18T16:06:37.909Z,2026-06-18T16:06:37.909Z
15f3f810-d32a-5051-965f-27ca51cc00fc,SEGONA CATALANA 2A (2022-23),SEGONA,2ª Catalana,2022-23,league,,autonomic,0,2026-06-18T16:06:37.909Z,2026-06-18T16:06:37.909Z
586da92a-073a-58e9-b05e-6e2457941c6a,SEGONA CATALANA 2B (2022-23),SEGONA,2ª Catalana,2022-23,league,,autonomic,0,2026-06-18T16:06:37.909Z,2026-06-18T16:06:37.909Z
5d4eefaf-5fe6-5a1b-9653-2705c0a9c88b,SEGONA CATALANA 3A (2022-23),SEGONA,2ª Catalana,2022-23,league,,autonomic,0,2026-06-18T16:06:37.909Z,2026-06-18T16:06:37.909Z
53325ee7-4b31-5ca3-8602-006c9952414b,SEGONA CATALANA 3B (2022-23),SEGONA,2ª Catalana,2022-23,league,,autonomic,0,2026-06-18T16:06:37.909Z,2026-06-18T16:06:37.909Z
aa169e61-d06f-594a-9a33-b0b5104915af,TERCERA CATALANA 1A (2022-23),TERCERA,3ª Catalana,2022-23,league,,autonomic,0,2026-06-18T16:06:37.909Z,2026-06-18T16:06:37.909Z
aca0f98f-1c9e-529e-ac81-3f4bdd7763cb,TERCERA CATALANA 1B (2022-23),TERCERA,3ª Catalana,2022-23,league,,autonomic,0,2026-06-18T16:06:37.909Z,2026-06-18T16:06:37.909Z
20b463a0-baef-5a32-b61b-94bce5ced085,TERCERA CATALANA 2A (2022-23),TERCERA,3ª Catalana,2022-23,league,,autonomic,0,2026-06-18T16:06:37.909Z,2026-06-18T16:06:37.909Z
0ded0a8e-251c-5b31-a7e4-57ee493abaae,TERCERA CATALANA 2B (2022-23),TERCERA,3ª Catalana,2022-23,league,,autonomic,0,2026-06-18T16:06:37.909Z,2026-06-18T16:06:37.909Z
bb3b95d7-2f76-5e3b-89ee-c5811e4e9e20,TERCERA CATALANA 3A (2022-23),TERCERA,3ª Catalana,2022-23,league,,autonomic,0,2026-06-18T16:06:37.909Z,2026-06-18T16:06:37.909Z
050721ff-514b-597c-935f-7bad40f0b56d,TERCERA CATALANA 3B (2022-23),TERCERA,3ª Catalana,2022-23,league,,autonomic,0,2026-06-18T16:06:37.909Z,2026-06-18T16:06:37.909Z
39daf584-e635-5ee9-9aee-315c4f2239b3,TERCERA CATALANA 4A (2022-23),TERCERA,3ª Catalana,2022-23,league,,autonomic,0,2026-06-18T16:06:37.909Z,2026-06-18T16:06:37.909Z
86c82d1c-7f22-585e-9b8e-a79565eea1f5,TERCERA CATALANA 4B (2022-23),TERCERA,3ª Catalana,2022-23,league,,autonomic,0,2026-06-18T16:06:37.909Z,2026-06-18T16:06:37.909Z
c47af77e-6a60-56c1-b5bc-3b80645183ee,ALEVI COPA CATALANA GRUP 1 (2022-23),ALEVI,Aleví,2022-23,cup,,autonomic,5,2026-06-18T16:06:37.909Z,2026-06-18T16:06:37.909Z
fcc38255-b21a-5efd-9cd6-ee690274b9af,ALEVI COPA CATALANA GRUP 10 (2022-23),ALEVI,Aleví,2022-23,cup,,autonomic,5,2026-06-18T16:06:37.909Z,2026-06-18T16:06:37.909Z
72d3ad62-f4aa-5036-a368-42d6dfbc547d,ALEVI COPA CATALANA GRUP 11 OR (2022-23),ALEVI,Aleví,2022-23,cup,,autonomic,4,2026-06-18T16:06:37.909Z,2026-06-18T16:06:37.909Z
def36128-39c5-5728-a662-4eff614fed81,ALEVI COPA CATALANA GRUP 12 OR (2022-23),ALEVI,Aleví,2022-23,cup,,autonomic,4,2026-06-18T16:06:37.909Z,2026-06-18T16:06:37.909Z
0d53ddd0-c34a-52f9-8891-184bb49286a4,ALEVI COPA CATALANA GRUP 13 OR (2022-23),ALEVI,Aleví,2022-23,cup,,autonomic,4,2026-06-18T16:06:37.909Z,2026-06-18T16:06:37.909Z
7e51adb1-a271-5b77-9833-ce5c4219e481,ALEVI COPA CATALANA GRUP 14 OR (2022-23),ALEVI,Aleví,2022-23,cup,,autonomic,4,2026-06-18T16:06:37.909Z,2026-06-18T16:06:37.909Z
281b6257-4679-54d6-9c8a-18f2b0b2e430,ALEVI COPA CATALANA GRUP 15 OR (2022-23),ALEVI,Aleví,2022-23,cup,,autonomic,4,2026-06-18T16:06:37.909Z,2026-06-18T16:06:37.909Z
08377129-5476-5b81-9339-b550ec5c7644,ALEVI COPA CATALANA GRUP 16 OR (2022-23),ALEVI,Aleví,2022-23,cup,,autonomic,4,2026-06-18T16:06:37.909Z,2026-06-18T16:06:37.909Z
062ffa20-e551-539a-841f-3faeee8dfd95,ALEVI COPA CATALANA GRUP 17 OR (2022-23),ALEVI,Aleví,2022-23,cup,,autonomic,4,2026-06-18T16:06:37.909Z,2026-06-18T16:06:37.909Z
faa98220-a8a3-5311-8ba1-629a84325752,ALEVI COPA CATALANA GRUP 18 OR (2022-23),ALEVI,Aleví,2022-23,cup,,autonomic,4,2026-06-18T16:06:37.909Z,2026-06-18T16:06:37.909Z
f724cf17-e1ed-5d68-aa48-a5be9f7b6ba3,ALEVI COPA CATALANA GRUP 19 OR (2022-23),ALEVI,Aleví,2022-23,cup,,autonomic,4,2026-06-18T16:06:37.909Z,2026-06-18T16:06:37.909Z
e0368c9f-e433-56f8-a2e4-f5a8a518dd2b,ALEVI COPA CATALANA GRUP 2 (2022-23),ALEVI,Aleví,2022-23,cup,,autonomic,5,2026-06-18T16:06:37.909Z,2026-06-18T16:06:37.909Z
783c06a0-874f-5c78-ac47-467983d9f529,ALEVI COPA CATALANA GRUP 20 OR (2022-23),ALEVI,Aleví,2022-23,cup,,autonomic,4,2026-06-18T16:06:37.909Z,2026-06-18T16:06:37.909Z
a9ae2e82-d266-56e9-807b-b35b5a0dba11,ALEVI COPA CATALANA GRUP 3 (2022-23),ALEVI,Aleví,2022-23,cup,,autonomic,5,2026-06-18T16:06:37.909Z,2026-06-18T16:06:37.909Z
60f7f05e-3298-5946-bce8-de663425f5f7,ALEVI COPA CATALANA GRUP 4 (2022-23),ALEVI,Aleví,2022-23,cup,,autonomic,5,2026-06-18T16:06:37.909Z,2026-06-18T16:06:37.909Z
c8beb3f5-1776-5d31-b256-f9016522e262,ALEVI COPA CATALANA GRUP 5 (2022-23),ALEVI,Aleví,2022-23,cup,,autonomic,6,2026-06-18T16:06:37.909Z,2026-06-18T16:06:37.909Z
109f2708-b6c3-53d7-8be8-3630b4dca1ed,ALEVI COPA CATALANA GRUP 6 (2022-23),ALEVI,Aleví,2022-23,cup,,autonomic,6,2026-06-18T16:06:37.909Z,2026-06-18T16:06:37.909Z
81c44eb8-8417-5419-b301-1efea2ef1793,ALEVI COPA CATALANA GRUP 7 (2022-23),ALEVI,Aleví,2022-23,cup,,autonomic,6,2026-06-18T16:06:37.909Z,2026-06-18T16:06:37.909Z
f44ff9f7-2fdc-50ad-8bf3-51b1557cdf9f,ALEVI COPA CATALANA GRUP 8 (2022-23),ALEVI,Aleví,2022-23,cup,,autonomic,6,2026-06-18T16:06:37.909Z,2026-06-18T16:06:37.909Z
4a194193-0cac-5764-8099-490fed736ff5,ALEVI COPA CATALANA GRUP 9 (2022-23),ALEVI,Aleví,2022-23,cup,,autonomic,6,2026-06-18T16:06:37.909Z,2026-06-18T16:06:37.909Z
d49e9e23-97e2-5400-a911-e110ec09f3eb,ALEVI COPA FEDERACIÓ GRUP 1 (2022-23),ALEVI,Aleví,2022-23,cup,,,6,2026-06-18T16:06:37.909Z,2026-06-18T16:06:37.909Z
6d571153-5111-5079-bf28-1383aa6d7e6d,ALEVI COPA FEDERACIÓ GRUP 10 (2022-23),ALEVI,Aleví,2022-23,cup,,,5,2026-06-18T16:06:37.909Z,2026-06-18T16:06:37.909Z
bcfb1e90-28fb-5414-92b9-b5a4f250f8cc,ALEVI COPA FEDERACIÓ GRUP 2 (2022-23),ALEVI,Aleví,2022-23,cup,,,6,2026-06-18T16:06:37.909Z,2026-06-18T16:06:37.909Z
e3a61cba-d225-5279-bc62-77bfaff98880,ALEVI COPA FEDERACIÓ GRUP 3 (2022-23),ALEVI,Aleví,2022-23,cup,,,6,2026-06-18T16:06:37.909Z,2026-06-18T16:06:37.909Z
bdf6b03e-f52e-5a27-a8dc-c988891d2d4e,ALEVI COPA FEDERACIÓ GRUP 4 (2022-23),ALEVI,Aleví,2022-23,cup,,,6,2026-06-18T16:06:37.909Z,2026-06-18T16:06:37.909Z
ae4181b7-d3ae-51c3-a11a-89888023975e,ALEVI COPA FEDERACIÓ GRUP 5 (2022-23),ALEVI,Aleví,2022-23,cup,,,5,2026-06-18T16:06:37.909Z,2026-06-18T16:06:37.909Z
2ef27a41-5fb8-5606-af7a-ce7642aad204,ALEVI COPA FEDERACIÓ GRUP 6 (2022-23),ALEVI,Aleví,2022-23,cup,,,5,2026-06-18T16:06:37.909Z,2026-06-18T16:06:37.909Z
1a69c657-cead-59c5-9a1f-81c04e484f07,ALEVI COPA FEDERACIÓ GRUP 7 (2022-23),ALEVI,Aleví,2022-23,cup,,,5,2026-06-18T16:06:37.909Z,2026-06-18T16:06:37.909Z
c7adf808-e667-55b2-ad1e-eee7132eaf30,ALEVI COPA FEDERACIÓ GRUP 8 (2022-23),ALEVI,Aleví,2022-23,cup,,,6,2026-06-18T16:06:37.909Z,2026-06-18T16:06:37.909Z
d9efe775-9930-5aae-85b9-66b567cb2d71,ALEVI COPA FEDERACIÓ GRUP 9 (2022-23),ALEVI,Aleví,2022-23,cup,,,6,2026-06-18T16:06:37.909Z,2026-06-18T16:06:37.909Z
9d7b230e-5026-5094-9e67-3e276e2d99df,ALEVÍ OR 1A (2022-23),ALEVI,Aleví,2022-23,league,,,0,2026-06-18T16:06:37.909Z,2026-06-18T16:06:37.909Z
884ec7f8-c19f-5e15-b0ac-46ed94440037,ALEVÍ OR 1B (2022-23),ALEVI,Aleví,2022-23,league,,,0,2026-06-18T16:06:37.909Z,2026-06-18T16:06:37.909Z
6c46d5ed-9f90-55aa-86c6-86fd893e5b97,ALEVÍ OR 2A (2022-23),ALEVI,Aleví,2022-23,league,,,0,2026-06-18T16:06:37.909Z,2026-06-18T16:06:37.909Z
29c428f3-05f7-5d84-a9ba-c6ef05ac5138,ALEVÍ OR 2B (2022-23),ALEVI,Aleví,2022-23,league,,,0,2026-06-18T16:06:37.909Z,2026-06-18T16:06:37.909Z
74ed58e8-bead-584b-bc3f-71bf242b59b2,ALEVÍ OR 3A (2022-23),ALEVI,Aleví,2022-23,league,,,0,2026-06-18T16:06:37.909Z,2026-06-18T16:06:37.909Z
138696d6-95b6-575a-a5cf-c050506013bd,ALEVÍ OR 3B (2022-23),ALEVI,Aleví,2022-23,league,,,0,2026-06-18T16:06:37.909Z,2026-06-18T16:06:37.909Z
ea31b415-e32b-5fc7-83b0-f64b2b9fcecd,ALEVÍ OR 4A (2022-23),ALEVI,Aleví,2022-23,league,,,0,2026-06-18T16:06:37.909Z,2026-06-18T16:06:37.909Z
da0e5c15-9d31-5dd4-8ca8-8e1abb69dfcd,ALEVÍ OR 4B (2022-23),ALEVI,Aleví,2022-23,league,,,0,2026-06-18T16:06:37.909Z,2026-06-18T16:06:37.909Z
23051863-59fd-5dd3-8da9-7b3431aad7f6,ALEVÍ OR 5A (2022-23),ALEVI,Aleví,2022-23,league,,,0,2026-06-18T16:06:37.909Z,2026-06-18T16:06:37.909Z
cdbf2c5b-afca-551b-91ce-2f4562e70f82,ALEVÍ OR 5B (2022-23),ALEVI,Aleví,2022-23,league,,,0,2026-06-18T16:06:37.909Z,2026-06-18T16:06:37.909Z
226ea020-14b2-5f99-b07d-dcdf118f7ff7,ALEVÍ OR 6A (2022-23),ALEVI,Aleví,2022-23,league,,,0,2026-06-18T16:06:37.909Z,2026-06-18T16:06:37.909Z
82449732-e823-5f20-8891-18d3658a9172,ALEVÍ OR 6B (2022-23),ALEVI,Aleví,2022-23,league,,,0,2026-06-18T16:06:37.909Z,2026-06-18T16:06:37.909Z
dc43524d-af93-54fa-827f-ebc27e84498a,ALEVÍ OR 7A (2022-23),ALEVI,Aleví,2022-23,league,,,0,2026-06-18T16:06:37.909Z,2026-06-18T16:06:37.909Z
ff942c96-200c-5071-bbe2-b32781ea3752,ALEVÍ OR 7B (2022-23),ALEVI,Aleví,2022-23,league,,,0,2026-06-18T16:06:37.909Z,2026-06-18T16:06:37.909Z
8cb9f3d3-1d37-5593-be09-6124c7da148e,ALEVÍ OR COPES 1C (2022-23),ALEVI,Aleví,2022-23,league,,,6,2026-06-18T16:06:37.909Z,2026-06-18T16:06:37.909Z
fd3bd614-80f7-53ea-9d60-328330f1ae23,ALEVÍ OR COPES 2C (2022-23),ALEVI,Aleví,2022-23,league,,,5,2026-06-18T16:06:37.909Z,2026-06-18T16:06:37.909Z
d9f662c7-47b2-555d-beac-28ee7762fb35,ALEVÍ OR COPES 3C (2022-23),ALEVI,Aleví,2022-23,league,,,5,2026-06-18T16:06:37.909Z,2026-06-18T16:06:37.909Z
c9df62b5-1a21-5933-a9e4-021875e2cf20,ALEVÍ OR COPES 4C (2022-23),ALEVI,Aleví,2022-23,league,,,5,2026-06-18T16:06:37.909Z,2026-06-18T16:06:37.909Z
d2d950e5-75fc-5648-83d2-679789f3f190,ALEVÍ OR COPES 5C (2022-23),ALEVI,Aleví,2022-23,league,,,5,2026-06-18T16:06:37.909Z,2026-06-18T16:06:37.909Z
7a91495f-cb90-5838-b0b9-916ec354202d,ALEVÍ OR COPES 6C (2022-23),ALEVI,Aleví,2022-23,league,,,5,2026-06-18T16:06:37.909Z,2026-06-18T16:06:37.909Z
089fecc6-1305-549e-8c67-5a120f8f445c,ALEVÍ OR COPES 7C (2022-23),ALEVI,Aleví,2022-23,league,,,4,2026-06-18T16:06:37.909Z,2026-06-18T16:06:37.909Z
3c519d8c-3ad8-58bc-afe6-bc7bf7d1fe90,ALEVÍ OR PREFERENT 1P (2022-23),ALEVI,Aleví,2022-23,league,,,6,2026-06-18T16:06:37.909Z,2026-06-18T16:06:37.909Z
79f89e6e-9225-556a-bf26-61dc545ea6fa,ALEVÍ OR PREFERENT 2P (2022-23),ALEVI,Aleví,2022-23,league,,,6,2026-06-18T16:06:37.909Z,2026-06-18T16:06:37.909Z
dc738c06-e365-53ff-8146-0e8c6b37fc57,ALEVÍ OR PREFERENT 3P (2022-23),ALEVI,Aleví,2022-23,league,,,6,2026-06-18T16:06:37.909Z,2026-06-18T16:06:37.909Z
739a69c4-a905-5711-85a8-e104c7776bfb,ALEVÍ OR PREFERENT 4P (2022-23),ALEVI,Aleví,2022-23,league,,,6,2026-06-18T16:06:37.909Z,2026-06-18T16:06:37.909Z
8def43a3-c8c7-552c-ad28-dd8bbbcd233c,ALEVÍ OR PREFERENT 5P (2022-23),ALEVI,Aleví,2022-23,league,,,6,2026-06-18T16:06:37.909Z,2026-06-18T16:06:37.909Z
df055fd6-2e00-55de-93b2-6c317d75b72e,ALEVÍ OR PREFERENT 6P (2022-23),ALEVI,Aleví,2022-23,league,,,6,2026-06-18T16:06:37.909Z,2026-06-18T16:06:37.909Z
e77ed45d-8034-5f69-8f74-d17b247c3437,ALEVÍ OR PREFERENT 7P (2022-23),ALEVI,Aleví,2022-23,league,,,6,2026-06-18T16:06:37.909Z,2026-06-18T16:06:37.909Z
928b93bd-9718-528a-bb46-f06ec959dc98,ALEVÍ PLATA 1 (2022-23),ALEVI,Aleví,2022-23,league,,,0,2026-06-18T16:06:37.909Z,2026-06-18T16:06:37.909Z
c75c1735-fe1d-5448-bcd2-894290a3007f,ALEVÍ PLATA 10 (2022-23),ALEVI,Aleví,2022-23,league,,,0,2026-06-18T16:06:37.909Z,2026-06-18T16:06:37.909Z
00509f13-25b3-5211-bc3c-5975c1821a1e,ALEVÍ PLATA 11 (2022-23),ALEVI,Aleví,2022-23,league,,,0,2026-06-18T16:06:37.909Z,2026-06-18T16:06:37.909Z
2d267c37-e46e-5aaa-9eef-6733aeb0723d,ALEVÍ PLATA 12 (2022-23),ALEVI,Aleví,2022-23,league,,,0,2026-06-18T16:06:37.909Z,2026-06-18T16:06:37.909Z
a07dbade-0d20-58f6-bb08-c568f50665b3,ALEVÍ PLATA 13 (2022-23),ALEVI,Aleví,2022-23,league,,,0,2026-06-18T16:06:37.909Z,2026-06-18T16:06:37.909Z
5d2e8492-3b52-5024-a22c-99062a6939e0,ALEVÍ PLATA 14 (2022-23),ALEVI,Aleví,2022-23,league,,,0,2026-06-18T16:06:37.909Z,2026-06-18T16:06:37.909Z
9bd215d8-60b0-5aff-8e29-df6a5ebb157c,ALEVÍ PLATA 15 (2022-23),ALEVI,Aleví,2022-23,league,,,0,2026-06-18T16:06:37.909Z,2026-06-18T16:06:37.909Z
e216ceab-3ff2-53f5-860c-e26d5ba8370a,ALEVÍ PLATA 2 (2022-23),ALEVI,Aleví,2022-23,league,,,0,2026-06-18T16:06:37.909Z,2026-06-18T16:06:37.909Z
f4c67c79-68df-5218-b76f-c296a944d752,ALEVÍ PLATA 3 (2022-23),ALEVI,Aleví,2022-23,league,,,0,2026-06-18T16:06:37.909Z,2026-06-18T16:06:37.909Z
35b2d5e7-83ad-5220-9a21-a4c1dc6cbc66,ALEVÍ PLATA 4 (2022-23),ALEVI,Aleví,2022-23,league,,,0,2026-06-18T16:06:37.909Z,2026-06-18T16:06:37.909Z
648bdb52-1651-506b-aa31-5992300ad815,ALEVÍ PLATA 5 (2022-23),ALEVI,Aleví,2022-23,league,,,0,2026-06-18T16:06:37.909Z,2026-06-18T16:06:37.909Z
6c6bb434-3360-5c9b-9240-b9b98d88c07d,ALEVÍ PLATA 6 (2022-23),ALEVI,Aleví,2022-23,league,,,0,2026-06-18T16:06:37.909Z,2026-06-18T16:06:37.909Z
c6bb3dd7-e7e5-57fc-aa0f-f082ce4df28c,ALEVÍ PLATA 7 (2022-23),ALEVI,Aleví,2022-23,league,,,0,2026-06-18T16:06:37.909Z,2026-06-18T16:06:37.909Z
394a335b-9b8e-5312-be0f-af04004d8a76,ALEVÍ PLATA 8 (2022-23),ALEVI,Aleví,2022-23,league,,,0,2026-06-18T16:06:37.909Z,2026-06-18T16:06:37.909Z
5267cff8-042c-522b-90bf-320a97a0e813,ALEVÍ PLATA 9 (2022-23),ALEVI,Aleví,2022-23,league,,,0,2026-06-18T16:06:37.909Z,2026-06-18T16:06:37.909Z
762f8daf-9fcf-557e-82ef-ffa3fa86899d,ALEVÍ PREF 13E AL 16E CLASSIFICAT (2022-23),ALEVI,Aleví,2022-23,league,,,4,2026-06-18T16:06:37.909Z,2026-06-18T16:06:37.909Z
0e2abb44-2058-5639-8edf-77fbb7cef482,ALEVÍ PREF 9E AL 12E CLASSIFICAT (2022-23),ALEVI,Aleví,2022-23,league,,,4,2026-06-18T16:06:37.909Z,2026-06-18T16:06:37.909Z
5e1cfff6-7487-518b-a2b3-896299211f87,ALEVÍ PREFERENT GRUP P1 (2022-23),ALEVI,Aleví,2022-23,league,,,0,2026-06-18T16:06:37.909Z,2026-06-18T16:06:37.909Z
7b204c68-5dd8-537e-928f-e98e09982db5,ALEVÍ PREFERENT GRUP P2 (2022-23),ALEVI,Aleví,2022-23,league,,,0,2026-06-18T16:06:37.909Z,2026-06-18T16:06:37.909Z
a10577c9-3e3f-5427-9c97-32029689fbab,ALEVÍ PREFERENT GRUP P3 (2022-23),ALEVI,Aleví,2022-23,league,,,0,2026-06-18T16:06:37.909Z,2026-06-18T16:06:37.909Z
68d2199c-1e0c-5fb9-89aa-c354178ac3f1,ALEVÍ PREFERENT GRUP P4 (2022-23),ALEVI,Aleví,2022-23,league,,,0,2026-06-18T16:06:37.909Z,2026-06-18T16:06:37.909Z
a31dd1db-d41c-5855-89b1-8225d589864b,ALEVÍ RANKING GRUP 1 (2022-23),ALEVI,Aleví,2022-23,league,,,0,2026-06-18T16:06:37.909Z,2026-06-18T16:06:37.909Z
19f3e770-bdb2-519c-9e16-c471b3ccd6fd,ALEVÍ RANKING GRUP 2 (2022-23),ALEVI,Aleví,2022-23,league,,,0,2026-06-18T16:06:37.909Z,2026-06-18T16:06:37.909Z
fa3d9f69-e8c7-592c-bf6c-666614b2455a,ALEVÍ RANKING GRUP 3 (2022-23),ALEVI,Aleví,2022-23,league,,,0,2026-06-18T16:06:37.909Z,2026-06-18T16:06:37.909Z
6f209158-f99c-54a5-b7c8-8ddbce448a1f,ALEVÍ RANKING GRUP 4 (2022-23),ALEVI,Aleví,2022-23,league,,,0,2026-06-18T16:06:37.909Z,2026-06-18T16:06:37.909Z
7e5ca025-32d8-56d1-93e2-069a2ab3086f,CAMPIONATS DE CATALUNYA ALEVÍ (2022-23),CAMPIONATS,Aleví,2022-23,league,,autonomic,0,2026-06-18T16:06:37.909Z,2026-06-18T16:06:37.909Z
991f74b5-e44c-5904-9f91-c007ee26b3c0,CCAT ALEVÍ FASES FINALS (2022-23),CCAT,Aleví,2022-23,league,,,0,2026-06-18T16:06:37.909Z,2026-06-18T16:06:37.909Z
f95053f8-256c-50b3-ad0f-710c50403938,ELIMINATÒRIES COPA CATALANA ALEVÍ (2022-23),COPA,Aleví,2022-23,cup,,autonomic,0,2026-06-18T16:06:37.909Z,2026-06-18T16:06:37.909Z
83d1205d-adec-51e3-8a6c-32a5f7ed8e9f,ELIMINATÒRIES COPA CATALANA ALEVÍ OR (2022-23),COPA,Aleví,2022-23,cup,,autonomic,0,2026-06-18T16:06:37.909Z,2026-06-18T16:06:37.909Z
b28ddebb-e378-52a1-9b52-474a88722b5f,ELIMINATÒRIES COPA CATALANA ALEVÍ PLATA (2022-23),COPA,Aleví,2022-23,cup,,autonomic,0,2026-06-18T16:06:37.909Z,2026-06-18T16:06:37.909Z
b5bac4e9-5e69-55a9-8b07-e96b0c1ad322,ELIMINATÒRIES COPA FEDERACIÓ ALEVÍ (2022-23),COPA,Aleví,2022-23,cup,,,0,2026-06-18T16:06:37.909Z,2026-06-18T16:06:37.909Z
b299a815-3c10-57fe-9e84-4a1696a02f96,FASES FINALS COPA CATALANA ALEVÍ (2022-23),FASES,Aleví,2022-23,cup,,autonomic,0,2026-06-18T16:06:37.909Z,2026-06-18T16:06:37.909Z
f2b32421-446b-5ceb-ba46-f460e9dff997,FASES FINALS COPA FEDERACIÓ ALEVÍ (2022-23),FASES,Aleví,2022-23,cup,,,0,2026-06-18T16:06:37.909Z,2026-06-18T16:06:37.909Z
44e246b0-fe62-5508-8b7c-daffe58e5eea,BJN TGN GRUP A (2022-23),BJN,Altres,2022-23,league,,,0,2026-06-18T16:06:37.909Z,2026-06-18T16:06:37.909Z
25ebcdcf-b1e6-56d6-9ad0-de03457760ef,BJN TGN GRUP B (2022-23),BJN,Altres,2022-23,league,,,0,2026-06-18T16:06:37.909Z,2026-06-18T16:06:37.909Z
1c485980-2e69-5695-a60c-4273cceaca63,ELIMINATÒRIA 9È I 10È CLASSIFICAT NCAT (2022-23),NCAT,Altres,2022-23,cup,,,0,2026-06-18T16:06:37.909Z,2026-06-18T16:06:37.909Z
1055fdbd-757f-5647-bfe8-d0cd4a12a35e,ELIMINATÒRIES 5È AL 8È CLASSIFICAT NCAT (2022-23),AL,Altres,2022-23,cup,,,0,2026-06-18T16:06:37.909Z,2026-06-18T16:06:37.909Z
e1b60087-2241-5b6c-8282-7c99b2f32f77,FASE DE REPESCA NCAT MASCULINA (2022-23),FASE,Altres,2022-23,league,,,0,2026-06-18T16:06:37.909Z,2026-06-18T16:06:37.909Z
5a4c5f72-cbbf-505b-89d3-244c0f82a363,FASES FINALS FRIT RAVICH LLIGA CATALANA (2022-23),FASES,Altres,2022-23,league,,autonomic,0,2026-06-18T16:06:37.909Z,2026-06-18T16:06:37.909Z
7f336496-ab5e-5e0f-8230-809f54075b08,Grup únic (2022-23),GRUP,Altres,2022-23,league,,,0,2026-06-18T16:06:37.909Z,2026-06-18T16:06:37.909Z
5dd85844-1aec-5232-a052-be4432f6e591,LLIGA CATALANA GRUP 1 (2022-23),LLIGA,Altres,2022-23,league,,autonomic,3,2026-06-18T16:06:37.909Z,2026-06-18T16:06:37.909Z
d1c3cd1d-033f-502b-9655-ade60d5ba8f4,LLIGA CATALANA GRUP 2 (2022-23),LLIGA,Altres,2022-23,league,,autonomic,3,2026-06-18T16:06:37.909Z,2026-06-18T16:06:37.909Z
1c012b85-3ab0-59ee-b7c0-c123858e415d,LLIGA CATALANA GRUP 3 (2022-23),LLIGA,Altres,2022-23,league,,autonomic,3,2026-06-18T16:06:37.909Z,2026-06-18T16:06:37.909Z
b3323957-0b19-54c9-aad6-8e0d1ccae675,LLIGA CATALANA GRUP 4 (2022-23),LLIGA,Altres,2022-23,league,,autonomic,2,2026-06-18T16:06:37.909Z,2026-06-18T16:06:37.909Z
eba7fdd2-40d7-5082-9cc0-7da6c8afd628,NCAT MASCULINA 2ª FASE GRUP 1 (2022-23),NCAT,Altres,2022-23,league,,,7,2026-06-18T16:06:37.909Z,2026-06-18T16:06:37.909Z
0964f548-1b09-5701-a86c-1ea9ee32bc35,NCAT MASCULINA 2ª FASE GRUP 2 (2022-23),NCAT,Altres,2022-23,league,,,8,2026-06-18T16:06:37.909Z,2026-06-18T16:06:37.909Z
921dd3ea-4b7f-5f28-a7eb-d2c76cb6000e,PLAYOFF ASCENS NCAT MASCULINA (2022-23),PLAYOFF,Altres,2022-23,cup,,,0,2026-06-18T16:06:37.909Z,2026-06-18T16:06:37.909Z
4c6d626d-7bf4-5629-8201-bdc15b648138,PLAYOUT NCAT MASCULINA (2022-23),PLAYOUT,Altres,2022-23,league,,,0,2026-06-18T16:06:37.909Z,2026-06-18T16:06:37.909Z
95466dee-2ed5-56e0-9317-fb8b3f4423df,TGN BENJ OR 2ª FASE (2022-23),TGN,Altres,2022-23,league,,,8,2026-06-18T16:06:37.909Z,2026-06-18T16:06:37.909Z
8af94584-77b2-5ea8-9194-87ce1443d3b5,TGN BENJ PLATA 2ª FASE (2022-23),TGN,Altres,2022-23,league,,,0,2026-06-18T16:06:37.909Z,2026-06-18T16:06:37.909Z
92831b51-4bc3-5a07-9da1-03b06ba19a8a,BENJAMÍ OR 1A (2022-23),BENJAMI,Benjamí,2022-23,league,,,0,2026-06-18T16:06:37.909Z,2026-06-18T16:06:37.909Z
2cadee05-6d74-5222-b5ba-72d65cd926c0,BENJAMÍ OR 1B (2022-23),BENJAMI,Benjamí,2022-23,league,,,0,2026-06-18T16:06:37.909Z,2026-06-18T16:06:37.909Z
0428c67d-899d-5e87-8ff6-d5640915940e,BENJAMÍ OR 2A (2022-23),BENJAMI,Benjamí,2022-23,league,,,0,2026-06-18T16:06:37.909Z,2026-06-18T16:06:37.909Z
d3b22d70-682a-5eef-b41a-10adc29605b3,BENJAMÍ OR 2B (2022-23),BENJAMI,Benjamí,2022-23,league,,,0,2026-06-18T16:06:37.909Z,2026-06-18T16:06:37.909Z
a5f1c605-0ba4-5720-919d-aff2aeeae2ba,BENJAMÍ OR 3A (2022-23),BENJAMI,Benjamí,2022-23,league,,,0,2026-06-18T16:06:37.909Z,2026-06-18T16:06:37.909Z
c255e97b-d9ad-58c5-b491-8ff4b6d248c7,BENJAMÍ OR 3B (2022-23),BENJAMI,Benjamí,2022-23,league,,,0,2026-06-18T16:06:37.909Z,2026-06-18T16:06:37.909Z
3e922cfc-65b4-533c-931d-2a75804acb97,BENJAMÍ OR 4A (2022-23),BENJAMI,Benjamí,2022-23,league,,,0,2026-06-18T16:06:37.909Z,2026-06-18T16:06:37.909Z
8329ee05-2767-526a-9630-c82f54e781cf,BENJAMÍ OR 4B (2022-23),BENJAMI,Benjamí,2022-23,league,,,0,2026-06-18T16:06:37.909Z,2026-06-18T16:06:37.909Z
6b455061-bc3b-592b-a0f8-67bc78508409,BENJAMÍ OR 5A (2022-23),BENJAMI,Benjamí,2022-23,league,,,0,2026-06-18T16:06:37.909Z,2026-06-18T16:06:37.909Z
eb3ab9b3-3556-5ac1-9f01-f86fcf03a581,BENJAMÍ OR 5B (2022-23),BENJAMI,Benjamí,2022-23,league,,,0,2026-06-18T16:06:37.909Z,2026-06-18T16:06:37.909Z
e883ad26-4188-5cb3-9945-1031cfe920be,BENJAMÍ OR CATALUNYA (2022-23),BENJAMI,Benjamí,2022-23,league,,autonomic,0,2026-06-18T16:06:37.909Z,2026-06-18T16:06:37.909Z
3f7c724f-c8eb-5526-bebe-fec02b026c4b,BENJAMÍ OR COPA 1C (2022-23),BENJAMI,Benjamí,2022-23,cup,,,4,2026-06-18T16:06:37.909Z,2026-06-18T16:06:37.909Z
cc911057-661a-57af-8c91-4cc5de2846fe,BENJAMÍ OR COPA 2C (2022-23),BENJAMI,Benjamí,2022-23,cup,,,4,2026-06-18T16:06:37.909Z,2026-06-18T16:06:37.909Z
460ca3a5-45ee-58bc-bd5e-322e4f756abf,BENJAMÍ OR COPA 3C (2022-23),BENJAMI,Benjamí,2022-23,cup,,,4,2026-06-18T16:06:37.909Z,2026-06-18T16:06:37.909Z
d78e62c9-ba2d-543e-a54d-676c424b8f9e,BENJAMÍ OR COPA 4C (2022-23),BENJAMI,Benjamí,2022-23,cup,,,4,2026-06-18T16:06:37.909Z,2026-06-18T16:06:37.909Z
0095996c-49ed-5327-b06d-c238751504a0,BENJAMÍ OR COPA 5C (2022-23),BENJAMI,Benjamí,2022-23,cup,,,3,2026-06-18T16:06:37.909Z,2026-06-18T16:06:37.909Z
392dad92-2b07-51bf-80cc-f7d19cd99f11,BENJAMÍ OR PREFERENT (2022-23),BENJAMI,Benjamí,2022-23,league,,,0,2026-06-18T16:06:37.909Z,2026-06-18T16:06:37.909Z
056a9e3e-57ab-5033-81a1-f8d7e2785e4e,BENJAMÍ OR PREFERENT 1P (2022-23),BENJAMI,Benjamí,2022-23,league,,,6,2026-06-18T16:06:37.909Z,2026-06-18T16:06:37.909Z
ac58ab2a-3ce1-5fc1-a3bd-b793fd448a6a,BENJAMÍ OR PREFERENT 2P (2022-23),BENJAMI,Benjamí,2022-23,league,,,6,2026-06-18T16:06:37.909Z,2026-06-18T16:06:37.909Z
7e9e18ae-46f7-5b55-a3ce-c620f5dcb4e4,BENJAMÍ OR PREFERENT 3P (2022-23),BENJAMI,Benjamí,2022-23,league,,,6,2026-06-18T16:06:37.909Z,2026-06-18T16:06:37.909Z
f78ea7fd-f5fd-5434-be37-721be45f7730,BENJAMÍ OR PREFERENT 4P (2022-23),BENJAMI,Benjamí,2022-23,league,,,6,2026-06-18T16:06:37.909Z,2026-06-18T16:06:37.909Z
7ccd463b-8fd4-5a05-9d35-ded420036c4a,BENJAMÍ OR PREFERENT 5P (2022-23),BENJAMI,Benjamí,2022-23,league,,,6,2026-06-18T16:06:37.909Z,2026-06-18T16:06:37.909Z
64dccc14-52e0-56aa-b3ae-ffa1737c227d,BENJAMÍ OR RANKING 1 (2022-23),BENJAMI,Benjamí,2022-23,league,,,0,2026-06-18T16:06:37.909Z,2026-06-18T16:06:37.909Z
87052748-9be7-5501-99f1-5f3defa6af2e,BENJAMÍ OR RANKING 2 (2022-23),BENJAMI,Benjamí,2022-23,league,,,0,2026-06-18T16:06:37.909Z,2026-06-18T16:06:37.909Z
1b980415-cfdb-5110-ba7a-5cb714963634,BENJAMÍ PLATA 1 (2022-23),BENJAMI,Benjamí,2022-23,league,,,0,2026-06-18T16:06:37.909Z,2026-06-18T16:06:37.909Z
a0d97671-1476-5153-800b-c0fef0fc300b,BENJAMÍ PLATA 10 (2022-23),BENJAMI,Benjamí,2022-23,league,,,0,2026-06-18T16:06:37.909Z,2026-06-18T16:06:37.909Z
24434ce9-12c3-509a-b3e1-b1403aeed055,BENJAMÍ PLATA 11 (2022-23),BENJAMI,Benjamí,2022-23,league,,,0,2026-06-18T16:06:37.909Z,2026-06-18T16:06:37.909Z
a025bef7-4b14-5ede-8b2a-c8a6105e958d,BENJAMÍ PLATA 2 (2022-23),BENJAMI,Benjamí,2022-23,league,,,0,2026-06-18T16:06:37.909Z,2026-06-18T16:06:37.909Z
108393ca-c60e-5fc4-973d-84ba5a5568df,BENJAMÍ PLATA 3 (2022-23),BENJAMI,Benjamí,2022-23,league,,,0,2026-06-18T16:06:37.909Z,2026-06-18T16:06:37.909Z
960d879d-ea6c-5b09-b5dc-6ef259e07f24,BENJAMÍ PLATA 4 (2022-23),BENJAMI,Benjamí,2022-23,league,,,0,2026-06-18T16:06:37.909Z,2026-06-18T16:06:37.909Z
0f80b3fb-f826-555a-aa40-56a8635ae831,BENJAMÍ PLATA 5 (2022-23),BENJAMI,Benjamí,2022-23,league,,,0,2026-06-18T16:06:37.909Z,2026-06-18T16:06:37.909Z
64575f18-ec43-5a32-b1e9-945111de2bf5,BENJAMÍ PLATA 6 (2022-23),BENJAMI,Benjamí,2022-23,league,,,0,2026-06-18T16:06:37.909Z,2026-06-18T16:06:37.909Z
81907978-f173-504b-ab84-736c2e645c97,BENJAMÍ PLATA 7 (2022-23),BENJAMI,Benjamí,2022-23,league,,,0,2026-06-18T16:06:37.909Z,2026-06-18T16:06:37.909Z
24195b5f-979a-5fdb-aaca-d32db02f0136,BENJAMÍ PLATA 8 (2022-23),BENJAMI,Benjamí,2022-23,league,,,0,2026-06-18T16:06:37.909Z,2026-06-18T16:06:37.909Z
e7598fe8-d9d2-55ca-9d5a-c1fcf3f6d619,BENJAMÍ PLATA 9 (2022-23),BENJAMI,Benjamí,2022-23,league,,,0,2026-06-18T16:06:37.909Z,2026-06-18T16:06:37.909Z
f8bdffd0-f692-56e0-bd3a-d3e221d0ffdc,BENJAMÍ PLATA A (2022-23),BENJAMI,Benjamí,2022-23,league,,,0,2026-06-18T16:06:37.909Z,2026-06-18T16:06:37.909Z
a6dfbbbe-925a-5d76-826e-7b7cb4afc90c,BENJAMÍ PLATA B (2022-23),BENJAMI,Benjamí,2022-23,league,,,0,2026-06-18T16:06:37.909Z,2026-06-18T16:06:37.909Z
49dbb12f-e623-5951-ae9b-dfe22bc352ba,BENJAMÍ PLATA C (2022-23),BENJAMI,Benjamí,2022-23,league,,,0,2026-06-18T16:06:37.909Z,2026-06-18T16:06:37.909Z
be1e8ebe-7e2e-5fb8-a910-48e885c902f8,BENJAMÍ PLATA COPA BCN 1 (2022-23),BENJAMI,Benjamí,2022-23,cup,,,5,2026-06-18T16:06:37.909Z,2026-06-18T16:06:37.909Z
0424a8dc-0cab-59a6-b868-cc1cbf85808c,BENJAMÍ PLATA COPA BCN 10 OR (2022-23),BENJAMI,Benjamí,2022-23,cup,,,4,2026-06-18T16:06:37.909Z,2026-06-18T16:06:37.909Z
ccb9a97c-4f2a-58e2-9cd9-175ecef9775e,BENJAMÍ PLATA COPA BCN 11 OR (2022-23),BENJAMI,Benjamí,2022-23,cup,,,4,2026-06-18T16:06:37.909Z,2026-06-18T16:06:37.909Z
7db07be1-a6a4-5f96-b25c-8601e3d9fd8f,BENJAMÍ PLATA COPA BCN 12 OR (2022-23),BENJAMI,Benjamí,2022-23,cup,,,4,2026-06-18T16:06:37.909Z,2026-06-18T16:06:37.909Z
11829d16-3acb-5070-90f5-6cc87aef1688,BENJAMÍ PLATA COPA BCN 13 OR (2022-23),BENJAMI,Benjamí,2022-23,cup,,,4,2026-06-18T16:06:37.909Z,2026-06-18T16:06:37.909Z
093f35ef-2f03-5b83-99b6-7c4a5a81c088,BENJAMÍ PLATA COPA BCN 14 OR (2022-23),BENJAMI,Benjamí,2022-23,cup,,,4,2026-06-18T16:06:37.909Z,2026-06-18T16:06:37.909Z
dd54a15a-65d1-5791-b00a-81b10b9dac7b,BENJAMÍ PLATA COPA BCN 2 (2022-23),BENJAMI,Benjamí,2022-23,cup,,,5,2026-06-18T16:06:37.909Z,2026-06-18T16:06:37.909Z
6d493444-553b-5bc3-97c9-aa9c3141ab62,BENJAMÍ PLATA COPA BCN 3 (2022-23),BENJAMI,Benjamí,2022-23,cup,,,5,2026-06-18T16:06:37.909Z,2026-06-18T16:06:37.909Z
9b936a1c-010b-5bb4-a273-2c3f0f959035,BENJAMÍ PLATA COPA BCN 4 (2022-23),BENJAMI,Benjamí,2022-23,cup,,,5,2026-06-18T16:06:37.909Z,2026-06-18T16:06:37.909Z
aa68fea8-7e73-5c1c-a277-4f90993acbb1,BENJAMÍ PLATA COPA BCN 5 (2022-23),BENJAMI,Benjamí,2022-23,cup,,,5,2026-06-18T16:06:37.909Z,2026-06-18T16:06:37.909Z
fc447181-bd27-5755-b8e0-5b764cb40ce5,BENJAMÍ PLATA COPA BCN 6 (2022-23),BENJAMI,Benjamí,2022-23,cup,,,5,2026-06-18T16:06:37.909Z,2026-06-18T16:06:37.909Z
ee440f14-4582-5832-805f-5f41b9e5f670,BENJAMÍ PLATA COPA BCN 7 (2022-23),BENJAMI,Benjamí,2022-23,cup,,,6,2026-06-18T16:06:37.909Z,2026-06-18T16:06:37.909Z
01b1fd1b-c231-5dc8-8dc0-cf8c7404e9d0,BENJAMÍ PLATA COPA BCN 8 (2022-23),BENJAMI,Benjamí,2022-23,cup,,,6,2026-06-18T16:06:37.909Z,2026-06-18T16:06:37.909Z
7959d9e5-43ce-5207-9bcc-24c5b1d2a704,BENJAMÍ PLATA COPA BCN 9 OR (2022-23),BENJAMI,Benjamí,2022-23,cup,,,4,2026-06-18T16:06:37.909Z,2026-06-18T16:06:37.909Z
ba262e5d-9b05-5734-8de0-ab4dbd79b743,BENJAMÍ PLATA COPA FCP 1 (2022-23),BENJAMI,Benjamí,2022-23,cup,,,4,2026-06-18T16:06:37.909Z,2026-06-18T16:06:37.909Z
cb3ecbd6-1e87-57c5-a52b-e7f57a8419a0,BENJAMÍ PLATA COPA FCP 2 (2022-23),BENJAMI,Benjamí,2022-23,cup,,,5,2026-06-18T16:06:37.909Z,2026-06-18T16:06:37.909Z
6d84b661-2fb6-553f-b41d-a26aae178cb0,BENJAMÍ PLATA COPA FCP 3 (2022-23),BENJAMI,Benjamí,2022-23,cup,,,5,2026-06-18T16:06:37.909Z,2026-06-18T16:06:37.909Z
00b59705-48a2-5761-a534-aa106a95470b,BENJAMÍ PLATA COPA FCP 4 (2022-23),BENJAMI,Benjamí,2022-23,cup,,,5,2026-06-18T16:06:37.909Z,2026-06-18T16:06:37.909Z
7b833072-1ea6-54dc-b59a-6d3dbcabb0d2,BENJAMÍ PLATA COPA FCP 5 (2022-23),BENJAMI,Benjamí,2022-23,cup,,,5,2026-06-18T16:06:37.909Z,2026-06-18T16:06:37.909Z
4991aee3-55c5-55e4-84ab-7980f859bdf3,BENJAMÍ PLATA COPA FCP 6 (2022-23),BENJAMI,Benjamí,2022-23,cup,,,5,2026-06-18T16:06:37.909Z,2026-06-18T16:06:37.909Z
561b15d2-b878-5948-b606-291e9fbe7bcf,BENJAMÍ PLATA COPA FCP 7 (2022-23),BENJAMI,Benjamí,2022-23,cup,,,5,2026-06-18T16:06:37.909Z,2026-06-18T16:06:37.909Z
89877bcd-f97c-5cee-a39e-b9873526294a,BENJAMÍ PLATA COPA FCP 8 (2022-23),BENJAMI,Benjamí,2022-23,cup,,,5,2026-06-18T16:06:37.909Z,2026-06-18T16:06:37.909Z
78e4d56f-6b85-59d5-9275-2c60871078d2,BENJAMÍ PLATA GRUP A (2022-23),BENJAMI,Benjamí,2022-23,league,,,0,2026-06-18T16:06:37.909Z,2026-06-18T16:06:37.909Z
809d10a9-b060-5a33-ac89-7dffa20f9384,BENJAMÍ PLATA GRUP B (2022-23),BENJAMI,Benjamí,2022-23,league,,,0,2026-06-18T16:06:37.909Z,2026-06-18T16:06:37.909Z
0d7f28de-68be-5d85-9350-6abd7f3590e7,BENJAMÍ PLATA GRUP C (2022-23),BENJAMI,Benjamí,2022-23,league,,,0,2026-06-18T16:06:37.909Z,2026-06-18T16:06:37.909Z
3cdd88fb-5705-57f6-b7fa-39c03a0a4b84,BENJAMÍ PREF 13È A 16È CLASSIFICAT (2022-23),BENJAMI,Benjamí,2022-23,league,,,0,2026-06-18T16:06:37.909Z,2026-06-18T16:06:37.909Z
8a24c795-a461-5b56-bab0-af3bd720c708,BENJAMÍ PREF 9È A 12È CLASSIFICAT (2022-23),BENJAMI,Benjamí,2022-23,league,,,0,2026-06-18T16:06:37.909Z,2026-06-18T16:06:37.909Z
ee4688c7-df31-5d3a-99a5-403139f4948a,BENJAMÍ PREFERENT GRUP 1P (2022-23),BENJAMI,Benjamí,2022-23,league,,,0,2026-06-18T16:06:37.909Z,2026-06-18T16:06:37.909Z
d20448e8-91f7-50ab-81b8-2e91db8af7ee,BENJAMÍ PREFERENT GRUP 2P (2022-23),BENJAMI,Benjamí,2022-23,league,,,0,2026-06-18T16:06:37.909Z,2026-06-18T16:06:37.909Z
f64bf1f5-b8c4-575e-a647-da7048be7f5b,BENJAMÍ PREFERENT GRUP 3P (2022-23),BENJAMI,Benjamí,2022-23,league,,,0,2026-06-18T16:06:37.909Z,2026-06-18T16:06:37.909Z
2b1e1430-a3c3-5cc1-8521-c5ce822ebccd,BENJAMÍ PREFERENT GRUP 4P (2022-23),BENJAMI,Benjamí,2022-23,league,,,0,2026-06-18T16:06:37.909Z,2026-06-18T16:06:37.909Z
e348ba8a-37f8-5cf3-a968-97138dbcfa06,CAMPIONAT DE BARCELONA BENJAMÍ (2022-23),CAMPIONAT,Benjamí,2022-23,league,,local,8,2026-06-18T16:06:37.909Z,2026-06-18T16:06:37.909Z
c9556ffc-c216-54e2-a7af-5ecf8d890624,CAMPIONAT DE CATALUNYA BENJAMÍ (2022-23),CAMPIONAT,Benjamí,2022-23,league,,autonomic,0,2026-06-18T16:06:37.909Z,2026-06-18T16:06:37.909Z
0631b0aa-d669-579c-ac71-dc609cb01efe,CBCN BENJAMÍ FASES FINALS (2022-23),CBCN,Benjamí,2022-23,league,,,0,2026-06-18T16:06:37.909Z,2026-06-18T16:06:37.909Z
9b94eb8e-376f-5d95-8cec-4239f5d197dd,CCAT BENJAMÍ FASES FINALS (2022-23),CCAT,Benjamí,2022-23,league,,,0,2026-06-18T16:06:37.909Z,2026-06-18T16:06:37.909Z
7bc0a323-8b05-592c-9b23-10affaee06ab,COPA BARCELONA BENJAMÍ FASES FINALS (2022-23),COPA,Benjamí,2022-23,cup,,local,6,2026-06-18T16:06:37.909Z,2026-06-18T16:06:37.909Z
4a8b6151-d3a8-5524-aab1-0c6d9d5d64a3,COPA BARCELONA BENJAMÍ QUARTS DE FINAL (2022-23),COPA,Benjamí,2022-23,cup,,local,4,2026-06-18T16:06:37.909Z,2026-06-18T16:06:37.909Z
54206a50-3f3d-59d6-885e-50cae777793e,COPA FEDERACIÓ BENJAMÍ FASES FINALS (2022-23),COPA,Benjamí,2022-23,cup,,,6,2026-06-18T16:06:37.909Z,2026-06-18T16:06:37.909Z
ae979b5f-5922-5ad6-9f80-b7650ab999c9,COPA FEDERACIÓ BENJAMÍ QUARTS DE FINAL (2022-23),COPA,Benjamí,2022-23,cup,,,4,2026-06-18T16:06:37.909Z,2026-06-18T16:06:37.909Z
759f2365-ef55-5d9c-948b-f61bc6891be8,ELIMINATÒRIES COPA BARCELONA BENJAMÍ (2022-23),COPA,Benjamí,2022-23,cup,,local,16,2026-06-18T16:06:37.909Z,2026-06-18T16:06:37.909Z
f654c3a6-1625-543d-830d-38f819b6abe3,ELIMINATÒRIES COPA FEDERACIÓ BENJAMÍ (2022-23),COPA,Benjamí,2022-23,cup,,,16,2026-06-18T16:06:37.909Z,2026-06-18T16:06:37.909Z
8f5f4e9d-e4c6-5950-a2dd-a73866e305c6,LLEIDA BENJAMÍ 1ªFASE (2022-23),LLEIDA,Benjamí,2022-23,league,,local,0,2026-06-18T16:06:37.909Z,2026-06-18T16:06:37.909Z
27aeedbd-fc52-5ba5-a496-6c6361096b77,LLEIDA BENJAMÍ BRONZE (2022-23),LLEIDA,Benjamí,2022-23,league,,local,0,2026-06-18T16:06:37.909Z,2026-06-18T16:06:37.909Z
8ab043cb-823b-5b29-bf21-38f885e769a0,LLEIDA BENJAMÍ OR (2022-23),LLEIDA,Benjamí,2022-23,league,,local,0,2026-06-18T16:06:37.909Z,2026-06-18T16:06:37.909Z
a8e2433d-abd3-5dd4-921c-68d57accb246,LLEIDA BENJAMÍ PLATA (2022-23),LLEIDA,Benjamí,2022-23,league,,local,0,2026-06-18T16:06:37.909Z,2026-06-18T16:06:37.909Z
ed48dd19-6301-5ab6-acf3-2200150ea3ee,1ªCAT FEMENINA 2ª FASE GRUP 1 (2022-23),FEMENINA,Fem,2022-23,league,,,0,2026-06-18T16:06:37.909Z,2026-06-18T16:06:37.909Z
a274c7ee-9666-5ee4-9327-6e8a64521356,1ªCAT FEMENINA 2ª FASE GRUP 2 (2022-23),FEMENINA,Fem,2022-23,league,,,0,2026-06-18T16:06:37.909Z,2026-06-18T16:06:37.909Z
bec97eda-2f07-5c66-932b-308792489e95,2CAT FEMENINA 2ª FASE GRUP 1 (2022-23),FEMENINA,Fem,2022-23,league,,,0,2026-06-18T16:06:37.909Z,2026-06-18T16:06:37.909Z
ee423f0b-d6ca-51be-a878-6a98902955e7,ELIMINATÒRIES 11È AL 12È CLASSIFICAT NCAT FEM (2022-23),AL,Fem,2022-23,cup,,,0,2026-06-18T16:06:37.909Z,2026-06-18T16:06:37.909Z
e577d985-8f15-5690-bb94-537bc4c36369,ELIMINATÒRIES 5È AL 8È CLASSIFICAT NCAT FEM (2022-23),AL,Fem,2022-23,cup,,,0,2026-06-18T16:06:37.909Z,2026-06-18T16:06:37.909Z
92b2dc24-442a-52c8-88df-be374d9cd1c9,ELIMINATÒRIES 9È AL 10È CLASSIFICAT NCAT FEM (2022-23),AL,Fem,2022-23,cup,,,0,2026-06-18T16:06:37.909Z,2026-06-18T16:06:37.909Z
697eea8d-acd8-5920-a907-c9d0a369d04e,ELIMINATÒRIES FEM11 COPA CATALANA (2022-23),COPA,Fem,2022-23,cup,,autonomic,0,2026-06-18T16:06:37.909Z,2026-06-18T16:06:37.909Z
5cad938d-ac43-53ce-8cc3-0d831da9fc11,ELIMINATÒRIES FEM13 COPA CATALANA (2022-23),COPA,Fem,2022-23,cup,,autonomic,4,2026-06-18T16:06:37.909Z,2026-06-18T16:06:37.909Z
07e4ab88-e4fe-5bae-8c8b-5381c3326691,ELIMINATÒRIES FEM15 COPA CATALANA (2022-23),COPA,Fem,2022-23,cup,,autonomic,8,2026-06-18T16:06:37.909Z,2026-06-18T16:06:37.909Z
8157d154-2d62-5850-80a1-de4238e6f004,ELIMINATÒRIES FEM17 COPA CATALANA (2022-23),COPA,Fem,2022-23,cup,,autonomic,0,2026-06-18T16:06:37.909Z,2026-06-18T16:06:37.909Z
332425b3-a0ba-534a-a5dd-092c86392116,FASE DE REPESCA NCAT FEMENINA (2022-23),FASE,Fem,2022-23,league,,,0,2026-06-18T16:06:37.909Z,2026-06-18T16:06:37.909Z
d45161ea-87cd-5f05-a8db-636f382a726b,FEM 11 A (2022-23),FEM,Fem,2022-23,league,,,0,2026-06-18T16:06:37.909Z,2026-06-18T16:06:37.909Z
c443d2b6-3c51-5586-8f7f-f80ba4524ac0,FEM 11 B (2022-23),FEM,Fem,2022-23,league,,,0,2026-06-18T16:06:37.909Z,2026-06-18T16:06:37.909Z
794b3fdf-6645-5fd3-b202-493110b0acb7,FEM 11 C (2022-23),FEM,Fem,2022-23,league,,,0,2026-06-18T16:06:37.909Z,2026-06-18T16:06:37.909Z
e669dfe7-990c-507f-95c9-37b17acb87d2,FEM 11 COPES GRUP 1C (2022-23),FEM,Fem,2022-23,league,,,5,2026-06-18T16:06:37.909Z,2026-06-18T16:06:37.909Z
af39ac41-2b5d-5a41-9fcf-e5baee802522,FEM 11 COPES GRUP 2C (2022-23),FEM,Fem,2022-23,league,,,6,2026-06-18T16:06:37.909Z,2026-06-18T16:06:37.909Z
164b6be2-5beb-5728-9941-7452089e6b4d,FEM 11 D (2022-23),FEM,Fem,2022-23,league,,,0,2026-06-18T16:06:37.909Z,2026-06-18T16:06:37.909Z
02999c8c-957a-53d9-a41b-7021d021bde0,FEM 11 PREFERENT GRUP 1P (2022-23),FEM,Fem,2022-23,league,,,4,2026-06-18T16:06:37.909Z,2026-06-18T16:06:37.909Z
8dfd2aad-1575-5939-9492-e509b9d7cad4,FEM 11 PREFERENT GRUP 2P (2022-23),FEM,Fem,2022-23,league,,,4,2026-06-18T16:06:37.909Z,2026-06-18T16:06:37.909Z
0507dd63-b086-57ab-9e8a-e733821b5fe0,FEM 11 PREFERENT GRUP 3P (2022-23),FEM,Fem,2022-23,league,,,4,2026-06-18T16:06:37.909Z,2026-06-18T16:06:37.909Z
1db2e85d-aaf5-57fa-bdaf-57f61a08a8bb,FEM 11 PREFERENT GRUP 4P (2022-23),FEM,Fem,2022-23,league,,,4,2026-06-18T16:06:37.909Z,2026-06-18T16:06:37.909Z
0ecaf408-8377-5f91-883a-34de6bad102f,FEM 13 COPES GRUP 1C (2022-23),FEM,Fem,2022-23,league,,,6,2026-06-18T16:06:37.909Z,2026-06-18T16:06:37.909Z
90b20b95-7b36-5d04-b67d-46066b8e6883,FEM 13 COPES GRUP 2C (2022-23),FEM,Fem,2022-23,league,,,6,2026-06-18T16:06:37.909Z,2026-06-18T16:06:37.909Z
9fa57edf-5db0-556a-8efe-04ef598ce5e7,FEM 13 COPES GRUP 3C (2022-23),FEM,Fem,2022-23,league,,,6,2026-06-18T16:06:37.909Z,2026-06-18T16:06:37.909Z
0632b9f1-20dd-5cc2-ac1b-f1f9df05faeb,FEM 13 OR A (2022-23),FEM,Fem,2022-23,league,,,0,2026-06-18T16:06:37.909Z,2026-06-18T16:06:37.909Z
33b3bb72-4d94-5501-a502-89cb029c025e,FEM 13 OR B (2022-23),FEM,Fem,2022-23,league,,,0,2026-06-18T16:06:37.909Z,2026-06-18T16:06:37.909Z
06bc6b5e-8609-5f8a-b1c3-a8f9f4d1bc74,FEM 13 OR C (2022-23),FEM,Fem,2022-23,league,,,0,2026-06-18T16:06:37.909Z,2026-06-18T16:06:37.909Z
46935f1f-db07-564a-88ef-defd32744b4f,FEM 13 PLATA A (2022-23),FEM,Fem,2022-23,league,,,0,2026-06-18T16:06:37.909Z,2026-06-18T16:06:37.909Z
59fe864c-e2ff-5ea6-9132-53725d0c2f36,FEM 13 PLATA B (2022-23),FEM,Fem,2022-23,league,,,0,2026-06-18T16:06:37.909Z,2026-06-18T16:06:37.909Z
d776b803-9d8f-530d-b11b-e712c8e76113,FEM 13 PLATA C (2022-23),FEM,Fem,2022-23,league,,,0,2026-06-18T16:06:37.909Z,2026-06-18T16:06:37.909Z
1a8f92cb-a10a-560e-b20c-45ac6c5090a9,FEM 13 PREFERENT GRUP 1P (2022-23),FEM,Fem,2022-23,league,,,3,2026-06-18T16:06:37.909Z,2026-06-18T16:06:37.909Z
5d0624b1-a054-5c4a-84ad-2687dc9e64fa,FEM 13 PREFERENT GRUP 2P (2022-23),FEM,Fem,2022-23,league,,,3,2026-06-18T16:06:37.909Z,2026-06-18T16:06:37.909Z
7ba62ed2-c099-563a-860d-543139ec6051,FEM 13 PREFERENT GRUP 3P (2022-23),FEM,Fem,2022-23,league,,,3,2026-06-18T16:06:37.909Z,2026-06-18T16:06:37.909Z
6f53cb36-1635-59b5-a08c-c905b1ce4c2d,FEM 13 PREFERENT GRUP 4P (2022-23),FEM,Fem,2022-23,league,,,3,2026-06-18T16:06:37.909Z,2026-06-18T16:06:37.909Z
ad423834-4798-5e4e-8d7c-c8b56468a77b,FEM 13 RANKING GRUP A (2022-23),FEM,Fem,2022-23,league,,,5,2026-06-18T16:06:37.909Z,2026-06-18T16:06:37.909Z
44f9f89e-2a50-51e9-b8a8-8f3c529c3ed5,FEM 13 RANKING GRUP B (2022-23),FEM,Fem,2022-23,league,,,5,2026-06-18T16:06:37.909Z,2026-06-18T16:06:37.909Z
4c331261-5cac-55d0-86c9-71c444432d60,FEM 15 A (2022-23),FEM,Fem,2022-23,league,,,0,2026-06-18T16:06:37.909Z,2026-06-18T16:06:37.909Z
eff3c16d-74a0-530a-8af8-c9c3fcdbd19f,FEM 15 B (2022-23),FEM,Fem,2022-23,league,,,0,2026-06-18T16:06:37.909Z,2026-06-18T16:06:37.909Z
2da126bf-5fe1-5108-8986-4eca70939cfa,FEM 15 C (2022-23),FEM,Fem,2022-23,league,,,0,2026-06-18T16:06:37.909Z,2026-06-18T16:06:37.909Z
0f641ae9-2572-5f63-8b31-ad036e79888a,FEM 15 COPES GRUP 1C (2022-23),FEM,Fem,2022-23,league,,,6,2026-06-18T16:06:37.909Z,2026-06-18T16:06:37.909Z
fb093a06-5f34-54a3-be4c-eb7769f243ab,FEM 15 COPES GRUP 2C (2022-23),FEM,Fem,2022-23,league,,,6,2026-06-18T16:06:37.909Z,2026-06-18T16:06:37.909Z
8b585a7f-9170-5468-a062-97b2205d36d3,FEM 15 D (2022-23),FEM,Fem,2022-23,league,,,0,2026-06-18T16:06:37.909Z,2026-06-18T16:06:37.909Z
82339079-97d9-5022-b3bd-4fb546655364,FEM 15 PREFERENT GRUP 1P (2022-23),FEM,Fem,2022-23,league,,,4,2026-06-18T16:06:37.909Z,2026-06-18T16:06:37.909Z
5a568f13-b3df-5090-9028-ae02dec9f471,FEM 15 PREFERENT GRUP 2P (2022-23),FEM,Fem,2022-23,league,,,4,2026-06-18T16:06:37.909Z,2026-06-18T16:06:37.909Z
c9779ddb-dd79-5762-a2b9-f4f2613b581c,FEM 15 PREFERENT GRUP 3P (2022-23),FEM,Fem,2022-23,league,,,4,2026-06-18T16:06:37.909Z,2026-06-18T16:06:37.909Z
55f05849-0c01-5700-8e9c-2794f7e4ece5,FEM 15 PREFERENT GRUP 4P (2022-23),FEM,Fem,2022-23,league,,,4,2026-06-18T16:06:37.909Z,2026-06-18T16:06:37.909Z
4d5c2c18-a14a-5793-a6dc-b7d75c580cf6,FEM 17 A (2022-23),FEM,Fem,2022-23,league,,,0,2026-06-18T16:06:37.909Z,2026-06-18T16:06:37.909Z
8bc4d1a4-0cc1-5c6d-b1b5-566bb7ef548b,FEM 17 B (2022-23),FEM,Fem,2022-23,league,,,0,2026-06-18T16:06:37.909Z,2026-06-18T16:06:37.909Z
395df16d-8c58-5ebe-96da-6f57d8e191ed,FEM 17 C (2022-23),FEM,Fem,2022-23,league,,,0,2026-06-18T16:06:37.909Z,2026-06-18T16:06:37.909Z
6262145c-f4fd-5d3f-8b6a-0fe59e37ce3b,FEM 17 COPES GRUP 1C (2022-23),FEM,Fem,2022-23,league,,,4,2026-06-18T16:06:37.909Z,2026-06-18T16:06:37.909Z
4cb7e49b-0d5b-512b-8245-818b5f493385,FEM 17 COPES GRUP 2C (2022-23),FEM,Fem,2022-23,league,,,5,2026-06-18T16:06:37.909Z,2026-06-18T16:06:37.909Z
3aa26e1e-e32b-5eda-aa4a-aa22958f9cc7,FEM 17 D (2022-23),FEM,Fem,2022-23,league,,,0,2026-06-18T16:06:37.909Z,2026-06-18T16:06:37.909Z
c1e1dcc7-9941-533f-ae88-66c97fa914c1,FEM 17 PREFERENT GRUP 1P (2022-23),FEM,Fem,2022-23,league,,,4,2026-06-18T16:06:37.909Z,2026-06-18T16:06:37.909Z
2b408e2f-5589-5e65-a0ef-e3c099c1d7d6,FEM 17 PREFERENT GRUP 2P (2022-23),FEM,Fem,2022-23,league,,,4,2026-06-18T16:06:37.909Z,2026-06-18T16:06:37.909Z
e01f7add-43f4-50e2-8b3f-79654a802774,FEM 17 PREFERENT GRUP 3P (2022-23),FEM,Fem,2022-23,league,,,4,2026-06-18T16:06:37.909Z,2026-06-18T16:06:37.909Z
eaa5dedc-8936-50bb-aac3-ce35bb1861cb,FEM 17 PREFERENT GRUP 4P (2022-23),FEM,Fem,2022-23,league,,,4,2026-06-18T16:06:37.909Z,2026-06-18T16:06:37.909Z
4b2f05fa-b07e-5e4c-ab23-413c42be3650,MINIFEM 2ª FASE GRUP 1 (2022-23),MINIFEM,Fem,2022-23,league,,,0,2026-06-18T16:06:37.909Z,2026-06-18T16:06:37.909Z
46949520-d048-54fa-8c9b-34420685ac50,MINIFEM 2ª FASE GRUP 2 (2022-23),MINIFEM,Fem,2022-23,league,,,0,2026-06-18T16:06:37.909Z,2026-06-18T16:06:37.909Z
a9023c64-6836-529e-be80-259d8f629622,MINIFEM 2ª FASE GRUP 3 (2022-23),MINIFEM,Fem,2022-23,league,,,0,2026-06-18T16:06:37.909Z,2026-06-18T16:06:37.909Z
fa7c16e6-24ed-57fd-bca1-4cf4c94e1789,MINIFEM A (2022-23),MINIFEM,Fem,2022-23,league,,,0,2026-06-18T16:06:37.909Z,2026-06-18T16:06:37.909Z
540dfa12-0927-57fb-9398-611fc6014440,MINIFEM B (2022-23),MINIFEM,Fem,2022-23,league,,,0,2026-06-18T16:06:37.909Z,2026-06-18T16:06:37.909Z
83714420-1d66-594b-81f8-e7126e15c65f,NCAT FEMENINA 2ª FASE GRUP 1 (2022-23),NCAT,Fem,2022-23,league,,,0,2026-06-18T16:06:37.909Z,2026-06-18T16:06:37.909Z
25c92f11-2219-5b45-b1d3-1f64656bb865,NCAT FEMENINA 2ª FASE GRUP 2 (2022-23),NCAT,Fem,2022-23,league,,,0,2026-06-18T16:06:37.909Z,2026-06-18T16:06:37.909Z
a5a50790-b2f9-5d4a-a713-85b2499a108d,PLAYOFF ASCENS NCAT FEMENINA (2022-23),PLAYOFF,Fem,2022-23,cup,,,0,2026-06-18T16:06:37.909Z,2026-06-18T16:06:37.909Z
7a79c56f-716b-573d-b680-8f49bb518de3,PLAYOUT NCAT FEMENINA (2022-23),PLAYOUT,Fem,2022-23,league,,,0,2026-06-18T16:06:37.909Z,2026-06-18T16:06:37.909Z
1b00351c-c8ef-5aa5-a5ba-4076bd240a63,CAMPIONAT DE CATALUNYA INFANTIL (2022-23),CAMPIONAT,Infantil,2022-23,league,,autonomic,0,2026-06-18T16:06:37.909Z,2026-06-18T16:06:37.909Z
156737bb-2011-5414-b4bc-124e29dc915e,CCAT INFANTIL FASES FINALS (2022-23),CCAT,Infantil,2022-23,league,,,0,2026-06-18T16:06:37.909Z,2026-06-18T16:06:37.909Z
1b6ba2eb-ff16-553c-ba8b-e450ca6a1f68,ELIMINATÒRIES COPA CATALANA INFANTIL (2022-23),COPA,Infantil,2022-23,cup,,autonomic,0,2026-06-18T16:06:37.909Z,2026-06-18T16:06:37.909Z
04531425-2f14-5cb0-8584-e97f9e391cbb,ELIMINATÒRIES COPA CATALANA INFANTIL OR (2022-23),COPA,Infantil,2022-23,cup,,autonomic,0,2026-06-18T16:06:37.909Z,2026-06-18T16:06:37.909Z
59fde33f-0545-5a1e-b2ef-f33d8e1bda54,ELIMINATÒRIES COPA CATALANA INFANTIL PLATA (2022-23),COPA,Infantil,2022-23,cup,,autonomic,0,2026-06-18T16:06:37.909Z,2026-06-18T16:06:37.909Z
c5ce5e00-52ae-534d-8db6-1556ac5cac56,ELIMINATÒRIES COPA FEDERACIÓ INFANTIL (2022-23),COPA,Infantil,2022-23,cup,,,0,2026-06-18T16:06:37.909Z,2026-06-18T16:06:37.909Z
b7554955-59b2-5ad5-b6bc-9abd11fa072c,FASES FINALS COPA CATALANA INFANTIL (2022-23),FASES,Infantil,2022-23,cup,,autonomic,0,2026-06-18T16:06:37.909Z,2026-06-18T16:06:37.909Z
0bb19367-f175-5cde-9b14-fb618982cf59,FASES FINALS COPA FEDERACIÓ INFANTIL (2022-23),FASES,Infantil,2022-23,cup,,,0,2026-06-18T16:06:37.909Z,2026-06-18T16:06:37.909Z
097fa82f-e9a5-5415-af92-390de415b075,INFANTIL COPA CATALANA GRUP 1 (2022-23),INFANTIL,Infantil,2022-23,cup,,autonomic,5,2026-06-18T16:06:37.909Z,2026-06-18T16:06:37.909Z
764d31eb-e013-5e0a-b063-a33ae5da2372,INFANTIL COPA CATALANA GRUP 10 OR (2022-23),INFANTIL,Infantil,2022-23,cup,,autonomic,4,2026-06-18T16:06:37.909Z,2026-06-18T16:06:37.909Z
10a02c48-b88a-5afd-bb54-1b236a008cb2,INFANTIL COPA CATALANA GRUP 11 OR (2022-23),INFANTIL,Infantil,2022-23,cup,,autonomic,4,2026-06-18T16:06:37.909Z,2026-06-18T16:06:37.909Z
d97feee6-0233-564a-9a46-7719e7111b94,INFANTIL COPA CATALANA GRUP 12 OR (2022-23),INFANTIL,Infantil,2022-23,cup,,autonomic,4,2026-06-18T16:06:37.909Z,2026-06-18T16:06:37.909Z
607f5616-5817-50cb-8636-0e27c5032e3f,INFANTIL COPA CATALANA GRUP 13 OR (2022-23),INFANTIL,Infantil,2022-23,cup,,autonomic,4,2026-06-18T16:06:37.909Z,2026-06-18T16:06:37.909Z
bde58a65-7373-549a-8534-5a2d776d9e19,INFANTIL COPA CATALANA GRUP 14 OR (2022-23),INFANTIL,Infantil,2022-23,cup,,autonomic,4,2026-06-18T16:06:37.909Z,2026-06-18T16:06:37.909Z
74847697-937a-541d-b6f0-1bad9b344e93,INFANTIL COPA CATALANA GRUP 2 (2022-23),INFANTIL,Infantil,2022-23,cup,,autonomic,5,2026-06-18T16:06:37.909Z,2026-06-18T16:06:37.909Z
d82a8420-bb4c-5ee7-82f1-014b8d31d2ca,INFANTIL COPA CATALANA GRUP 3 (2022-23),INFANTIL,Infantil,2022-23,cup,,autonomic,6,2026-06-18T16:06:37.909Z,2026-06-18T16:06:37.909Z
2bd6bc20-44b3-5210-a6b5-2fad264313df,INFANTIL COPA CATALANA GRUP 4 (2022-23),INFANTIL,Infantil,2022-23,cup,,autonomic,5,2026-06-18T16:06:37.909Z,2026-06-18T16:06:37.909Z
04e5ac78-639b-53a7-be69-d10b909fcc16,INFANTIL COPA CATALANA GRUP 5 (2022-23),INFANTIL,Infantil,2022-23,cup,,autonomic,5,2026-06-18T16:06:37.909Z,2026-06-18T16:06:37.909Z
7cc949c1-7536-5d75-a663-5eb01cf1146f,INFANTIL COPA CATALANA GRUP 6 (2022-23),INFANTIL,Infantil,2022-23,cup,,autonomic,5,2026-06-18T16:06:37.909Z,2026-06-18T16:06:37.909Z
55e592ae-8ffd-576f-ba27-f6d9752c8ba9,INFANTIL COPA CATALANA GRUP 7 (2022-23),INFANTIL,Infantil,2022-23,cup,,autonomic,5,2026-06-18T16:06:37.909Z,2026-06-18T16:06:37.909Z
69651473-2879-5a2b-b629-bda2d992c5c1,INFANTIL COPA CATALANA GRUP 8 (2022-23),INFANTIL,Infantil,2022-23,cup,,autonomic,5,2026-06-18T16:06:37.909Z,2026-06-18T16:06:37.909Z
2211a86c-7586-5258-b154-7e7f71ca9062,INFANTIL COPA CATALANA GRUP 9 OR (2022-23),INFANTIL,Infantil,2022-23,cup,,autonomic,4,2026-06-18T16:06:37.909Z,2026-06-18T16:06:37.909Z
4f494ec6-9ca5-5bb1-9626-1bfe8437d3b8,INFANTIL COPA FEDERACIÓ GRUP 1 (2022-23),INFANTIL,Infantil,2022-23,cup,,,5,2026-06-18T16:06:37.909Z,2026-06-18T16:06:37.909Z
84a0127e-5d73-5797-a315-8591c7e56a3f,INFANTIL COPA FEDERACIÓ GRUP 2 (2022-23),INFANTIL,Infantil,2022-23,cup,,,5,2026-06-18T16:06:37.909Z,2026-06-18T16:06:37.909Z
d671f1c3-b3d2-5e4f-a05f-77e9300cf853,INFANTIL COPA FEDERACIÓ GRUP 3 (2022-23),INFANTIL,Infantil,2022-23,cup,,,5,2026-06-18T16:06:37.909Z,2026-06-18T16:06:37.909Z
8d55c304-a4e2-5426-b09f-76835b360ee7,INFANTIL COPA FEDERACIÓ GRUP 4 (2022-23),INFANTIL,Infantil,2022-23,cup,,,5,2026-06-18T16:06:37.909Z,2026-06-18T16:06:37.909Z
6f74af46-2c60-5bae-8662-f8b2d559dee2,INFANTIL COPA FEDERACIÓ GRUP 5 (2022-23),INFANTIL,Infantil,2022-23,cup,,,5,2026-06-18T16:06:37.909Z,2026-06-18T16:06:37.909Z
9e9ccfb8-15e2-5ad5-8815-2a78a0604b02,INFANTIL COPA FEDERACIÓ GRUP 6 (2022-23),INFANTIL,Infantil,2022-23,cup,,,5,2026-06-18T16:06:37.909Z,2026-06-18T16:06:37.909Z
999ede34-13b8-5151-b8f9-387c800cc662,INFANTIL COPA FEDERACIÓ GRUP 7 (2022-23),INFANTIL,Infantil,2022-23,cup,,,5,2026-06-18T16:06:37.909Z,2026-06-18T16:06:37.909Z
39a1ee25-be8a-5352-a4c7-32ef8773e9c4,INFANTIL COPA FEDERACIÓ GRUP 8 (2022-23),INFANTIL,Infantil,2022-23,cup,,,5,2026-06-18T16:06:37.909Z,2026-06-18T16:06:37.909Z
8c48ff0a-e22b-5b3e-a1a7-51548b396ae1,INFANTIL OR 1A (2022-23),INFANTIL,Infantil,2022-23,league,,,0,2026-06-18T16:06:37.909Z,2026-06-18T16:06:37.909Z
4f7fac91-af8a-5bc9-8556-389898bce7b7,INFANTIL OR 1B (2022-23),INFANTIL,Infantil,2022-23,league,,,0,2026-06-18T16:06:37.909Z,2026-06-18T16:06:37.909Z
00e38df3-3efb-56d3-8e40-3aa4a0c09417,INFANTIL OR 2A (2022-23),INFANTIL,Infantil,2022-23,league,,,0,2026-06-18T16:06:37.909Z,2026-06-18T16:06:37.909Z
7e4fb892-6337-55ed-9541-1e71d9214206,INFANTIL OR 2B (2022-23),INFANTIL,Infantil,2022-23,league,,,0,2026-06-18T16:06:37.909Z,2026-06-18T16:06:37.909Z
37120050-9c59-5dfe-a4e0-d65d671f2939,INFANTIL OR 3A (2022-23),INFANTIL,Infantil,2022-23,league,,,0,2026-06-18T16:06:37.909Z,2026-06-18T16:06:37.909Z
2b381109-f322-5b06-92c9-06b17782f054,INFANTIL OR 3B (2022-23),INFANTIL,Infantil,2022-23,league,,,0,2026-06-18T16:06:37.909Z,2026-06-18T16:06:37.909Z
e8fb1ede-357c-5e1b-bd16-f8ad857307e6,INFANTIL OR 4A (2022-23),INFANTIL,Infantil,2022-23,league,,,0,2026-06-18T16:06:37.909Z,2026-06-18T16:06:37.909Z
9ab6a2e1-f6a8-5467-832b-ba7b87d00413,INFANTIL OR 4B (2022-23),INFANTIL,Infantil,2022-23,league,,,0,2026-06-18T16:06:37.909Z,2026-06-18T16:06:37.909Z
d140928a-5465-5ecd-b79d-762fd2e493f2,INFANTIL OR 5A (2022-23),INFANTIL,Infantil,2022-23,league,,,0,2026-06-18T16:06:37.909Z,2026-06-18T16:06:37.909Z
7f40c946-4431-5454-972d-fc5d49008e0d,INFANTIL OR 5B (2022-23),INFANTIL,Infantil,2022-23,league,,,0,2026-06-18T16:06:37.909Z,2026-06-18T16:06:37.909Z
4ecd6735-ae93-53f5-af5a-0909c22fead9,INFANTIL OR COPES 1C (2022-23),INFANTIL,Infantil,2022-23,league,,,6,2026-06-18T16:06:37.909Z,2026-06-18T16:06:37.909Z
babc73d7-7607-5bf5-a79a-691702ad2ded,INFANTIL OR COPES 2C (2022-23),INFANTIL,Infantil,2022-23,league,,,6,2026-06-18T16:06:37.909Z,2026-06-18T16:06:37.909Z
45d35665-82ce-57ce-9797-f93add342c8c,INFANTIL OR COPES 3C (2022-23),INFANTIL,Infantil,2022-23,league,,,5,2026-06-18T16:06:37.909Z,2026-06-18T16:06:37.909Z
5adb3251-294f-5703-a885-53d627f766cd,INFANTIL OR COPES 4C (2022-23),INFANTIL,Infantil,2022-23,league,,,5,2026-06-18T16:06:37.909Z,2026-06-18T16:06:37.909Z
03b9a2dd-3ad5-5942-b48a-808ca983d136,INFANTIL OR COPES 5C (2022-23),INFANTIL,Infantil,2022-23,league,,,5,2026-06-18T16:06:37.909Z,2026-06-18T16:06:37.909Z
a1c6e6a2-9773-5c69-a1f1-67aa808b0cc4,INFANTIL OR PREFERENT 1P (2022-23),INFANTIL,Infantil,2022-23,league,,,6,2026-06-18T16:06:37.909Z,2026-06-18T16:06:37.909Z
d4b0cb3e-d9d4-5442-a72b-2e57180906bd,INFANTIL OR PREFERENT 2P (2022-23),INFANTIL,Infantil,2022-23,league,,,6,2026-06-18T16:06:37.909Z,2026-06-18T16:06:37.909Z
ba06d30d-9f4a-5e33-bb71-784885bf856a,INFANTIL OR PREFERENT 3P (2022-23),INFANTIL,Infantil,2022-23,league,,,6,2026-06-18T16:06:37.909Z,2026-06-18T16:06:37.909Z
d27f7d7f-a325-5a80-8ed7-881c2a4d3220,INFANTIL OR PREFERENT 4P (2022-23),INFANTIL,Infantil,2022-23,league,,,6,2026-06-18T16:06:37.909Z,2026-06-18T16:06:37.909Z
b22740a2-a5aa-589f-8da6-db54d16fcb6e,INFANTIL OR PREFERENT 5P (2022-23),INFANTIL,Infantil,2022-23,league,,,6,2026-06-18T16:06:37.909Z,2026-06-18T16:06:37.909Z
7c5da12c-cc5e-51d5-9357-4704813d0659,INFANTIL PLATA 1 (2022-23),INFANTIL,Infantil,2022-23,league,,,0,2026-06-18T16:06:37.909Z,2026-06-18T16:06:37.909Z
85dee821-045d-540f-bec7-5cc9bbdf9158,INFANTIL PLATA 10 (2022-23),INFANTIL,Infantil,2022-23,league,,,0,2026-06-18T16:06:37.909Z,2026-06-18T16:06:37.909Z
0162903c-c5da-578a-be08-992acd0bb195,INFANTIL PLATA 11 (2022-23),INFANTIL,Infantil,2022-23,league,,,0,2026-06-18T16:06:37.909Z,2026-06-18T16:06:37.909Z
f57c8b09-c434-5402-813a-897cd419afc3,INFANTIL PLATA 2 (2022-23),INFANTIL,Infantil,2022-23,league,,,0,2026-06-18T16:06:37.909Z,2026-06-18T16:06:37.909Z
6c6ddd7a-91be-5c51-8064-912d8c88b501,INFANTIL PLATA 3 (2022-23),INFANTIL,Infantil,2022-23,league,,,0,2026-06-18T16:06:37.909Z,2026-06-18T16:06:37.909Z
e7273630-7817-5170-8ea2-7fc99d0ed80d,INFANTIL PLATA 4 (2022-23),INFANTIL,Infantil,2022-23,league,,,0,2026-06-18T16:06:37.909Z,2026-06-18T16:06:37.909Z
91dc11a3-0827-5bf6-bd1f-c050e84c9e4c,INFANTIL PLATA 5 (2022-23),INFANTIL,Infantil,2022-23,league,,,0,2026-06-18T16:06:37.909Z,2026-06-18T16:06:37.909Z
77c6d83a-0d00-5747-a784-6e6a44874a0a,INFANTIL PLATA 6 (2022-23),INFANTIL,Infantil,2022-23,league,,,0,2026-06-18T16:06:37.909Z,2026-06-18T16:06:37.909Z
dd72ea42-347c-5936-9eeb-7b1ce91cba27,INFANTIL PLATA 7 (2022-23),INFANTIL,Infantil,2022-23,league,,,0,2026-06-18T16:06:37.909Z,2026-06-18T16:06:37.909Z
77688ac4-4826-5aed-9d7f-9084d60d6be4,INFANTIL PLATA 8 (2022-23),INFANTIL,Infantil,2022-23,league,,,0,2026-06-18T16:06:37.909Z,2026-06-18T16:06:37.909Z
e1050be2-03b4-5ef7-9126-124bb46a971e,INFANTIL PLATA 9 (2022-23),INFANTIL,Infantil,2022-23,league,,,0,2026-06-18T16:06:37.909Z,2026-06-18T16:06:37.909Z
fd908e16-ffa3-5910-8e9c-8db88643df00,INFANTIL PREF 13E AL 16E CLASSIFICAT (2022-23),INFANTIL,Infantil,2022-23,league,,,0,2026-06-18T16:06:37.909Z,2026-06-18T16:06:37.909Z
7c689845-61b9-5bba-a255-fb14f923b6f4,INFANTIL PREF 9E AL 12E CLASSIFICAT (2022-23),INFANTIL,Infantil,2022-23,league,,,0,2026-06-18T16:06:37.909Z,2026-06-18T16:06:37.909Z
80c77782-14ea-59f4-b9b0-0166862cd372,INFANTIL PREFERENT GRUP P1 (2022-23),INFANTIL,Infantil,2022-23,league,,,0,2026-06-18T16:06:37.909Z,2026-06-18T16:06:37.909Z
b7e5d0ba-933d-53c3-8610-425b5c6ed2c4,INFANTIL PREFERENT GRUP P2 (2022-23),INFANTIL,Infantil,2022-23,league,,,0,2026-06-18T16:06:37.909Z,2026-06-18T16:06:37.909Z
8a17f469-6ec2-5fa5-a2e3-98221f022367,INFANTIL PREFERENT GRUP P3 (2022-23),INFANTIL,Infantil,2022-23,league,,,0,2026-06-18T16:06:37.909Z,2026-06-18T16:06:37.909Z
9d57abf1-b2db-50c5-b374-77f4707fb7fb,INFANTIL PREFERENT GRUP P4 (2022-23),INFANTIL,Infantil,2022-23,league,,,0,2026-06-18T16:06:37.909Z,2026-06-18T16:06:37.909Z
a0559cee-c183-5096-a5fd-b225be2f1210,INFANTIL RANKING GRUP 1 (2022-23),INFANTIL,Infantil,2022-23,league,,,0,2026-06-18T16:06:37.909Z,2026-06-18T16:06:37.909Z
4b9e95f4-7b31-5aae-bd5a-1e7d9e37895f,INFANTIL RANKING GRUP 2 (2022-23),INFANTIL,Infantil,2022-23,league,,,0,2026-06-18T16:06:37.909Z,2026-06-18T16:06:37.909Z
fb8c9df0-4883-5b83-82ca-a07f9ab0f464,INFANTIL RANKING GRUP 3 (2022-23),INFANTIL,Infantil,2022-23,league,,,0,2026-06-18T16:06:37.909Z,2026-06-18T16:06:37.909Z
2420c28e-e091-5ee6-95dd-883bed72345c,CAMPIONAT DE CATALUNYA JÚNIOR (2022-23),CAMPIONAT,Júnior,2022-23,league,,autonomic,0,2026-06-18T16:06:37.909Z,2026-06-18T16:06:37.909Z
c60dab81-02a0-573c-b99b-52273088fb5e,CCAT JÚNIOR FASES FINALS (2022-23),CCAT,Júnior,2022-23,league,,,0,2026-06-18T16:06:37.909Z,2026-06-18T16:06:37.909Z
c8d91d38-c1d2-587a-9032-143f54e3bb8f,ELIMINATÒRIES COPA CATALANA JÚNIOR (2022-23),COPA,Júnior,2022-23,cup,,autonomic,0,2026-06-18T16:06:37.909Z,2026-06-18T16:06:37.909Z
2949696e-58e0-5adb-8462-b57f15ebdc1d,ELIMINATÒRIES COPA CATALANA JÚNIOR OR (2022-23),COPA,Júnior,2022-23,cup,,autonomic,0,2026-06-18T16:06:37.909Z,2026-06-18T16:06:37.909Z
ccf0b862-1a0e-5bee-a3be-f64954297ac6,ELIMINATÒRIES COPA CATALANA JÚNIOR PLATA (2022-23),COPA,Júnior,2022-23,cup,,autonomic,0,2026-06-18T16:06:37.909Z,2026-06-18T16:06:37.909Z
ce421001-d639-5091-94c4-4b48fb67c46d,ELIMINATÒRIES COPA FEDERACIÓ JÚNIOR (2022-23),COPA,Júnior,2022-23,cup,,,0,2026-06-18T16:06:37.909Z,2026-06-18T16:06:37.909Z
2ba40cd6-7029-5909-b0e4-9e18b75e5e6a,FASES FINALS COPA CATALANA JÚNIOR (2022-23),FASES,Júnior,2022-23,cup,,autonomic,0,2026-06-18T16:06:37.909Z,2026-06-18T16:06:37.909Z
2fb91664-7ad5-51b0-bf0c-8366d5843ada,FASES FINALS COPA FEDERACIÓ JÚNIOR (2022-23),FASES,Júnior,2022-23,cup,,,0,2026-06-18T16:06:37.909Z,2026-06-18T16:06:37.909Z
0e249ca9-8486-589f-b395-25214c68ffad,JÚNIOR COPA CATALANA GRUP 1 (2022-23),JUNIOR,Júnior,2022-23,cup,,autonomic,6,2026-06-18T16:06:37.909Z,2026-06-18T16:06:37.909Z
b11f3030-bd0b-5bb7-8a79-7876c65f2166,JÚNIOR COPA CATALANA GRUP 2 (2022-23),JUNIOR,Júnior,2022-23,cup,,autonomic,6,2026-06-18T16:06:37.909Z,2026-06-18T16:06:37.909Z
decb0197-7f0b-554b-b6fa-e233ae0b88d4,JÚNIOR COPA CATALANA GRUP 3 (2022-23),JUNIOR,Júnior,2022-23,cup,,autonomic,6,2026-06-18T16:06:37.909Z,2026-06-18T16:06:37.909Z
9ea49aa1-f1da-5cc0-8ff9-d68bb42a817f,JÚNIOR COPA CATALANA GRUP 4 OR (2022-23),JUNIOR,Júnior,2022-23,cup,,autonomic,4,2026-06-18T16:06:37.909Z,2026-06-18T16:06:37.909Z
cc235043-cb9a-547f-9029-a944c5f77833,JÚNIOR COPA CATALANA GRUP 5 OR (2022-23),JUNIOR,Júnior,2022-23,cup,,autonomic,4,2026-06-18T16:06:37.909Z,2026-06-18T16:06:37.909Z
7aefa872-895d-5a89-8dc5-bc7f36b8f7f0,JÚNIOR COPA CATALANA GRUP 6 OR (2022-23),JUNIOR,Júnior,2022-23,cup,,autonomic,4,2026-06-18T16:06:37.909Z,2026-06-18T16:06:37.909Z
6852e487-1b17-58e2-9ab1-4fd28f60bf15,JÚNIOR COPA FEDERACIÓ GRUP 1 (2022-23),JUNIOR,Júnior,2022-23,cup,,,5,2026-06-18T16:06:37.909Z,2026-06-18T16:06:37.909Z
ad08e30a-bb40-5389-8c84-2f894658141d,JÚNIOR COPA FEDERACIÓ GRUP 2 (2022-23),JUNIOR,Júnior,2022-23,cup,,,4,2026-06-18T16:06:37.909Z,2026-06-18T16:06:37.909Z
8d332243-2def-51e1-80b6-e0c56869c381,JÚNIOR COPA FEDERACIÓ GRUP 3 (2022-23),JUNIOR,Júnior,2022-23,cup,,,6,2026-06-18T16:06:37.909Z,2026-06-18T16:06:37.909Z
52c582ae-3841-5aaf-86f5-1b7ab7c79201,JÚNIOR OR 1 (2022-23),JUNIOR,Júnior,2022-23,league,,,0,2026-06-18T16:06:37.909Z,2026-06-18T16:06:37.909Z
7e81cdb5-1df4-5576-9127-7b38c1145e4f,JÚNIOR OR 2 (2022-23),JUNIOR,Júnior,2022-23,league,,,0,2026-06-18T16:06:37.909Z,2026-06-18T16:06:37.909Z
3be7c18d-f0c5-50cf-80dd-fb3002f6720e,JÚNIOR OR 3 (2022-23),JUNIOR,Júnior,2022-23,league,,,0,2026-06-18T16:06:37.909Z,2026-06-18T16:06:37.909Z
0c0c10b8-b7e0-59d5-8520-61d3203505ed,JÚNIOR OR 4 (2022-23),JUNIOR,Júnior,2022-23,league,,,0,2026-06-18T16:06:37.909Z,2026-06-18T16:06:37.909Z
55c2a4a5-c94c-57f8-8dcb-2063e96e735a,JÚNIOR PLATA 1 (2022-23),JUNIOR,Júnior,2022-23,league,,,0,2026-06-18T16:06:37.909Z,2026-06-18T16:06:37.909Z
e7f86281-8deb-53dc-8b66-368ffbeb76ce,JÚNIOR PLATA 2 (2022-23),JUNIOR,Júnior,2022-23,league,,,0,2026-06-18T16:06:37.909Z,2026-06-18T16:06:37.909Z
ce54f77e-43e3-5f1a-9852-1889f02428a8,JÚNIOR PLATA 3 (2022-23),JUNIOR,Júnior,2022-23,league,,,0,2026-06-18T16:06:37.909Z,2026-06-18T16:06:37.909Z
756d850e-71c0-5795-85b4-22410992b242,JÚNIOR PLATA 4 (2022-23),JUNIOR,Júnior,2022-23,league,,,0,2026-06-18T16:06:37.909Z,2026-06-18T16:06:37.909Z
3cf74eab-dc0e-50ee-9c65-6a1c6816165e,JÚNIOR PLATA 5 (2022-23),JUNIOR,Júnior,2022-23,league,,,0,2026-06-18T16:06:37.909Z,2026-06-18T16:06:37.909Z
5f052b6a-bbce-518c-864a-a550907735a6,JÚNIOR PLUS (2022-23),JUNIOR,Júnior,2022-23,league,,,0,2026-06-18T16:06:37.909Z,2026-06-18T16:06:37.909Z
4a5137c4-909c-5161-a223-5f1cd054f842,JÚNIOR PREF 13E AL 16E CLASSIFICAT (2022-23),JUNIOR,Júnior,2022-23,league,,,0,2026-06-18T16:06:37.909Z,2026-06-18T16:06:37.909Z
a23f7d17-d801-5104-9e28-332997616047,JÚNIOR PREF 9E AL 12E CLASSIFICAT (2022-23),JUNIOR,Júnior,2022-23,league,,,0,2026-06-18T16:06:37.909Z,2026-06-18T16:06:37.909Z
cbe836e3-f414-502a-b502-1ca891f9a62d,JÚNIOR PREFERENT GRUP P1 (2022-23),JUNIOR,Júnior,2022-23,league,,,0,2026-06-18T16:06:37.909Z,2026-06-18T16:06:37.909Z
fe807d0c-6e02-536b-b6ae-3e687d7363b5,JÚNIOR PREFERENT GRUP P2 (2022-23),JUNIOR,Júnior,2022-23,league,,,0,2026-06-18T16:06:37.909Z,2026-06-18T16:06:37.909Z
180f5ab5-6152-5104-9101-c9835528a8b0,JÚNIOR PREFERENT GRUP P3 (2022-23),JUNIOR,Júnior,2022-23,league,,,0,2026-06-18T16:06:37.909Z,2026-06-18T16:06:37.909Z
61eb55c4-bb41-573f-98c6-a4d151dd3a67,JÚNIOR PREFERENT GRUP P4 (2022-23),JUNIOR,Júnior,2022-23,league,,,0,2026-06-18T16:06:37.909Z,2026-06-18T16:06:37.909Z
0db084c0-a417-5390-930d-4ccc725b1793,JÚNIOR RANKING GRUP 1 (2022-23),JUNIOR,Júnior,2022-23,league,,,0,2026-06-18T16:06:37.909Z,2026-06-18T16:06:37.909Z
165d9648-4b45-5c38-bcca-d0cc71675c01,JÚNIOR RANKING GRUP 2 (2022-23),JUNIOR,Júnior,2022-23,league,,,0,2026-06-18T16:06:37.909Z,2026-06-18T16:06:37.909Z
b7f64ab9-ac14-57da-a56b-013b4583e35b,PLAYOFF JÚNIOR PLUS (2022-23),PLAYOFF,Júnior,2022-23,cup,,,0,2026-06-18T16:06:37.909Z,2026-06-18T16:06:37.909Z
d132b080-4b3d-533c-a239-95bd964c7080,CAMPIONAT DE CATALUNYA JUVENIL (2022-23),CAMPIONAT,Juvenil,2022-23,league,,autonomic,0,2026-06-18T16:06:37.909Z,2026-06-18T16:06:37.909Z
286c0415-c6e0-5f76-ac61-c7f9a2842ea7,CCAT JUVENIL FASES FINALS (2022-23),CCAT,Juvenil,2022-23,league,,,0,2026-06-18T16:06:37.909Z,2026-06-18T16:06:37.909Z
7a452fd3-cd19-540d-96f2-0bcbae878c97,ELIMINATÒRIES COPA CATALANA JUVENIL (2022-23),COPA,Juvenil,2022-23,cup,,autonomic,9,2026-06-18T16:06:37.909Z,2026-06-18T16:06:37.909Z
02def4d2-2668-5ebe-9010-adefd81a3c2c,ELIMINATÒRIES COPA CATALANA JUVENIL OR (2022-23),COPA,Juvenil,2022-23,cup,,autonomic,0,2026-06-18T16:06:37.909Z,2026-06-18T16:06:37.909Z
50cf2a3e-197f-5836-bdc8-07bcb5573c5b,ELIMINATÒRIES COPA CATALANA JUVENIL PLATA (2022-23),COPA,Juvenil,2022-23,cup,,autonomic,0,2026-06-18T16:06:37.909Z,2026-06-18T16:06:37.909Z
62ec92b1-c4b0-5223-8469-7b6dfca4071d,ELIMINATÒRIES COPA FEDERACIÓ JUVENIL (2022-23),COPA,Juvenil,2022-23,cup,,,0,2026-06-18T16:06:37.909Z,2026-06-18T16:06:37.909Z
1e9e2efe-aa14-5400-8356-1d68d8fc596f,FASES FINALS COPA CATALANA JUVENIL (2022-23),FASES,Juvenil,2022-23,cup,,autonomic,0,2026-06-18T16:06:37.909Z,2026-06-18T16:06:37.909Z
e02f5bc4-801c-5257-8589-c420fd3f34e4,FASES FINALS COPA FEDERACIÓ JUVENIL (2022-23),FASES,Juvenil,2022-23,cup,,,0,2026-06-18T16:06:37.909Z,2026-06-18T16:06:37.909Z
882fb190-cb1b-52f6-b015-df34e4d2a9a3,JUVENIL COPA CATALANA GRUP 1 (2022-23),JUVENIL,Juvenil,2022-23,cup,,autonomic,5,2026-06-18T16:06:37.909Z,2026-06-18T16:06:37.909Z
14cef203-f49e-550c-a167-aeb81d5ce8d2,JUVENIL COPA CATALANA GRUP 10 OR (2022-23),JUVENIL,Juvenil,2022-23,cup,,autonomic,4,2026-06-18T16:06:37.909Z,2026-06-18T16:06:37.909Z
6bf58b79-a468-5a18-8d01-06b991aa9d09,JUVENIL COPA CATALANA GRUP 11 OR (2022-23),JUVENIL,Juvenil,2022-23,cup,,autonomic,4,2026-06-18T16:06:37.909Z,2026-06-18T16:06:37.909Z
57ba5c97-6ef2-5fab-b871-a43670c8ce94,JUVENIL COPA CATALANA GRUP 12 OR (2022-23),JUVENIL,Juvenil,2022-23,cup,,autonomic,4,2026-06-18T16:06:37.909Z,2026-06-18T16:06:37.909Z
e2d57357-bd27-5298-81cc-d76149e05524,JUVENIL COPA CATALANA GRUP 2 (2022-23),JUVENIL,Juvenil,2022-23,cup,,autonomic,5,2026-06-18T16:06:37.909Z,2026-06-18T16:06:37.909Z
851665b7-f83f-5297-8434-4f33ed72fca4,JUVENIL COPA CATALANA GRUP 3 (2022-23),JUVENIL,Juvenil,2022-23,cup,,autonomic,4,2026-06-18T16:06:37.909Z,2026-06-18T16:06:37.909Z
dbe43cee-8ead-5531-b62c-d34c1c268f44,JUVENIL COPA CATALANA GRUP 4 (2022-23),JUVENIL,Juvenil,2022-23,cup,,autonomic,5,2026-06-18T16:06:37.909Z,2026-06-18T16:06:37.909Z
0918c16d-b7cd-59da-86be-70364e403743,JUVENIL COPA CATALANA GRUP 5 (2022-23),JUVENIL,Juvenil,2022-23,cup,,autonomic,5,2026-06-18T16:06:37.909Z,2026-06-18T16:06:37.909Z
f6895158-458c-54c8-a2f3-3bed277b837a,JUVENIL COPA CATALANA GRUP 6 (2022-23),JUVENIL,Juvenil,2022-23,cup,,autonomic,5,2026-06-18T16:06:37.909Z,2026-06-18T16:06:37.909Z
3556b50d-aee0-5e11-893b-ca106b6ea838,JUVENIL COPA CATALANA GRUP 7 OR (2022-23),JUVENIL,Juvenil,2022-23,cup,,autonomic,4,2026-06-18T16:06:37.909Z,2026-06-18T16:06:37.909Z
46c244f1-c50f-55f2-925f-697136edc9f0,JUVENIL COPA CATALANA GRUP 8 OR (2022-23),JUVENIL,Juvenil,2022-23,cup,,autonomic,4,2026-06-18T16:06:37.909Z,2026-06-18T16:06:37.909Z
bb45d4cf-e2a5-591b-8d7a-6f8717deb841,JUVENIL COPA CATALANA GRUP 9 OR (2022-23),JUVENIL,Juvenil,2022-23,cup,,autonomic,4,2026-06-18T16:06:37.909Z,2026-06-18T16:06:37.909Z
4bf567b3-d9d3-50a2-b226-e5f197836fdc,JUVENIL COPA FEDERACIÓ GRUP 1 (2022-23),JUVENIL,Juvenil,2022-23,cup,,,6,2026-06-18T16:06:37.909Z,2026-06-18T16:06:37.909Z
7e57c610-991a-5b22-b825-e1fad61fb357,JUVENIL COPA FEDERACIÓ GRUP 2 (2022-23),JUVENIL,Juvenil,2022-23,cup,,,6,2026-06-18T16:06:37.909Z,2026-06-18T16:06:37.909Z
b5878e98-1d7e-5012-843a-d908fb88a763,JUVENIL COPA FEDERACIÓ GRUP 3 (2022-23),JUVENIL,Juvenil,2022-23,cup,,,6,2026-06-18T16:06:37.909Z,2026-06-18T16:06:37.909Z
9d77c953-a217-5cc3-89f4-da279a0c2858,JUVENIL COPA FEDERACIÓ GRUP 4 (2022-23),JUVENIL,Juvenil,2022-23,cup,,,5,2026-06-18T16:06:37.909Z,2026-06-18T16:06:37.909Z
40448cc2-ea37-5169-a78c-de4d2357fe88,JUVENIL COPA FEDERACIÓ GRUP 5 (2022-23),JUVENIL,Juvenil,2022-23,cup,,,6,2026-06-18T16:06:37.909Z,2026-06-18T16:06:37.909Z
d6ab25a1-303b-5ee0-a7a6-89aa5b06037a,JUVENIL OR 1A (2022-23),JUVENIL,Juvenil,2022-23,league,,,0,2026-06-18T16:06:37.909Z,2026-06-18T16:06:37.909Z
76d1582f-eea5-5cea-9841-63230895f5d5,JUVENIL OR 1B (2022-23),JUVENIL,Juvenil,2022-23,league,,,0,2026-06-18T16:06:37.909Z,2026-06-18T16:06:37.909Z
0aa9d1c9-0180-535c-b450-5a9caf5425fe,JUVENIL OR 2A (2022-23),JUVENIL,Juvenil,2022-23,league,,,0,2026-06-18T16:06:37.909Z,2026-06-18T16:06:37.909Z
083849a1-db77-591c-b3a0-10115db339d1,JUVENIL OR 2B (2022-23),JUVENIL,Juvenil,2022-23,league,,,0,2026-06-18T16:06:37.909Z,2026-06-18T16:06:37.909Z
d972d8f3-258a-5c3a-873e-9c00faa51ece,JUVENIL OR 3A (2022-23),JUVENIL,Juvenil,2022-23,league,,,0,2026-06-18T16:06:37.909Z,2026-06-18T16:06:37.909Z
753e0216-07e8-5d77-9ae3-73ac52506346,JUVENIL OR 3B (2022-23),JUVENIL,Juvenil,2022-23,league,,,0,2026-06-18T16:06:37.909Z,2026-06-18T16:06:37.909Z
7cd0aa8e-2497-57f5-a4f9-5f5b996c2a7e,JUVENIL OR 4A (2022-23),JUVENIL,Juvenil,2022-23,league,,,0,2026-06-18T16:06:37.909Z,2026-06-18T16:06:37.909Z
2f8180ba-b013-5d70-99b3-810def77b156,JUVENIL OR 4B (2022-23),JUVENIL,Juvenil,2022-23,league,,,0,2026-06-18T16:06:37.909Z,2026-06-18T16:06:37.909Z
8059eea4-74fd-53fc-bab5-7a6473484bdf,JUVENIL OR 5A (2022-23),JUVENIL,Juvenil,2022-23,league,,,0,2026-06-18T16:06:37.909Z,2026-06-18T16:06:37.909Z
1c722aa9-1abc-5472-ba23-9a68e964c434,JUVENIL OR 5B (2022-23),JUVENIL,Juvenil,2022-23,league,,,0,2026-06-18T16:06:37.909Z,2026-06-18T16:06:37.909Z
11f95d65-034e-5e6f-b591-b54609e4448a,JUVENIL OR COPES 1C (2022-23),JUVENIL,Juvenil,2022-23,league,,,6,2026-06-18T16:06:37.909Z,2026-06-18T16:06:37.909Z
bcf15f27-7f75-5379-9596-12db00092e71,JUVENIL OR COPES 2C (2022-23),JUVENIL,Juvenil,2022-23,league,,,5,2026-06-18T16:06:37.909Z,2026-06-18T16:06:37.909Z
6f66900e-2fe9-5add-8cb6-f47b287f6235,JUVENIL OR COPES 3C (2022-23),JUVENIL,Juvenil,2022-23,league,,,5,2026-06-18T16:06:37.909Z,2026-06-18T16:06:37.909Z
59dbd7f9-1d0d-501e-a71d-5752c5ae672c,JUVENIL OR COPES 4C (2022-23),JUVENIL,Juvenil,2022-23,league,,,5,2026-06-18T16:06:37.909Z,2026-06-18T16:06:37.909Z
d93be07d-d60f-5a00-923c-2764f99adbbc,JUVENIL OR COPES 5C (2022-23),JUVENIL,Juvenil,2022-23,league,,,5,2026-06-18T16:06:37.909Z,2026-06-18T16:06:37.909Z
1163ad4a-375c-558d-83aa-42ebf8af3259,JUVENIL OR PREFERENT 1P (2022-23),JUVENIL,Juvenil,2022-23,league,,,6,2026-06-18T16:06:37.909Z,2026-06-18T16:06:37.909Z
c5047bb0-d6f2-542a-ad6a-8c9efdeee5cd,JUVENIL OR PREFERENT 2P (2022-23),JUVENIL,Juvenil,2022-23,league,,,6,2026-06-18T16:06:37.909Z,2026-06-18T16:06:37.909Z
a3e68b36-9925-5768-b4eb-9fb72fab60be,JUVENIL OR PREFERENT 3P (2022-23),JUVENIL,Juvenil,2022-23,league,,,6,2026-06-18T16:06:37.909Z,2026-06-18T16:06:37.909Z
9feff47e-b47e-58c2-b450-03bc7c76c9be,JUVENIL OR PREFERENT 4P (2022-23),JUVENIL,Juvenil,2022-23,league,,,6,2026-06-18T16:06:37.909Z,2026-06-18T16:06:37.909Z
9bed5c35-eb1f-5c34-87e6-56c275cb3324,JUVENIL OR PREFERENT 5P (2022-23),JUVENIL,Juvenil,2022-23,league,,,6,2026-06-18T16:06:37.909Z,2026-06-18T16:06:37.909Z
6140535c-c8e4-5fb8-b32e-397a96a1f8e6,JUVENIL PLATA 1 (2022-23),JUVENIL,Juvenil,2022-23,league,,,0,2026-06-18T16:06:37.909Z,2026-06-18T16:06:37.909Z
4420f07a-5e82-5a92-a784-5b6ba0de6f86,JUVENIL PLATA 2 (2022-23),JUVENIL,Juvenil,2022-23,league,,,0,2026-06-18T16:06:37.909Z,2026-06-18T16:06:37.909Z
386ab794-4955-552d-a5b3-82fd9611c6af,JUVENIL PLATA 3 (2022-23),JUVENIL,Juvenil,2022-23,league,,,0,2026-06-18T16:06:37.909Z,2026-06-18T16:06:37.909Z
4bcf308a-2268-57cf-821d-7938f7865651,JUVENIL PLATA 4 (2022-23),JUVENIL,Juvenil,2022-23,league,,,0,2026-06-18T16:06:37.909Z,2026-06-18T16:06:37.909Z
935b9f8a-edd7-509d-9b47-041872975e22,JUVENIL PLATA 5 (2022-23),JUVENIL,Juvenil,2022-23,league,,,0,2026-06-18T16:06:37.909Z,2026-06-18T16:06:37.909Z
df5ff482-41f2-5bd8-b025-8da4a2ea2ade,JUVENIL PLATA 6 (2022-23),JUVENIL,Juvenil,2022-23,league,,,0,2026-06-18T16:06:37.909Z,2026-06-18T16:06:37.909Z
060ad77f-4c17-5012-87e5-ffe5adacee11,JUVENIL PLATA 7 (2022-23),JUVENIL,Juvenil,2022-23,league,,,0,2026-06-18T16:06:37.909Z,2026-06-18T16:06:37.909Z
8b809cbc-374d-59c4-8d41-f4f0cb724469,JUVENIL PLATA 8 (2022-23),JUVENIL,Juvenil,2022-23,league,,,0,2026-06-18T16:06:37.909Z,2026-06-18T16:06:37.909Z
62487101-7fc1-5ae3-a501-039bf7e58c88,JUVENIL PREF 13E AL 16E CLASSIFICAT (2022-23),JUVENIL,Juvenil,2022-23,league,,,0,2026-06-18T16:06:37.909Z,2026-06-18T16:06:37.909Z
e4dee62e-15fe-55dd-a39a-ed39997bbe4f,JUVENIL PREF 9E AL 12E CLASSIFICAT (2022-23),JUVENIL,Juvenil,2022-23,league,,,0,2026-06-18T16:06:37.909Z,2026-06-18T16:06:37.909Z
6f02753d-34b6-55d6-b46b-c686ac49a531,JUVENIL PREFERENT GRUP P1 (2022-23),JUVENIL,Juvenil,2022-23,league,,,0,2026-06-18T16:06:37.909Z,2026-06-18T16:06:37.909Z
662777e0-d6ed-5f5e-b99e-7017400ca1ac,JUVENIL PREFERENT GRUP P2 (2022-23),JUVENIL,Juvenil,2022-23,league,,,0,2026-06-18T16:06:37.909Z,2026-06-18T16:06:37.909Z
8e9bd9c5-28f7-5f35-9b25-da5813a959fe,JUVENIL PREFERENT GRUP P3 (2022-23),JUVENIL,Juvenil,2022-23,league,,,0,2026-06-18T16:06:37.909Z,2026-06-18T16:06:37.909Z
d071b5b8-ebba-5825-a219-79b996040fed,JUVENIL PREFERENT GRUP P4 (2022-23),JUVENIL,Juvenil,2022-23,league,,,0,2026-06-18T16:06:37.909Z,2026-06-18T16:06:37.909Z
3fab3157-832b-5474-b02e-50b456bf2c49,JUVENIL RANKING GRUP 1 (2022-23),JUVENIL,Juvenil,2022-23,league,,,0,2026-06-18T16:06:37.909Z,2026-06-18T16:06:37.909Z
c29ccec3-75b0-5c07-89d0-d2504e26c4f4,JUVENIL RANKING GRUP 2 (2022-23),JUVENIL,Juvenil,2022-23,league,,,0,2026-06-18T16:06:37.909Z,2026-06-18T16:06:37.909Z
3516bf18-073f-5d14-a466-86999f76a1bc,JUVENIL RANKING GRUP 3 (2022-23),JUVENIL,Juvenil,2022-23,league,,,0,2026-06-18T16:06:37.909Z,2026-06-18T16:06:37.909Z
f4eccdf3-5534-587d-a7bf-1d64bab5dcc0,ELIMINATÒRIES DASCENS A NACIONAL CATALANA (2022-23),DASCENS,Nacional Catalana,2022-23,cup,,estatal,0,2026-06-18T16:06:37.909Z,2026-06-18T16:06:37.909Z
b597b891-45ed-506c-8029-4d62b7f40fe7,NACIONAL CATALANA FEMENINA A (2022-23),NACIONAL,Nacional Catalana,2022-23,league,,estatal,0,2026-06-18T16:06:37.909Z,2026-06-18T16:06:37.909Z
b4e93dd1-2bc9-5b73-a423-17647e57b03d,NACIONAL CATALANA FEMENINA B (2022-23),NACIONAL,Nacional Catalana,2022-23,league,,estatal,0,2026-06-18T16:06:37.909Z,2026-06-18T16:06:37.909Z
86e23b3b-ebef-5252-91ca-3397b133287d,NACIONAL CATALANA MASCULINA A (2022-23),NACIONAL,Nacional Catalana,2022-23,league,,estatal,7,2026-06-18T16:06:37.909Z,2026-06-18T16:06:37.909Z
11d3795d-450d-54b5-a2c5-4060cd3b73f7,NACIONAL CATALANA MASCULINA B (2022-23),NACIONAL,Nacional Catalana,2022-23,league,,estatal,8,2026-06-18T16:06:37.909Z,2026-06-18T16:06:37.909Z
88cb4acc-1ff6-58ac-9c75-3667dc34ba17,FINAL PARTIT PREBENJAMÍ PLATA (ELIMINATÒRIA 3) (2022-23),FINAL,Prebenjamí,2022-23,cup,,,0,2026-06-18T16:06:37.909Z,2026-06-18T16:06:37.909Z
6e0e403f-2e43-544c-bf1c-6fdeab744c84,LLEIDA PREBENJAMI 1ª FASE (2022-23),LLEIDA,Prebenjamí,2022-23,league,,local,0,2026-06-18T16:06:37.909Z,2026-06-18T16:06:37.909Z
38e76400-4a47-5280-ad31-dc16c3e0c725,LLEIDA PREBENJAMI BRONZE (2022-23),LLEIDA,Prebenjamí,2022-23,league,,local,0,2026-06-18T16:06:37.909Z,2026-06-18T16:06:37.909Z
fde89b5f-81f7-5596-8e49-b75939ecc8b6,LLEIDA PREBENJAMI OR (2022-23),LLEIDA,Prebenjamí,2022-23,league,,local,0,2026-06-18T16:06:37.909Z,2026-06-18T16:06:37.909Z
d6e8bae4-d5dd-53d2-811b-b1fb5d00c2aa,LLEIDA PREBENJAMI PLATA (2022-23),LLEIDA,Prebenjamí,2022-23,league,,local,0,2026-06-18T16:06:37.909Z,2026-06-18T16:06:37.909Z
bbe107b6-5249-5c7d-8763-f132c8e70fac,LLIGA DEL 9 AL 12 PREBENJAMÍ PLATA (2022-23),LLIGA,Prebenjamí,2022-23,league,,,0,2026-06-18T16:06:37.909Z,2026-06-18T16:06:37.909Z
07127414-b361-528b-8a42-749463e8e2b6,PREBENJAMI 2ª FASE GRUP A (2022-23),PREBENJAMI,Prebenjamí,2022-23,league,,,5,2026-06-18T16:06:37.909Z,2026-06-18T16:06:37.909Z
e0f4cab3-2add-597d-bcdd-b0643f0ced56,PREBENJAMI 2ª FASE GRUP B (2022-23),PREBENJAMI,Prebenjamí,2022-23,league,,,5,2026-06-18T16:06:37.909Z,2026-06-18T16:06:37.909Z
86e9c537-059f-5772-ad93-8f4695b8cd20,PREBENJAMI 2ª FASE GRUP C (2022-23),PREBENJAMI,Prebenjamí,2022-23,league,,,0,2026-06-18T16:06:37.909Z,2026-06-18T16:06:37.909Z
eb3754f6-9644-5d68-9bd6-58fa897416ed,PREBENJAMI 2º FASE GRUP D (2022-23),PREBENJAMI,Prebenjamí,2022-23,league,,,0,2026-06-18T16:06:37.909Z,2026-06-18T16:06:37.909Z
4b7e57d8-445a-5683-ac23-48e7937d1bea,PREBENJAMI 2º FASE GRUP E (2022-23),PREBENJAMI,Prebenjamí,2022-23,league,,,0,2026-06-18T16:06:37.909Z,2026-06-18T16:06:37.909Z
b6b5f543-58e7-5b4b-aaad-32967fd69fa3,PREBENJAMÍ BRONZE 1 (2022-23),PREBENJAMI,Prebenjamí,2022-23,league,,,8,2026-06-18T16:06:37.909Z,2026-06-18T16:06:37.909Z
4f969cf3-89eb-5c3b-ba10-afcd384a40e1,PREBENJAMÍ BRONZE 2 (2022-23),PREBENJAMI,Prebenjamí,2022-23,league,,,8,2026-06-18T16:06:37.909Z,2026-06-18T16:06:37.909Z
c082296b-87bf-5a80-8359-cab6d696f42c,PREBENJAMÍ BRONZE 3 (2022-23),PREBENJAMI,Prebenjamí,2022-23,league,,,8,2026-06-18T16:06:37.909Z,2026-06-18T16:06:37.909Z
27624551-7582-5679-a009-a18b86508a3b,PREBENJAMÍ BRONZE 4 (2022-23),PREBENJAMI,Prebenjamí,2022-23,league,,,8,2026-06-18T16:06:37.909Z,2026-06-18T16:06:37.909Z
f0757b84-3816-594a-ae64-0c4260808b38,PREBENJAMÍ OR (2022-23),PREBENJAMI,Prebenjamí,2022-23,league,,,0,2026-06-18T16:06:37.909Z,2026-06-18T16:06:37.909Z
7f6e2a5b-4457-5573-ad2f-2020c6551c43,PREBENJAMÍ OR 1 (2022-23),PREBENJAMI,Prebenjamí,2022-23,league,,,9,2026-06-18T16:06:37.909Z,2026-06-18T16:06:37.909Z
dd39d062-f575-5c4a-88b2-c5e90aadb6e6,PREBENJAMÍ OR 2 (2022-23),PREBENJAMI,Prebenjamí,2022-23,league,,,10,2026-06-18T16:06:37.909Z,2026-06-18T16:06:37.909Z
b42f5a91-060e-586d-bfd3-a1f4515d7259,PREBENJAMÍ OR 3 (2022-23),PREBENJAMI,Prebenjamí,2022-23,league,,,10,2026-06-18T16:06:37.909Z,2026-06-18T16:06:37.909Z
45b2788d-5722-5c92-87bd-0e91fd24780f,PREBENJAMÍ PLATA (ELIMINATÒRIA 2) (2022-23),PREBENJAMI,Prebenjamí,2022-23,cup,,,0,2026-06-18T16:06:37.909Z,2026-06-18T16:06:37.909Z
59415f36-d8cc-5eff-8cd7-b93930fa57e7,PREBENJAMÍ PLATA 1 (2022-23),PREBENJAMI,Prebenjamí,2022-23,league,,,10,2026-06-18T16:06:37.909Z,2026-06-18T16:06:37.909Z
bde52f3b-77ca-5770-b775-2339fb629734,PREBENJAMÍ PLATA 2 (2022-23),PREBENJAMI,Prebenjamí,2022-23,league,,,10,2026-06-18T16:06:37.909Z,2026-06-18T16:06:37.909Z
27d8e3f2-8cee-5cd5-8b72-9aed3bdd0425,PREBENJAMÍ PLATA 3 (2022-23),PREBENJAMI,Prebenjamí,2022-23,league,,,9,2026-06-18T16:06:37.909Z,2026-06-18T16:06:37.909Z
b4d7dbe2-0e43-5265-a9be-09150887568e,PREBENJAMÍ PLATA 4 (2022-23),PREBENJAMI,Prebenjamí,2022-23,league,,,10,2026-06-18T16:06:37.909Z,2026-06-18T16:06:37.909Z
97de1874-acd3-5675-9161-b08d748fa7a4,PREBENJAMÍ PLATA 5 (2022-23),PREBENJAMI,Prebenjamí,2022-23,league,,,10,2026-06-18T16:06:37.909Z,2026-06-18T16:06:37.909Z
b59682dd-2508-5f8c-8afb-737b80579af0,PREBENJAMÍ PLATA 6 (2022-23),PREBENJAMI,Prebenjamí,2022-23,league,,,10,2026-06-18T16:06:37.909Z,2026-06-18T16:06:37.909Z
f8c8e8fe-d26b-5afc-90e3-8bb5353a3c22,PREBENJAMÍ PLATA 7 (2022-23),PREBENJAMI,Prebenjamí,2022-23,league,,,9,2026-06-18T16:06:37.909Z,2026-06-18T16:06:37.909Z
a309ded5-f1df-58bc-ac74-8a3e574c52f8,PREBENJAMÍ PLATA 8 (2022-23),PREBENJAMI,Prebenjamí,2022-23,league,,,10,2026-06-18T16:06:37.909Z,2026-06-18T16:06:37.909Z
aeb3f6be-41f9-5806-bb1c-2e7059a12719,PREBENJAMI TGN BRONZE (2022-23),PREBENJAMI,Prebenjamí,2022-23,league,,,0,2026-06-18T16:06:37.909Z,2026-06-18T16:06:37.909Z
d9e4ecff-0166-5dac-9348-f6ad26171f72,PREBENJAMI TGN OR (2022-23),PREBENJAMI,Prebenjamí,2022-23,league,,,0,2026-06-18T16:06:37.909Z,2026-06-18T16:06:37.909Z
d4a4f18c-0e7c-5316-a3ae-43d06f21ae4a,PREBENJAMI TGN PLATA (2022-23),PREBENJAMI,Prebenjamí,2022-23,league,,,0,2026-06-18T16:06:37.909Z,2026-06-18T16:06:37.909Z
5dc4d093-5fb1-5776-9592-8debf5b74999,FINAL A 4 LCV (2022-23),FINAL,Veterans,2022-23,league,,,0,2026-06-18T16:06:37.909Z,2026-06-18T16:06:37.909Z
13e76ce7-61a9-5e2b-8611-5d1547ddc2f6,LCV GRUP A (2022-23),LCV,Veterans,2022-23,league,,,0,2026-06-18T16:06:37.909Z,2026-06-18T16:06:37.909Z
6d9f103c-b7f1-579e-aa29-8aaf4fd50633,LCV GRUP B 1A (2022-23),LCV,Veterans,2022-23,league,,,0,2026-06-18T16:06:37.909Z,2026-06-18T16:06:37.909Z
81a1b4c7-3c2e-59f3-a6cf-894b36146773,LCV GRUP B 1B (2022-23),LCV,Veterans,2022-23,league,,,0,2026-06-18T16:06:37.909Z,2026-06-18T16:06:37.909Z
49e2bf3c-fc19-5128-b0fa-303b285fe19b,LCV GRUP B 2A (2022-23),LCV,Veterans,2022-23,league,,,0,2026-06-18T16:06:37.909Z,2026-06-18T16:06:37.909Z
f1b40f24-58b7-564e-8c64-4e8f5738540e,LCV GRUP B 2B (2022-23),LCV,Veterans,2022-23,league,,,0,2026-06-18T16:06:37.909Z,2026-06-18T16:06:37.909Z
24ae336c-90a3-593c-bd57-34eabd8e305d,LCV TERCERA FASE GRUP B1 (2022-23),LCV,Veterans,2022-23,league,,,0,2026-06-18T16:06:37.909Z,2026-06-18T16:06:37.909Z
643d8cb1-0ba1-5283-a3f8-805b6acfd1eb,LCV TERCERA FASE GRUP B2 (2022-23),LCV,Veterans,2022-23,league,,,0,2026-06-18T16:06:37.909Z,2026-06-18T16:06:37.909Z
49e73211-1f71-5756-a7ca-28fb2de98217,LCV TERCERA FASE GRUP B3 (2022-23),LCV,Veterans,2022-23,league,,,0,2026-06-18T16:06:37.909Z,2026-06-18T16:06:37.909Z
05519bc1-201e-5e80-a212-4fc7b8758a79,LCV TERCERA FASE GRUP B4 (2022-23),LCV,Veterans,2022-23,league,,,0,2026-06-18T16:06:37.909Z,2026-06-18T16:06:37.909Z
ad20cf6d-f47f-536a-8a57-34044c7de12f,PRIMERA CATALANA FEMENINA (2023-24),PRIMERA,1ª Catalana,2023-24,league,,autonomic,16,2026-06-18T16:06:38.121Z,2026-06-18T16:06:38.121Z
57733c56-a748-52e6-a38e-d912775026aa,ALEVÍ OR 1 (2023-24),ALEVI,Aleví,2023-24,league,,,8,2026-06-18T16:06:38.121Z,2026-06-18T16:06:38.121Z
dc4e04a2-ebbe-5437-b407-0d6d03b37beb,ALEVÍ OR 2 (2023-24),ALEVI,Aleví,2023-24,league,,,7,2026-06-18T16:06:38.121Z,2026-06-18T16:06:38.121Z
97d323eb-7714-52d8-969b-a9d7dca930ad,ALEVÍ OR 3 (2023-24),ALEVI,Aleví,2023-24,league,,,8,2026-06-18T16:06:38.121Z,2026-06-18T16:06:38.121Z
385f2509-e512-5a50-8f8a-a002a783d1da,ALEVÍ OR 4 (2023-24),ALEVI,Aleví,2023-24,league,,,8,2026-06-18T16:06:38.121Z,2026-06-18T16:06:38.121Z
e8ff253a-c829-5c9c-872d-376e2468e116,ALEVÍ OR 5 (2023-24),ALEVI,Aleví,2023-24,league,,,8,2026-06-18T16:06:38.121Z,2026-06-18T16:06:38.121Z
9aaf9eaa-1def-52fe-983e-457143a602e6,ALEVÍ OR 6 (2023-24),ALEVI,Aleví,2023-24,league,,,8,2026-06-18T16:06:38.121Z,2026-06-18T16:06:38.121Z
915896a4-a062-5131-b72a-0aa7ba6bd406,ALEVÍ OR 7 (2023-24),ALEVI,Aleví,2023-24,league,,,8,2026-06-18T16:06:38.121Z,2026-06-18T16:06:38.121Z
a9b9b2dd-0c91-5991-89df-431e946b65a7,ALEVÍ OR 8 (2023-24),ALEVI,Aleví,2023-24,league,,,8,2026-06-18T16:06:38.121Z,2026-06-18T16:06:38.121Z
a6070c8a-d07b-5a0e-925b-e369d4d50086,ALEVÍ OR 9 (2023-24),ALEVI,Aleví,2023-24,league,,,8,2026-06-18T16:06:38.121Z,2026-06-18T16:06:38.121Z
7f6f4f94-2ddb-55cd-821c-a7fec81d8db9,ALEVÍ OR CC1 (2023-24),ALEVI,Aleví,2023-24,league,,,8,2026-06-18T16:06:38.121Z,2026-06-18T16:06:38.121Z
5af8ea08-c584-55b9-9fdb-020529b5bf1d,ALEVÍ OR CC2 (2023-24),ALEVI,Aleví,2023-24,league,,,8,2026-06-18T16:06:38.121Z,2026-06-18T16:06:38.121Z
2126b2c8-96a1-5344-9a1a-7c52f864ee54,ALEVÍ OR CC3 (2023-24),ALEVI,Aleví,2023-24,league,,,8,2026-06-18T16:06:38.121Z,2026-06-18T16:06:38.121Z
952bac44-abef-5904-a10d-d16166f95fef,ALEVÍ OR P1 (2023-24),ALEVI,Aleví,2023-24,league,,,6,2026-06-18T16:06:38.121Z,2026-06-18T16:06:38.121Z
5abeb3ec-7a6e-5bf1-bf80-4a716c3ae3e7,ALEVÍ OR P2 (2023-24),ALEVI,Aleví,2023-24,league,,,6,2026-06-18T16:06:38.121Z,2026-06-18T16:06:38.121Z
305fbf6f-1a66-5058-b07d-242fbff0c677,ALEVÍ OR P3 (2023-24),ALEVI,Aleví,2023-24,league,,,6,2026-06-18T16:06:38.121Z,2026-06-18T16:06:38.121Z
b761f3f4-d5e9-530f-af8c-0ecc3ea9cbd6,ALEVÍ OR P4 (2023-24),ALEVI,Aleví,2023-24,league,,,6,2026-06-18T16:06:38.121Z,2026-06-18T16:06:38.121Z
1db97b92-3bb6-528c-a13c-4b55024506f9,ALEVÍ OR RK1 (2023-24),ALEVI,Aleví,2023-24,league,,,7,2026-06-18T16:06:38.121Z,2026-06-18T16:06:38.121Z
17111108-5ada-59b2-9be8-01a41e09b5af,ALEVÍ OR RK2 (2023-24),ALEVI,Aleví,2023-24,league,,,8,2026-06-18T16:06:38.121Z,2026-06-18T16:06:38.121Z
e1ef46ce-4955-5ef5-b40d-0c2fe761bffa,ALEVÍ OR RK3 (2023-24),ALEVI,Aleví,2023-24,league,,,8,2026-06-18T16:06:38.121Z,2026-06-18T16:06:38.121Z
281e1340-af51-557a-88b0-7a3fd0c0ab9c,ALEVÍ PLATA 1 (2023-24),ALEVI,Aleví,2023-24,league,,,8,2026-06-18T16:06:38.121Z,2026-06-18T16:06:38.121Z
f268cf87-14f2-5f74-8ede-745c70e9c7a8,ALEVÍ PLATA 10 (2023-24),ALEVI,Aleví,2023-24,league,,,7,2026-06-18T16:06:38.121Z,2026-06-18T16:06:38.121Z
0a83e3ca-72ea-5448-8faf-de482d8ac4cc,ALEVÍ PLATA 11 (2023-24),ALEVI,Aleví,2023-24,league,,,8,2026-06-18T16:06:38.121Z,2026-06-18T16:06:38.121Z
933abad5-9846-5aa9-b15f-60ac504324ff,ALEVÍ PLATA 12 (2023-24),ALEVI,Aleví,2023-24,league,,,7,2026-06-18T16:06:38.121Z,2026-06-18T16:06:38.121Z
8593a58a-4ea9-5642-a79e-2ed7a1329bf9,ALEVÍ PLATA 13 (2023-24),ALEVI,Aleví,2023-24,league,,,7,2026-06-18T16:06:38.121Z,2026-06-18T16:06:38.121Z
e6a6e9f0-2b40-5590-a526-f0e06c86f081,ALEVÍ PLATA 14 (2023-24),ALEVI,Aleví,2023-24,league,,,8,2026-06-18T16:06:38.121Z,2026-06-18T16:06:38.121Z
1231992f-0452-5cd1-8a1c-c253e5283907,ALEVÍ PLATA 15 (2023-24),ALEVI,Aleví,2023-24,league,,,7,2026-06-18T16:06:38.121Z,2026-06-18T16:06:38.121Z
ebc27064-46a6-5c83-863b-2d295bfc1791,ALEVÍ PLATA 16 (2023-24),ALEVI,Aleví,2023-24,league,,,8,2026-06-18T16:06:38.121Z,2026-06-18T16:06:38.121Z
4b6c4813-f970-586d-b1c5-4a20f6e05feb,ALEVÍ PLATA 2 (2023-24),ALEVI,Aleví,2023-24,league,,,8,2026-06-18T16:06:38.121Z,2026-06-18T16:06:38.121Z
65255936-b25d-5848-8447-bb27fba99420,ALEVÍ PLATA 3 (2023-24),ALEVI,Aleví,2023-24,league,,,7,2026-06-18T16:06:38.121Z,2026-06-18T16:06:38.121Z
6dbada3b-6621-5af8-9467-624c5c60ce88,ALEVÍ PLATA 4 (2023-24),ALEVI,Aleví,2023-24,league,,,8,2026-06-18T16:06:38.121Z,2026-06-18T16:06:38.121Z
71dd4506-b5ec-5daa-8c6b-e1d57bea7a10,ALEVÍ PLATA 5 (2023-24),ALEVI,Aleví,2023-24,league,,,7,2026-06-18T16:06:38.121Z,2026-06-18T16:06:38.121Z
31dd385a-792e-5e7d-bd90-d1e3c5591c99,ALEVÍ PLATA 6 (2023-24),ALEVI,Aleví,2023-24,league,,,8,2026-06-18T16:06:38.121Z,2026-06-18T16:06:38.121Z
6c8454b7-8f96-5729-8c3c-d791ae9c2b5e,ALEVÍ PLATA 7 (2023-24),ALEVI,Aleví,2023-24,league,,,8,2026-06-18T16:06:38.121Z,2026-06-18T16:06:38.121Z
285efcec-4937-5046-bccc-3e829c4da032,ALEVÍ PLATA 8 (2023-24),ALEVI,Aleví,2023-24,league,,,8,2026-06-18T16:06:38.121Z,2026-06-18T16:06:38.121Z
278cea78-0b66-58e4-831d-dba7c57b4016,ALEVÍ PLATA 9 (2023-24),ALEVI,Aleví,2023-24,league,,,8,2026-06-18T16:06:38.121Z,2026-06-18T16:06:38.121Z
b077d672-a64a-5557-902c-37b0b8088449,ALEVÍ PLATA CC1 (2023-24),ALEVI,Aleví,2023-24,league,,,8,2026-06-18T16:06:38.121Z,2026-06-18T16:06:38.121Z
6dcbe652-2724-5689-9fab-7883b8e9f988,ALEVÍ PLATA CC2 (2023-24),ALEVI,Aleví,2023-24,league,,,8,2026-06-18T16:06:38.121Z,2026-06-18T16:06:38.121Z
242be165-0861-5a2d-82cb-3360a912b8dd,ALEVÍ PLATA CC3 (2023-24),ALEVI,Aleví,2023-24,league,,,7,2026-06-18T16:06:38.121Z,2026-06-18T16:06:38.121Z
fb162137-edd4-5903-8af5-7f28fe827b22,ALEVÍ PLATA CC4 (2023-24),ALEVI,Aleví,2023-24,league,,,8,2026-06-18T16:06:38.121Z,2026-06-18T16:06:38.121Z
555c80f1-e0ee-50ff-af1a-5086a4f4a0ad,ALEVÍ PLATA CC5 (2023-24),ALEVI,Aleví,2023-24,league,,,7,2026-06-18T16:06:38.121Z,2026-06-18T16:06:38.121Z
b90fde6f-ffa9-5246-b8d5-53fb9f2ffcfe,ALEVÍ PLATA CC6 (2023-24),ALEVI,Aleví,2023-24,league,,,8,2026-06-18T16:06:38.121Z,2026-06-18T16:06:38.121Z
04cd94a7-5069-5792-b58a-408855740be9,ALEVÍ PLATA CC7 (2023-24),ALEVI,Aleví,2023-24,league,,,8,2026-06-18T16:06:38.121Z,2026-06-18T16:06:38.121Z
65709f78-71af-55db-962b-15a90089c40b,ALEVÍ PLATA CC8 (2023-24),ALEVI,Aleví,2023-24,league,,,8,2026-06-18T16:06:38.121Z,2026-06-18T16:06:38.121Z
c0934b0c-a0c9-5490-b0c7-e41dce4f8d99,ALEVÍ PLATA CF1 (2023-24),ALEVI,Aleví,2023-24,league,,,8,2026-06-18T16:06:38.121Z,2026-06-18T16:06:38.121Z
07986ef1-fad1-5d27-8a2d-063a6db3cbcf,ALEVÍ PLATA CF2 (2023-24),ALEVI,Aleví,2023-24,league,,,8,2026-06-18T16:06:38.121Z,2026-06-18T16:06:38.121Z
28230c09-18af-574f-8b6b-2a323fabe6ba,ALEVÍ PLATA CF3 (2023-24),ALEVI,Aleví,2023-24,league,,,7,2026-06-18T16:06:38.121Z,2026-06-18T16:06:38.121Z
ca8d2bb8-09dd-53c7-a891-2038e946e416,ALEVÍ PLATA CF4 (2023-24),ALEVI,Aleví,2023-24,league,,,7,2026-06-18T16:06:38.121Z,2026-06-18T16:06:38.121Z
d2dbb099-2c4f-5e32-b675-d47a3b73c6a3,ALEVÍ PLATA CF5 (2023-24),ALEVI,Aleví,2023-24,league,,,8,2026-06-18T16:06:38.121Z,2026-06-18T16:06:38.121Z
7171d413-9800-5325-9bea-6e242c51358e,ALEVÍ PLATA CF6 (2023-24),ALEVI,Aleví,2023-24,league,,,8,2026-06-18T16:06:38.121Z,2026-06-18T16:06:38.121Z
6c194830-6c76-54b9-9449-af5f79bb6282,ALEVÍ PLATA CF7 (2023-24),ALEVI,Aleví,2023-24,league,,,6,2026-06-18T16:06:38.121Z,2026-06-18T16:06:38.121Z
deb1acfe-cc32-5030-9bfb-202cbc658e98,ALEVÍ PLATA CF8 (2023-24),ALEVI,Aleví,2023-24,league,,,8,2026-06-18T16:06:38.121Z,2026-06-18T16:06:38.121Z
bbf89936-47b8-5fa2-8887-0e7cf3fcabe2,ALEVÍ PREF 13E AL 16E CLASSIFICAT (2023-24),ALEVI,Aleví,2023-24,league,,,4,2026-06-18T16:06:38.121Z,2026-06-18T16:06:38.121Z
4a6ab13d-ee40-5757-b5d0-3f7278b69938,ALEVÍ PREF 17 AL 20 CLASSIFICAT (2023-24),ALEVI,Aleví,2023-24,league,,,4,2026-06-18T16:06:38.121Z,2026-06-18T16:06:38.121Z
d0cc48f7-fc53-515c-9601-f00c5847a451,ALEVÍ PREF 21 AL 24 CLASSIFICAT (2023-24),ALEVI,Aleví,2023-24,league,,,4,2026-06-18T16:06:38.121Z,2026-06-18T16:06:38.121Z
bf7cc72f-665d-5f32-bcb9-2fb55b93b44f,ALEVÍ PREF 9E AL 12E CLASSIFICAT (2023-24),ALEVI,Aleví,2023-24,league,,,4,2026-06-18T16:06:38.121Z,2026-06-18T16:06:38.121Z
2fea46e1-55cc-5b0b-8b13-86aa76a9369c,FASE DE GRUPS CCAT ALEVÍ (2023-24),FASE,Aleví,2023-24,league,,,8,2026-06-18T16:06:38.121Z,2026-06-18T16:06:38.121Z
252dcd76-64e9-5ece-9833-cc45980f2493,FASE FINAL CCAT ALEVÍ (2023-24),FASE,Aleví,2023-24,league,,,0,2026-06-18T16:06:38.121Z,2026-06-18T16:06:38.121Z
d8afd05a-e2f2-5fa5-9000-de6156e88992,1ª CATALANA GRUP A (2023-24),CATALANA,Altres,2023-24,league,,autonomic,18,2026-06-18T16:06:38.121Z,2026-06-18T16:06:38.121Z
68b63014-7f13-53c2-be13-47193cae545f,1ª CATALANA GRUP B (2023-24),CATALANA,Altres,2023-24,league,,autonomic,18,2026-06-18T16:06:38.121Z,2026-06-18T16:06:38.121Z
c2374d85-ace4-5ff1-889a-2e810bc3d6af,2ª CATALANA GRUP A (2023-24),CATALANA,Altres,2023-24,league,,autonomic,16,2026-06-18T16:06:38.121Z,2026-06-18T16:06:38.121Z
a49aa0fa-2d76-5894-a8f5-4255d79ee504,2ª CATALANA GRUP B (2023-24),CATALANA,Altres,2023-24,league,,autonomic,16,2026-06-18T16:06:38.121Z,2026-06-18T16:06:38.121Z
dbd04be7-43ba-5205-8289-e6e7b9a027b4,2ª CATALANA GRUP C (2023-24),CATALANA,Altres,2023-24,league,,autonomic,16,2026-06-18T16:06:38.121Z,2026-06-18T16:06:38.121Z
6c8f725f-85b5-58f1-8b79-d1184861ec38,3ª CATALANA GRUP A (2023-24),CATALANA,Altres,2023-24,league,,autonomic,17,2026-06-18T16:06:38.121Z,2026-06-18T16:06:38.121Z
7f4fc9e5-638c-5db2-9f77-3ed0947646d1,3ª CATALANA GRUP B (2023-24),CATALANA,Altres,2023-24,league,,autonomic,16,2026-06-18T16:06:38.121Z,2026-06-18T16:06:38.121Z
a4f89c3d-dd17-5326-b885-10c8029ae329,3ª CATALANA GRUP C (2023-24),CATALANA,Altres,2023-24,league,,autonomic,17,2026-06-18T16:06:38.121Z,2026-06-18T16:06:38.121Z
bc7953b5-6ace-5cd2-bc5b-7f44f614e0d6,3ª CATALANA GRUP D (2023-24),CATALANA,Altres,2023-24,league,,autonomic,16,2026-06-18T16:06:38.121Z,2026-06-18T16:06:38.121Z
d847503a-c652-57d6-a30c-96ff9732f200,ELIMINATÒRIES DASCENS A 1CAT (2023-24),DASCENS,Altres,2023-24,cup,,,0,2026-06-18T16:06:38.121Z,2026-06-18T16:06:38.121Z
b7bb09f1-9498-594b-a26a-0908ecedc89d,ELIMINATÒRIES DASCENS A 2CAT (2023-24),DASCENS,Altres,2023-24,cup,,,0,2026-06-18T16:06:38.121Z,2026-06-18T16:06:38.121Z
554202f0-f669-53c1-8f01-b9e8c3bf7ae6,ELIMINATÒRIES DASCENS A NCAT (2023-24),DASCENS,Altres,2023-24,cup,,,0,2026-06-18T16:06:38.121Z,2026-06-18T16:06:38.121Z
3231138a-f239-5b07-a31a-f7a9d3ebf3f4,ELIMINATÒRIES DESCENS A 2CAT (2023-24),DESCENS,Altres,2023-24,cup,,,0,2026-06-18T16:06:38.121Z,2026-06-18T16:06:38.121Z
a8da3551-014a-5c56-a591-b54073d2f43f,F4 FRIT RAVICH LLIGA CATALANA (2023-24),FRIT,Altres,2023-24,league,,autonomic,0,2026-06-18T16:06:38.121Z,2026-06-18T16:06:38.121Z
0f078fc8-61d0-51c1-bc6e-10562262c9c9,FASES FINALS (2023-24),FASES,Altres,2023-24,league,,,0,2026-06-18T16:06:38.121Z,2026-06-18T16:06:38.121Z
ebb1c737-1863-5c96-bea3-2c664890f020,FGRUPS FRIT RAVICH LLIGA CATALANA (2023-24),FGRUPS,Altres,2023-24,league,,autonomic,11,2026-06-18T16:06:38.121Z,2026-06-18T16:06:38.121Z
58f4053c-a1c8-5485-b86c-3d9fbf8bb632,FINALS COPA INTERTERRITORIAL (2023-24),FINALS,Altres,2023-24,cup,,,0,2026-06-18T16:06:38.121Z,2026-06-18T16:06:38.121Z
86f98724-d503-5a35-9052-9372d6a28ae1,LLIGA MASTER 50 (2023-24),LLIGA,Altres,2023-24,league,,,6,2026-06-18T16:06:38.121Z,2026-06-18T16:06:38.121Z
976032d8-b893-5633-9edd-6d8f0a550c09,PLAYOFF NCAT MASCULINA (2023-24),PLAYOFF,Altres,2023-24,cup,,,0,2026-06-18T16:06:38.121Z,2026-06-18T16:06:38.121Z
238126ca-491c-5447-a40b-ca58d2a9956f,Sense Filtre Fase o Grup (2023-24),SENSE,Altres,2023-24,league,,,0,2026-06-18T16:06:38.121Z,2026-06-18T16:06:38.121Z
09cc88a3-ce28-5c91-9834-3fc3ebb22f40,1ª FASE BENJAMI TARRAGONA GRUP A (2023-24),FASE,Benjamí,2023-24,league,,local,8,2026-06-18T16:06:38.121Z,2026-06-18T16:06:38.121Z
437ebefb-a1d8-5d60-a4e3-4ec130efd169,1ª FASE BENJAMI TARRAGONA GRUP B (2023-24),FASE,Benjamí,2023-24,league,,local,9,2026-06-18T16:06:38.121Z,2026-06-18T16:06:38.121Z
56d42a20-7966-5535-b582-ae112aecefad,2ª FASE BENJAMI OR TARRAGONA (2023-24),FASE,Benjamí,2023-24,league,,local,8,2026-06-18T16:06:38.121Z,2026-06-18T16:06:38.121Z
3c1ef83e-396b-5e1a-97e3-14d7f2f99a6c,2ª FASE BENJAMI PLATA TARRAGONA (2023-24),FASE,Benjamí,2023-24,league,,local,10,2026-06-18T16:06:38.121Z,2026-06-18T16:06:38.121Z
1e0f3df2-b409-5d69-be1e-722f2ebab5ea,BCN BENJAMÍ OR 1 (2023-24),BCN,Benjamí,2023-24,league,,,8,2026-06-18T16:06:38.121Z,2026-06-18T16:06:38.121Z
20eb639d-5ba5-5c4e-9943-9fe05d57a710,BCN BENJAMÍ OR 2 (2023-24),BCN,Benjamí,2023-24,league,,,8,2026-06-18T16:06:38.121Z,2026-06-18T16:06:38.121Z
8b00b13b-3a30-50f6-a03c-f0a3fad250ac,BCN BENJAMÍ OR 3 (2023-24),BCN,Benjamí,2023-24,league,,,7,2026-06-18T16:06:38.121Z,2026-06-18T16:06:38.121Z
cae315d8-2459-5da6-902e-d845a7253e6e,BCN BENJAMÍ OR 4 (2023-24),BCN,Benjamí,2023-24,league,,,7,2026-06-18T16:06:38.121Z,2026-06-18T16:06:38.121Z
0c41b7db-5120-5fce-9ec0-b4263bb4ca49,BCN BENJAMÍ OR 5 (2023-24),BCN,Benjamí,2023-24,league,,,7,2026-06-18T16:06:38.121Z,2026-06-18T16:06:38.121Z
6b4cf890-fba5-5965-8071-bf02e96d2b5c,BCN BENJAMÍ OR 6 (2023-24),BCN,Benjamí,2023-24,league,,,7,2026-06-18T16:06:38.121Z,2026-06-18T16:06:38.121Z
d68a5744-f06d-5cb0-bf09-e5f4d7eb5b56,BCN BENJAMÍ OR COPA BCN 1 (2023-24),BCN,Benjamí,2023-24,cup,,,8,2026-06-18T16:06:38.121Z,2026-06-18T16:06:38.121Z
9b5daedb-9f40-528d-8d86-ba6136fe25c1,BCN BENJAMÍ OR COPA BCN 2 (2023-24),BCN,Benjamí,2023-24,cup,,,8,2026-06-18T16:06:38.121Z,2026-06-18T16:06:38.121Z
4f40038e-f489-5014-b9d8-3d718fe325ad,BCN BENJAMÍ OR P1 (2023-24),BCN,Benjamí,2023-24,league,,,6,2026-06-18T16:06:38.121Z,2026-06-18T16:06:38.121Z
330437e5-4bf6-555c-9dd7-6f6db9d57139,BCN BENJAMÍ OR P2 (2023-24),BCN,Benjamí,2023-24,league,,,6,2026-06-18T16:06:38.121Z,2026-06-18T16:06:38.121Z
7040ab5f-dc5a-5192-9619-b5dc0335a6bd,BCN BENJAMÍ OR P3 (2023-24),BCN,Benjamí,2023-24,league,,,6,2026-06-18T16:06:38.121Z,2026-06-18T16:06:38.121Z
96881392-53e7-52a8-b88c-994fc129475b,BCN BENJAMÍ OR P4 (2023-24),BCN,Benjamí,2023-24,league,,,6,2026-06-18T16:06:38.121Z,2026-06-18T16:06:38.121Z
337eb25e-5694-583c-8aba-f0d0474b678f,BCN BENJAMI PLATA 1 (2023-24),BCN,Benjamí,2023-24,league,,,8,2026-06-18T16:06:38.121Z,2026-06-18T16:06:38.121Z
ff9998f8-5088-5a25-a5aa-d3aee7c4659a,BCN BENJAMÍ PLATA 10 (2023-24),BCN,Benjamí,2023-24,league,,,8,2026-06-18T16:06:38.121Z,2026-06-18T16:06:38.121Z
b4455f02-e259-54a1-ba30-9e84ef544f8c,BCN BENJAMÍ PLATA 11 (2023-24),BCN,Benjamí,2023-24,league,,,8,2026-06-18T16:06:38.121Z,2026-06-18T16:06:38.121Z
9830d5f0-78e8-5e0c-b136-c7640bd603e2,BCN BENJAMÍ PLATA 2 (2023-24),BCN,Benjamí,2023-24,league,,,8,2026-06-18T16:06:38.121Z,2026-06-18T16:06:38.121Z
9ecd9170-8fd0-5263-a0b0-4389d33097b4,BCN BENJAMÍ PLATA 3 (2023-24),BCN,Benjamí,2023-24,league,,,8,2026-06-18T16:06:38.121Z,2026-06-18T16:06:38.121Z
622a2338-69bb-5bbd-941e-62454a77c469,BCN BENJAMÍ PLATA 4 (2023-24),BCN,Benjamí,2023-24,league,,,8,2026-06-18T16:06:38.121Z,2026-06-18T16:06:38.121Z
e5a8cf54-db7a-5da0-ae01-edead20604f0,BCN BENJAMÍ PLATA 5 (2023-24),BCN,Benjamí,2023-24,league,,,7,2026-06-18T16:06:38.121Z,2026-06-18T16:06:38.121Z
42c13610-81d8-5d90-8f15-fb2776486340,BCN BENJAMÍ PLATA 6 (2023-24),BCN,Benjamí,2023-24,league,,,7,2026-06-18T16:06:38.121Z,2026-06-18T16:06:38.121Z
cda84b7a-913a-5e35-bff6-1492365e2ffe,BCN BENJAMÍ PLATA 7 (2023-24),BCN,Benjamí,2023-24,league,,,7,2026-06-18T16:06:38.121Z,2026-06-18T16:06:38.121Z
f3a31ddd-dfea-58b0-b642-4e72881e3582,BCN BENJAMÍ PLATA 8 (2023-24),BCN,Benjamí,2023-24,league,,,7,2026-06-18T16:06:38.121Z,2026-06-18T16:06:38.121Z
e439d905-39d5-577c-88bf-c7226765841d,BCN BENJAMÍ PLATA 9 (2023-24),BCN,Benjamí,2023-24,league,,,8,2026-06-18T16:06:38.121Z,2026-06-18T16:06:38.121Z
803e4796-b390-5d72-95e4-9fe2a93056f5,BCN BENJAMÍ PLATA COPA BCN 3 (2023-24),BCN,Benjamí,2023-24,cup,,,8,2026-06-18T16:06:38.121Z,2026-06-18T16:06:38.121Z
03a0c24a-1021-56bb-9e18-887a5690a2d1,BCN BENJAMÍ PLATA COPA BCN 4 (2023-24),BCN,Benjamí,2023-24,cup,,,8,2026-06-18T16:06:38.121Z,2026-06-18T16:06:38.121Z
cc50fc56-6abd-5314-95e0-d7d652d6fb05,BCN BENJAMÍ PLATA COPA BCN 5 (2023-24),BCN,Benjamí,2023-24,cup,,,8,2026-06-18T16:06:38.121Z,2026-06-18T16:06:38.121Z
75af5fb3-ef81-56ba-80c2-5aff2fe23a9d,BCN BENJAMÍ PLATA COPA BCN 6 (2023-24),BCN,Benjamí,2023-24,cup,,,8,2026-06-18T16:06:38.121Z,2026-06-18T16:06:38.121Z
7687b875-5df2-5262-ad8b-0879ebff6596,BCN BENJAMÍ PLATA COPA BCN 7 (2023-24),BCN,Benjamí,2023-24,cup,,,8,2026-06-18T16:06:38.121Z,2026-06-18T16:06:38.121Z
49126a82-5ea2-58a4-8d54-dc090b698521,BCN BENJAMÍ PLATA COPA BCN 8 (2023-24),BCN,Benjamí,2023-24,cup,,,8,2026-06-18T16:06:38.121Z,2026-06-18T16:06:38.121Z
c575feb9-8637-54bf-932b-2f5df5a6b728,BCN BENJAMÍ PLATA COPA FCP 1 (2023-24),BCN,Benjamí,2023-24,cup,,,7,2026-06-18T16:06:38.121Z,2026-06-18T16:06:38.121Z
ea3f01ee-9f9e-53bb-91c2-8eeb042fec8e,BCN BENJAMÍ PLATA COPA FCP 2 (2023-24),BCN,Benjamí,2023-24,cup,,,7,2026-06-18T16:06:38.121Z,2026-06-18T16:06:38.121Z
2c23d87c-36e5-5039-bb47-a3fa5ef7ece2,BCN BENJAMÍ PLATA COPA FCP 3 (2023-24),BCN,Benjamí,2023-24,cup,,,7,2026-06-18T16:06:38.121Z,2026-06-18T16:06:38.121Z
446a01cf-245b-51a0-ba4a-58f4d690cbf5,BCN BENJAMÍ PLATA COPA FCP 4 (2023-24),BCN,Benjamí,2023-24,cup,,,7,2026-06-18T16:06:38.121Z,2026-06-18T16:06:38.121Z
2f295b44-3a94-5ffe-8535-45bde3aa7afa,BCN BENJAMÍ PLATA COPA FCP 5 (2023-24),BCN,Benjamí,2023-24,cup,,,7,2026-06-18T16:06:38.121Z,2026-06-18T16:06:38.121Z
f94fd60f-3eff-50ce-a4db-cb48d9591926,BCN BENJAMÍ PLATA COPA FCP 6 (2023-24),BCN,Benjamí,2023-24,cup,,,6,2026-06-18T16:06:38.121Z,2026-06-18T16:06:38.121Z
3b8d5c5b-bbc4-5ede-a5c2-4ef4b4890e96,BENJAMÍ PREF 13E AL 16E CLASSIFICAT (2023-24),BENJAMI,Benjamí,2023-24,league,,,4,2026-06-18T16:06:38.121Z,2026-06-18T16:06:38.121Z
0b253080-32f8-58be-82f1-a0c2f78abdff,BENJAMÍ PREF 17E AL 20E CLASSIFICAT (2023-24),BENJAMI,Benjamí,2023-24,league,,,4,2026-06-18T16:06:38.121Z,2026-06-18T16:06:38.121Z
54da5391-e4d6-5aa8-83be-603d11821e05,BENJAMÍ PREF 21E AL 24E CLASSIFICAT (2023-24),BENJAMI,Benjamí,2023-24,league,,,4,2026-06-18T16:06:38.121Z,2026-06-18T16:06:38.121Z
98766f61-ce45-52db-8434-7b5f3f608f73,BENJAMÍ PREF 9E AL 12E CLASSIFICAT (2023-24),BENJAMI,Benjamí,2023-24,league,,,4,2026-06-18T16:06:38.121Z,2026-06-18T16:06:38.121Z
2896a446-020d-502f-835f-80b966bd25a0,COPA BARCELONA BENJAMÍ FASES FINALS (2023-24),COPA,Benjamí,2023-24,cup,,local,0,2026-06-18T16:06:38.121Z,2026-06-18T16:06:38.121Z
a6620762-61f9-5b28-bffa-a7658f798334,COPA BARCELONA BENJAMÍ QUARTS DE FINAL I SEMIFINAL (2023-24),COPA,Benjamí,2023-24,cup,,local,0,2026-06-18T16:06:38.121Z,2026-06-18T16:06:38.121Z
455bda89-3e78-57a2-89a9-afb048478ea6,COPA FEDERACIÓ BENJAMÍ FASES FINALS (2023-24),COPA,Benjamí,2023-24,cup,,,0,2026-06-18T16:06:38.121Z,2026-06-18T16:06:38.121Z
6bc25ee3-8e51-5bbc-9602-5988fac33bb8,COPA FEDERACIÓ BENJAMÍ QUARTS DE FINAL I SEMIS (2023-24),COPA,Benjamí,2023-24,cup,,,0,2026-06-18T16:06:38.121Z,2026-06-18T16:06:38.121Z
fff2227e-f7ee-5851-a31e-d2b41896457b,FASE DE GRUPS CAMPIONAT BCN BENJAMÍ (2023-24),FASE,Benjamí,2023-24,league,,,8,2026-06-18T16:06:38.121Z,2026-06-18T16:06:38.121Z
7cd94d6b-5253-5d9c-bd97-21a04c9733e3,FASE DE GRUPS CCAT BENJAMÍ (2023-24),FASE,Benjamí,2023-24,league,,,0,2026-06-18T16:06:38.121Z,2026-06-18T16:06:38.121Z
31618ad5-f983-54b5-a43b-ca8cc1f8ffed,FASES FINALS CAMPIONAT BCN BENJAMÍ (2023-24),FASES,Benjamí,2023-24,league,,,0,2026-06-18T16:06:38.121Z,2026-06-18T16:06:38.121Z
d0f84d38-f03a-51c8-b5d6-fa035de75bee,FASES FINALS CCAT BENJAMÍ (2023-24),FASES,Benjamí,2023-24,league,,,0,2026-06-18T16:06:38.121Z,2026-06-18T16:06:38.121Z
089f446f-2fdc-532e-b744-292cf7768363,GIRONA BENJAMÍ OR (2023-24),GIRONA,Benjamí,2023-24,league,,local,10,2026-06-18T16:06:38.121Z,2026-06-18T16:06:38.121Z
0b4d001e-100b-56b4-9ca4-dd46fec8af57,GIRONA BENJAMÍ PLATA FASE 2 GRUP A (2023-24),GIRONA,Benjamí,2023-24,league,,local,7,2026-06-18T16:06:38.121Z,2026-06-18T16:06:38.121Z
01de6916-6a50-5d6a-820d-67474e62a89e,GIRONA BENJAMÍ PLATA FASE 2 GRUP B (2023-24),GIRONA,Benjamí,2023-24,league,,local,7,2026-06-18T16:06:38.121Z,2026-06-18T16:06:38.121Z
44db7403-5c61-51c9-b8da-4208d797975a,GIRONA BENJAMÍ PLATA FASE 2 GRUP C (2023-24),GIRONA,Benjamí,2023-24,league,,local,7,2026-06-18T16:06:38.121Z,2026-06-18T16:06:38.121Z
fcce6411-2b1f-57d8-b5b1-07b07b77f399,LLEIDA BENJAMI GRUP 1 1A FASE (2023-24),LLEIDA,Benjamí,2023-24,league,,local,9,2026-06-18T16:06:38.121Z,2026-06-18T16:06:38.121Z
884af456-0a4a-5cfa-9ece-4ad11c7a3eb5,LLEIDA BENJAMI GRUP 2 1A FASE (2023-24),LLEIDA,Benjamí,2023-24,league,,local,8,2026-06-18T16:06:38.121Z,2026-06-18T16:06:38.121Z
405cb73d-6052-5faa-970b-2369239fd9d7,LLEIDA BENJAMÍ OR 2A FASE (2023-24),LLEIDA,Benjamí,2023-24,league,,local,8,2026-06-18T16:06:38.121Z,2026-06-18T16:06:38.121Z
738aff17-0f4b-5ae6-9155-1ac8ce1dc413,LLEIDA BENJAMÍ PLATA 2A FASE (2023-24),LLEIDA,Benjamí,2023-24,league,,local,9,2026-06-18T16:06:38.121Z,2026-06-18T16:06:38.121Z
d744ca8e-5207-59d0-bc48-f29d64313418,TROBADES BENJAMÍ OR (2023-24),TROBADES,Benjamí,2023-24,league,,,16,2026-06-18T16:06:38.121Z,2026-06-18T16:06:38.121Z
6ab04654-760f-552d-b1c9-c2ace5e7db50,2ª CATALANA FEMENÍ GRUP A (2023-24),CATALANA,Fem,2023-24,league,,autonomic,15,2026-06-18T16:06:38.121Z,2026-06-18T16:06:38.121Z
9ca4ef6e-13de-534c-95ce-bb36ded05d02,2ª CATALANA FEMENÍ GRUP B (2023-24),CATALANA,Fem,2023-24,league,,autonomic,14,2026-06-18T16:06:38.121Z,2026-06-18T16:06:38.121Z
d8082a64-5ef5-5912-bd7d-9ec9fd96f981,2ª FASE MINIFEM GRUP 1 (2023-24),FASE,Fem,2023-24,league,,,6,2026-06-18T16:06:38.121Z,2026-06-18T16:06:38.121Z
e7bd3177-284f-5de5-9156-bd06b3fff1d9,2ª FASE MINIFEM GRUP 2 (2023-24),FASE,Fem,2023-24,league,,,7,2026-06-18T16:06:38.121Z,2026-06-18T16:06:38.121Z
613b1e43-03f5-5959-b13f-409a91bc0f95,3ª FASE MINIFEM GRUP 1 (2023-24),FASE,Fem,2023-24,league,,,6,2026-06-18T16:06:38.121Z,2026-06-18T16:06:38.121Z
fcd35f7e-89b3-5cb6-b3c5-03e953b31630,3ª FASE MINIFEM GRUP 2 (2023-24),FASE,Fem,2023-24,league,,,7,2026-06-18T16:06:38.121Z,2026-06-18T16:06:38.121Z
b406bf11-7e70-58ca-a583-4a54ed14dfa6,ELIMINATÒRIA DASCENS A NCAT FEM (2023-24),DASCENS,Fem,2023-24,cup,,,0,2026-06-18T16:06:38.121Z,2026-06-18T16:06:38.121Z
8b184c23-cb19-5f2b-be08-9bb921ca98c6,ELIMINATÒRIES DASCENS A 1CAT FEM (2023-24),DASCENS,Fem,2023-24,cup,,,0,2026-06-18T16:06:38.121Z,2026-06-18T16:06:38.121Z
e1400f0f-b6fb-5f6e-936d-c472d51c57c9,FASE DE GRUPS CCAT FEM11 (2023-24),FASE,Fem,2023-24,league,,,8,2026-06-18T16:06:38.121Z,2026-06-18T16:06:38.121Z
e0f6636e-6a08-509d-83ae-9283361b70f1,FASE FINAL CCAT FEM11 (2023-24),FASE,Fem,2023-24,league,,,0,2026-06-18T16:06:38.121Z,2026-06-18T16:06:38.121Z
e5e698db-a018-53c3-94b0-e2288f593e11,FASES FINALS COPA CATALANA FEM11 (2023-24),FASES,Fem,2023-24,cup,,autonomic,0,2026-06-18T16:06:38.121Z,2026-06-18T16:06:38.121Z
7bdbc370-5271-5ce3-99ff-e1462351b49c,FASES FINALS COPA CATALANA FEM15 (2023-24),FASES,Fem,2023-24,cup,,autonomic,0,2026-06-18T16:06:38.121Z,2026-06-18T16:06:38.121Z
9d45ca42-de78-5436-85a5-776e9f8abf13,FASES FINALS COPA CATALANA FEM17 (2023-24),FASES,Fem,2023-24,cup,,autonomic,0,2026-06-18T16:06:38.121Z,2026-06-18T16:06:38.121Z
237ad1a9-f425-5728-bb42-6ecb9cca2b03,FEM 11 A (2023-24),FEM,Fem,2023-24,league,,,8,2026-06-18T16:06:38.121Z,2026-06-18T16:06:38.121Z
3f725b30-5fa3-57d8-bf02-df7e64568151,FEM 11 B (2023-24),FEM,Fem,2023-24,league,,,7,2026-06-18T16:06:38.121Z,2026-06-18T16:06:38.121Z
e7a167b7-63b7-5e8d-b9e7-8f6db416e3fa,FEM 11 C (2023-24),FEM,Fem,2023-24,league,,,7,2026-06-18T16:06:38.121Z,2026-06-18T16:06:38.121Z
1b0bee32-fda3-5a5f-9547-e2da04a812d2,FEM 11 C1 (2023-24),FEM,Fem,2023-24,league,,,6,2026-06-18T16:06:38.121Z,2026-06-18T16:06:38.121Z
97b619fc-cdcf-55a6-a90b-b12bc3e2368c,FEM 11 C2 (2023-24),FEM,Fem,2023-24,league,,,5,2026-06-18T16:06:38.121Z,2026-06-18T16:06:38.121Z
493766ae-0687-5058-98ad-ae5acc94d0d4,FEM 11 C3 (2023-24),FEM,Fem,2023-24,league,,,6,2026-06-18T16:06:38.121Z,2026-06-18T16:06:38.121Z
4ee24086-8e4d-509f-8ea6-4173dd2eaef0,FEM 11 D (2023-24),FEM,Fem,2023-24,league,,,8,2026-06-18T16:06:38.121Z,2026-06-18T16:06:38.121Z
6ade419f-9ce5-53f2-a4fc-29b9bfe018d7,FEM 11 P1 (2023-24),FEM,Fem,2023-24,league,,,6,2026-06-18T16:06:38.121Z,2026-06-18T16:06:38.121Z
b7830ac5-3622-5553-9405-49d25955becd,FEM 11 P2 (2023-24),FEM,Fem,2023-24,league,,,6,2026-06-18T16:06:38.121Z,2026-06-18T16:06:38.121Z
9c41a42b-4733-5af8-b807-3e7134d96979,FEM 13 OR A (2023-24),FEM,Fem,2023-24,league,,,8,2026-06-18T16:06:38.121Z,2026-06-18T16:06:38.121Z
21ee5583-051f-554f-af46-21320f1a492c,FEM 13 OR B (2023-24),FEM,Fem,2023-24,league,,,9,2026-06-18T16:06:38.121Z,2026-06-18T16:06:38.121Z
86cd4045-93ad-5a7b-8fa8-569cae6e1ecb,FEM 13 OR CC1 (2023-24),FEM,Fem,2023-24,league,,,5,2026-06-18T16:06:38.121Z,2026-06-18T16:06:38.121Z
514e7619-1824-5060-af4c-0078272a48d3,FEM 13 P1 (2023-24),FEM,Fem,2023-24,league,,,4,2026-06-18T16:06:38.121Z,2026-06-18T16:06:38.121Z
512bd7bb-6962-5562-8b45-35930f788c63,FEM 13 P2 (2023-24),FEM,Fem,2023-24,league,,,4,2026-06-18T16:06:38.121Z,2026-06-18T16:06:38.121Z
ef73487d-a4ac-5593-99b2-8d8938e9292a,FEM 13 P3 (2023-24),FEM,Fem,2023-24,league,,,4,2026-06-18T16:06:38.121Z,2026-06-18T16:06:38.121Z
1604aae6-123f-51ce-87c7-0501a5c4324f,FEM 13 PL1 CC (2023-24),FEM,Fem,2023-24,league,,,5,2026-06-18T16:06:38.121Z,2026-06-18T16:06:38.121Z
f6a17d66-2488-5de5-8632-eda06b5284f8,FEM 13 PL2 CC (2023-24),FEM,Fem,2023-24,league,,,5,2026-06-18T16:06:38.121Z,2026-06-18T16:06:38.121Z
cea9e252-ae98-5826-9cff-88af2a616cfd,FEM 13 PL3 CC (2023-24),FEM,Fem,2023-24,league,,,5,2026-06-18T16:06:38.121Z,2026-06-18T16:06:38.121Z
b98f8535-8d5d-5fa5-989f-aa82503eab0e,FEM 13 PLATA A (2023-24),FEM,Fem,2023-24,league,,,9,2026-06-18T16:06:38.121Z,2026-06-18T16:06:38.121Z
ee183e84-f720-5345-9a26-8f284d9bde19,FEM 13 PLATA B (2023-24),FEM,Fem,2023-24,league,,,9,2026-06-18T16:06:38.121Z,2026-06-18T16:06:38.121Z
9ca03bc3-234f-59a6-b7df-5ac9e0e59d96,FEM 13 PLATA C (2023-24),FEM,Fem,2023-24,league,,,9,2026-06-18T16:06:38.121Z,2026-06-18T16:06:38.121Z
ec105601-c6b5-5c83-8e43-665608b52c17,FEM 13 RK 1 (2023-24),FEM,Fem,2023-24,league,,,6,2026-06-18T16:06:38.121Z,2026-06-18T16:06:38.121Z
c0cb03d6-1c88-5333-b422-e001ae0ac08a,FEM 13 RK 2 (2023-24),FEM,Fem,2023-24,league,,,6,2026-06-18T16:06:38.121Z,2026-06-18T16:06:38.121Z
2dbff324-c711-594d-b271-4ca397fe312f,FEM 15 A (2023-24),FEM,Fem,2023-24,league,,,7,2026-06-18T16:06:38.121Z,2026-06-18T16:06:38.121Z
bb97b8c1-cb6c-5e55-b13a-21aaddbfc89c,FEM 15 B (2023-24),FEM,Fem,2023-24,league,,,6,2026-06-18T16:06:38.121Z,2026-06-18T16:06:38.121Z
17d782f7-465d-529b-a34d-bafaec55da22,FEM 15 C (2023-24),FEM,Fem,2023-24,league,,,7,2026-06-18T16:06:38.121Z,2026-06-18T16:06:38.121Z
d39ea155-b471-54e9-9899-bd85477556b4,FEM 15 C1 (2023-24),FEM,Fem,2023-24,league,,,7,2026-06-18T16:06:38.121Z,2026-06-18T16:06:38.121Z
714b4b68-e2bf-51d1-be72-4170e65ffe15,FEM 15 C2 (2023-24),FEM,Fem,2023-24,league,,,7,2026-06-18T16:06:38.121Z,2026-06-18T16:06:38.121Z
b14a02a0-b472-5fb5-bf4f-52f71c117ed0,FEM 15 C3 (2023-24),FEM,Fem,2023-24,league,,,6,2026-06-18T16:06:38.121Z,2026-06-18T16:06:38.121Z
f9283ad3-1e92-5bb4-9fa9-5ef53119e7fb,FEM 15 D (2023-24),FEM,Fem,2023-24,league,,,6,2026-06-18T16:06:38.121Z,2026-06-18T16:06:38.121Z
99008e7f-a035-569f-ad8a-ddb6b1a86d02,FEM 15 E (2023-24),FEM,Fem,2023-24,league,,,6,2026-06-18T16:06:38.121Z,2026-06-18T16:06:38.121Z
d13b10b0-ea34-566a-8100-63e1002c6a9b,FEM 15 P1 (2023-24),FEM,Fem,2023-24,league,,,6,2026-06-18T16:06:38.121Z,2026-06-18T16:06:38.121Z
73d5d508-6c63-58b0-b5bd-3884a8e344b4,FEM 15 P2 (2023-24),FEM,Fem,2023-24,league,,,6,2026-06-18T16:06:38.121Z,2026-06-18T16:06:38.121Z
ef1d57dd-c13e-5421-96cd-5d6944a26454,FEM 17 A (2023-24),FEM,Fem,2023-24,league,,,7,2026-06-18T16:06:38.121Z,2026-06-18T16:06:38.121Z
ffbcd68d-4934-5170-b85a-6b9c62db16a6,FEM 17 B (2023-24),FEM,Fem,2023-24,league,,,7,2026-06-18T16:06:38.121Z,2026-06-18T16:06:38.121Z
2c89eb62-1748-56c7-b185-903d94d926d2,FEM 17 C (2023-24),FEM,Fem,2023-24,league,,,8,2026-06-18T16:06:38.121Z,2026-06-18T16:06:38.121Z
1316500e-782a-5063-b6b2-bdd97eff023b,FEM 17 C1 (2023-24),FEM,Fem,2023-24,league,,,6,2026-06-18T16:06:38.121Z,2026-06-18T16:06:38.121Z
f04e2f65-d17f-5ce9-8faf-df9f8ad32bc2,FEM 17 C2 (2023-24),FEM,Fem,2023-24,league,,,4,2026-06-18T16:06:38.121Z,2026-06-18T16:06:38.121Z
d4d0b86a-75fb-5edd-bf99-41f89b498318,FEM 17 P1 (2023-24),FEM,Fem,2023-24,league,,,6,2026-06-18T16:06:38.121Z,2026-06-18T16:06:38.121Z
5f4f212c-2d31-50bb-8bd7-cad655524c1b,FEM 17 P2 (2023-24),FEM,Fem,2023-24,league,,,6,2026-06-18T16:06:38.121Z,2026-06-18T16:06:38.121Z
01707d80-006b-518e-86dc-c829a1cb93dd,FEM11 PREF 9E AL 12E CLASSIFICAT (2023-24),PREF,Fem,2023-24,league,,,4,2026-06-18T16:06:38.121Z,2026-06-18T16:06:38.121Z
422bd654-ee64-51a9-a5dd-9c4c72030274,FEM13 PREF 9E AL 12E CLASSIFICAT (2023-24),PREF,Fem,2023-24,league,,,4,2026-06-18T16:06:38.121Z,2026-06-18T16:06:38.121Z
6dd9d6d0-6ffe-57c4-8d5e-42d2a3c72dfd,FEM15 PREF 9E AL 12E CLASSIFICAT (2023-24),PREF,Fem,2023-24,league,,,4,2026-06-18T16:06:38.121Z,2026-06-18T16:06:38.121Z
e15decd1-5132-5500-87d7-5c9d5de30f2a,FEM17 PREF 9E AL 12E CLASSIFICAT (2023-24),PREF,Fem,2023-24,league,,,4,2026-06-18T16:06:38.121Z,2026-06-18T16:06:38.121Z
d6319f91-0002-53a9-8e92-077a21d77add,MINIFEM A (2023-24),MINIFEM,Fem,2023-24,league,,,4,2026-06-18T16:06:38.121Z,2026-06-18T16:06:38.121Z
cb68de47-32b7-565b-91dc-35cd72353861,MINIFEM B (2023-24),MINIFEM,Fem,2023-24,league,,,5,2026-06-18T16:06:38.121Z,2026-06-18T16:06:38.121Z
a885ee36-7fee-5bf4-ba18-7afe62f81440,PLAYOFF NCAT FEMENINA (2023-24),PLAYOFF,Fem,2023-24,cup,,,0,2026-06-18T16:06:38.121Z,2026-06-18T16:06:38.121Z
69ff2fdb-f2ff-5980-8b85-5d6847034e10,PLAYOUT NCAT FEMENINA (2023-24),PLAYOUT,Fem,2023-24,league,,,4,2026-06-18T16:06:38.121Z,2026-06-18T16:06:38.121Z
0b51c39b-fc41-51d0-ba20-4eb00878e663,FASE DE GRUPS CCAT INFANTIL (2023-24),FASE,Infantil,2023-24,league,,,8,2026-06-18T16:06:38.121Z,2026-06-18T16:06:38.121Z
88eee703-963e-5261-89c2-c36c2fdf77df,FASE FINAL CCAT INFANTIL (2023-24),FASE,Infantil,2023-24,league,,,0,2026-06-18T16:06:38.121Z,2026-06-18T16:06:38.121Z
7e89ddfe-8c1e-578f-b9ee-9181e9d65272,INFANTIL OR 1 (2023-24),INFANTIL,Infantil,2023-24,league,,,8,2026-06-18T16:06:38.121Z,2026-06-18T16:06:38.121Z
75987c15-6549-54da-b23d-136b8ae6522b,INFANTIL OR 10 (2023-24),INFANTIL,Infantil,2023-24,league,,,7,2026-06-18T16:06:38.121Z,2026-06-18T16:06:38.121Z
593fc4be-c7bc-574e-93b3-d8d2ec816d88,INFANTIL OR 2 (2023-24),INFANTIL,Infantil,2023-24,league,,,8,2026-06-18T16:06:38.121Z,2026-06-18T16:06:38.121Z
ac15b9d2-b44b-5fbc-9d77-847a2202ff4a,INFANTIL OR 3 (2023-24),INFANTIL,Infantil,2023-24,league,,,8,2026-06-18T16:06:38.121Z,2026-06-18T16:06:38.121Z
a366bd19-f1aa-5433-8f0f-cecbe0af6ee3,INFANTIL OR 4 (2023-24),INFANTIL,Infantil,2023-24,league,,,8,2026-06-18T16:06:38.121Z,2026-06-18T16:06:38.121Z
7ae0f2f4-e4af-5774-9906-dd05ec398824,INFANTIL OR 5 (2023-24),INFANTIL,Infantil,2023-24,league,,,8,2026-06-18T16:06:38.121Z,2026-06-18T16:06:38.121Z
687d4d3c-ca8f-578c-b69d-1a72c11a3b9f,INFANTIL OR 6 (2023-24),INFANTIL,Infantil,2023-24,league,,,8,2026-06-18T16:06:38.121Z,2026-06-18T16:06:38.121Z
50a09b20-0dba-5df5-914f-4db60bb6d909,INFANTIL OR 7 (2023-24),INFANTIL,Infantil,2023-24,league,,,8,2026-06-18T16:06:38.121Z,2026-06-18T16:06:38.121Z
ae47f0c6-3380-5175-bc0d-9cfdb56984d9,INFANTIL OR 8 (2023-24),INFANTIL,Infantil,2023-24,league,,,7,2026-06-18T16:06:38.121Z,2026-06-18T16:06:38.121Z
8aa31b9d-0d5b-55eb-a859-b809d8b8ce19,INFANTIL OR 9 (2023-24),INFANTIL,Infantil,2023-24,league,,,7,2026-06-18T16:06:38.121Z,2026-06-18T16:06:38.121Z
2aa01f1a-4b35-53a5-b512-73c6d912a77b,INFANTIL OR CC1 (2023-24),INFANTIL,Infantil,2023-24,league,,,7,2026-06-18T16:06:38.121Z,2026-06-18T16:06:38.121Z
03f13707-810a-5bf5-aff8-bf7eb601576d,INFANTIL OR CC2 (2023-24),INFANTIL,Infantil,2023-24,league,,,7,2026-06-18T16:06:38.121Z,2026-06-18T16:06:38.121Z
4f48291c-08e1-5935-86a3-2450e0867e2f,INFANTIL OR CC3 (2023-24),INFANTIL,Infantil,2023-24,league,,,8,2026-06-18T16:06:38.121Z,2026-06-18T16:06:38.121Z
f20cf064-9fb3-56b5-8ff0-c868f576dfdb,INFANTIL OR CC4 (2023-24),INFANTIL,Infantil,2023-24,league,,,7,2026-06-18T16:06:38.121Z,2026-06-18T16:06:38.121Z
9e435387-a4d1-5980-8104-501b0c42091b,INFANTIL OR P1 (2023-24),INFANTIL,Infantil,2023-24,league,,,6,2026-06-18T16:06:38.121Z,2026-06-18T16:06:38.121Z
ec3fb8ae-ae44-5c07-bfef-d8599e60f92c,INFANTIL OR P2 (2023-24),INFANTIL,Infantil,2023-24,league,,,6,2026-06-18T16:06:38.121Z,2026-06-18T16:06:38.121Z
07170cfe-9aba-5fd7-960c-48c922794d85,INFANTIL OR P3 (2023-24),INFANTIL,Infantil,2023-24,league,,,6,2026-06-18T16:06:38.121Z,2026-06-18T16:06:38.121Z
9c8b8721-5abc-5724-b9c2-a0138fc0d7c3,INFANTIL OR P4 (2023-24),INFANTIL,Infantil,2023-24,league,,,6,2026-06-18T16:06:38.121Z,2026-06-18T16:06:38.121Z
c29a8d25-aeb3-533d-b5ac-4cf454c76b76,INFANTIL OR RK1 (2023-24),INFANTIL,Infantil,2023-24,league,,,8,2026-06-18T16:06:38.121Z,2026-06-18T16:06:38.121Z
16cbf2ea-1555-56ea-920d-e00f66d852a4,INFANTIL OR RK2 (2023-24),INFANTIL,Infantil,2023-24,league,,,8,2026-06-18T16:06:38.121Z,2026-06-18T16:06:38.121Z
26776987-db45-5b5e-ba6f-772b98efa2fd,INFANTIL OR RK3 (2023-24),INFANTIL,Infantil,2023-24,league,,,8,2026-06-18T16:06:38.121Z,2026-06-18T16:06:38.121Z
22c9bcd2-56ff-5539-8ef9-1e4d373c1382,INFANTIL PLATA 1 (2023-24),INFANTIL,Infantil,2023-24,league,,,8,2026-06-18T16:06:38.121Z,2026-06-18T16:06:38.121Z
5550d0ab-3b15-537d-948e-48c564c55560,INFANTIL PLATA 10 (2023-24),INFANTIL,Infantil,2023-24,league,,,7,2026-06-18T16:06:38.121Z,2026-06-18T16:06:38.121Z
24c6395b-b567-53ae-9b59-03d3c7720db5,INFANTIL PLATA 11 (2023-24),INFANTIL,Infantil,2023-24,league,,,8,2026-06-18T16:06:38.121Z,2026-06-18T16:06:38.121Z
52925822-4752-589d-a1bf-070e1caa5d2d,INFANTIL PLATA 12 (2023-24),INFANTIL,Infantil,2023-24,league,,,8,2026-06-18T16:06:38.121Z,2026-06-18T16:06:38.121Z
1237e777-70ab-5197-aa43-a927e5395840,INFANTIL PLATA 2 (2023-24),INFANTIL,Infantil,2023-24,league,,,8,2026-06-18T16:06:38.121Z,2026-06-18T16:06:38.121Z
68d62153-facf-5fcc-83c9-e385c0bc00cd,INFANTIL PLATA 3 (2023-24),INFANTIL,Infantil,2023-24,league,,,8,2026-06-18T16:06:38.121Z,2026-06-18T16:06:38.121Z
c1b0e761-6622-5907-973f-26205a514a16,INFANTIL PLATA 4 (2023-24),INFANTIL,Infantil,2023-24,league,,,8,2026-06-18T16:06:38.121Z,2026-06-18T16:06:38.121Z
c8202675-5ef6-567b-8566-5fc9ba3d8529,INFANTIL PLATA 5 (2023-24),INFANTIL,Infantil,2023-24,league,,,7,2026-06-18T16:06:38.121Z,2026-06-18T16:06:38.121Z
a3389fd0-b0ac-5c5b-95c9-763965ea70e3,INFANTIL PLATA 6 (2023-24),INFANTIL,Infantil,2023-24,league,,,7,2026-06-18T16:06:38.121Z,2026-06-18T16:06:38.121Z
8a376926-91ce-5f5c-8b3b-5556f098a24a,INFANTIL PLATA 7 (2023-24),INFANTIL,Infantil,2023-24,league,,,7,2026-06-18T16:06:38.121Z,2026-06-18T16:06:38.121Z
86070352-7a24-56b0-be87-ecec2e393243,INFANTIL PLATA 8 (2023-24),INFANTIL,Infantil,2023-24,league,,,8,2026-06-18T16:06:38.121Z,2026-06-18T16:06:38.121Z
6b7ac384-3806-5c08-a5ad-d9ac0a112d57,INFANTIL PLATA 9 (2023-24),INFANTIL,Infantil,2023-24,league,,,8,2026-06-18T16:06:38.121Z,2026-06-18T16:06:38.121Z
73853a6a-411b-5775-be65-078a15032a01,INFANTIL PLATA CC1 (2023-24),INFANTIL,Infantil,2023-24,league,,,8,2026-06-18T16:06:38.121Z,2026-06-18T16:06:38.121Z
7bb3b13b-97dc-5a0e-a817-2c1285cd27c5,INFANTIL PLATA CC2 (2023-24),INFANTIL,Infantil,2023-24,league,,,8,2026-06-18T16:06:38.121Z,2026-06-18T16:06:38.121Z
8529ef47-de63-5737-a867-9debac1cd9ae,INFANTIL PLATA CC3 (2023-24),INFANTIL,Infantil,2023-24,league,,,8,2026-06-18T16:06:38.121Z,2026-06-18T16:06:38.121Z
207ec009-f0fa-5402-87e1-255ff186f20e,INFANTIL PLATA CC4 (2023-24),INFANTIL,Infantil,2023-24,league,,,8,2026-06-18T16:06:38.121Z,2026-06-18T16:06:38.121Z
8304651b-3b85-571f-9f71-dc3a99e3f778,INFANTIL PLATA CC5 (2023-24),INFANTIL,Infantil,2023-24,league,,,8,2026-06-18T16:06:38.121Z,2026-06-18T16:06:38.121Z
4922189c-d414-5497-bfe7-31b6c9f8ce66,INFANTIL PLATA CC6 (2023-24),INFANTIL,Infantil,2023-24,league,,,8,2026-06-18T16:06:38.121Z,2026-06-18T16:06:38.121Z
48bef0d3-a51e-5c28-8633-9af9076090d8,INFANTIL PLATA CF1 (2023-24),INFANTIL,Infantil,2023-24,league,,,7,2026-06-18T16:06:38.121Z,2026-06-18T16:06:38.121Z
f81ac109-989c-5321-8dde-47a0a107bfdf,INFANTIL PLATA CF2 (2023-24),INFANTIL,Infantil,2023-24,league,,,7,2026-06-18T16:06:38.121Z,2026-06-18T16:06:38.121Z
d918d287-b848-5e31-89b7-61fcff971f77,INFANTIL PLATA CF3 (2023-24),INFANTIL,Infantil,2023-24,league,,,7,2026-06-18T16:06:38.121Z,2026-06-18T16:06:38.121Z
03a28891-696b-5c6c-9754-c06ed311d7c2,INFANTIL PLATA CF4 (2023-24),INFANTIL,Infantil,2023-24,league,,,7,2026-06-18T16:06:38.121Z,2026-06-18T16:06:38.121Z
2890790b-748e-5ad7-8f3d-d645674e12bc,INFANTIL PLATA CF5 (2023-24),INFANTIL,Infantil,2023-24,league,,,8,2026-06-18T16:06:38.121Z,2026-06-18T16:06:38.121Z
2e17e9b5-63f7-5d7f-b88a-0ca2af55d712,INFANTIL PLATA CF6 (2023-24),INFANTIL,Infantil,2023-24,league,,,8,2026-06-18T16:06:38.121Z,2026-06-18T16:06:38.121Z
46990205-2568-5c84-9ec5-9b9e1c808835,INFANTIL PREF 13E AL 16E CLASSIFICAT (2023-24),INFANTIL,Infantil,2023-24,league,,,4,2026-06-18T16:06:38.121Z,2026-06-18T16:06:38.121Z
95261c47-b5e8-57b5-abda-5b6cd2ecfee5,INFANTIL PREF 17 AL 20 CLASSIFICAT (2023-24),INFANTIL,Infantil,2023-24,league,,,4,2026-06-18T16:06:38.121Z,2026-06-18T16:06:38.121Z
92d9fcb2-cb9b-5903-99b8-d35d2561d609,INFANTIL PREF 21 AL 24 CLASSIFICAT (2023-24),INFANTIL,Infantil,2023-24,league,,,4,2026-06-18T16:06:38.121Z,2026-06-18T16:06:38.121Z
42eeb038-584f-52cb-8ba4-a2598be28413,INFANTIL PREF 9E AL 12E CLASSIFICAT (2023-24),INFANTIL,Infantil,2023-24,league,,,4,2026-06-18T16:06:38.121Z,2026-06-18T16:06:38.121Z
5d8d5f3e-c129-5233-967b-e74576ef7b21,TERRITORIALS INFANTIL (2023-24),INFANTIL,Infantil,2023-24,league,,,0,2026-06-18T16:06:38.121Z,2026-06-18T16:06:38.121Z
07f3187d-83ce-5c47-83ce-7581c4e2a650,FASE DE GRUPS CCAT JÚNIOR (2023-24),FASE,Júnior,2023-24,league,,,8,2026-06-18T16:06:38.121Z,2026-06-18T16:06:38.121Z
90b260aa-0de8-504c-a4fa-c2192628999d,FASE FINAL CCAT JÚNIOR (2023-24),FASE,Júnior,2023-24,league,,,0,2026-06-18T16:06:38.121Z,2026-06-18T16:06:38.121Z
91edfc3c-6afa-58fa-a1cf-d5555d94ab8c,JÚNIOR OR 1 (2023-24),JUNIOR,Júnior,2023-24,league,,,8,2026-06-18T16:06:38.121Z,2026-06-18T16:06:38.121Z
5b05ca7f-fb45-50ec-b9c3-cdd65365d358,JÚNIOR OR 2 (2023-24),JUNIOR,Júnior,2023-24,league,,,8,2026-06-18T16:06:38.121Z,2026-06-18T16:06:38.121Z
723526f6-3f41-5c1e-9fff-f553aac25b2b,JÚNIOR OR 3 (2023-24),JUNIOR,Júnior,2023-24,league,,,8,2026-06-18T16:06:38.121Z,2026-06-18T16:06:38.121Z
a7e12533-66f8-5764-ad9e-791c0e90a12b,JÚNIOR OR 4 (2023-24),JUNIOR,Júnior,2023-24,league,,,8,2026-06-18T16:06:38.121Z,2026-06-18T16:06:38.121Z
46eb2a92-0d65-54f9-a07f-93b6ed515e46,JÚNIOR OR 5 (2023-24),JUNIOR,Júnior,2023-24,league,,,8,2026-06-18T16:06:38.121Z,2026-06-18T16:06:38.121Z
4aeaff15-85da-5f4d-8965-7fdbf2333715,JÚNIOR OR 6 (2023-24),JUNIOR,Júnior,2023-24,league,,,6,2026-06-18T16:06:38.121Z,2026-06-18T16:06:38.121Z
29af1b08-2754-55be-bffa-25d0207c26a9,JÚNIOR OR CC1 (2023-24),JUNIOR,Júnior,2023-24,league,,,8,2026-06-18T16:06:38.121Z,2026-06-18T16:06:38.121Z
3c390631-2864-5fdb-a2c1-53c9a68434e6,JÚNIOR OR CC2 (2023-24),JUNIOR,Júnior,2023-24,league,,,8,2026-06-18T16:06:38.121Z,2026-06-18T16:06:38.121Z
858a430a-113f-5498-8bb4-cd7ccfe7d652,JÚNIOR OR P1 (2023-24),JUNIOR,Júnior,2023-24,league,,,6,2026-06-18T16:06:38.121Z,2026-06-18T16:06:38.121Z
ad74aee8-ecd5-54fa-8152-bba3d18edc92,JÚNIOR OR P2 (2023-24),JUNIOR,Júnior,2023-24,league,,,6,2026-06-18T16:06:38.121Z,2026-06-18T16:06:38.121Z
af5db2cd-5308-5332-a928-2dc34d6f75c6,JÚNIOR OR P3 (2023-24),JUNIOR,Júnior,2023-24,league,,,6,2026-06-18T16:06:38.121Z,2026-06-18T16:06:38.121Z
f6fc4ba5-318e-5ab6-af44-aa7c557aa2ab,JÚNIOR OR P4 (2023-24),JUNIOR,Júnior,2023-24,league,,,6,2026-06-18T16:06:38.121Z,2026-06-18T16:06:38.121Z
1d0a4f86-c922-5296-a78c-73fb3f89674a,JÚNIOR OR RK1 (2023-24),JUNIOR,Júnior,2023-24,league,,,6,2026-06-18T16:06:38.121Z,2026-06-18T16:06:38.121Z
893f63ff-7630-5bc8-ab3d-85d2575a5439,JÚNIOR PLATA 1 (2023-24),JUNIOR,Júnior,2023-24,league,,,7,2026-06-18T16:06:38.121Z,2026-06-18T16:06:38.121Z
826b46ac-7788-5e0e-acf1-6d54af7d5c6b,JÚNIOR PLATA 2 (2023-24),JUNIOR,Júnior,2023-24,league,,,7,2026-06-18T16:06:38.121Z,2026-06-18T16:06:38.121Z
86f3dbf1-32cb-5e4b-9373-4489c9dfad4d,JÚNIOR PLATA 3 (2023-24),JUNIOR,Júnior,2023-24,league,,,7,2026-06-18T16:06:38.121Z,2026-06-18T16:06:38.121Z
29631461-01e0-536b-8ea3-35b918722452,JÚNIOR PLATA 4 (2023-24),JUNIOR,Júnior,2023-24,league,,,6,2026-06-18T16:06:38.121Z,2026-06-18T16:06:38.121Z
8ddff503-7929-5e57-b8e3-9e23090d9d82,JÚNIOR PLATA CC1 (2023-24),JUNIOR,Júnior,2023-24,league,,,7,2026-06-18T16:06:38.121Z,2026-06-18T16:06:38.121Z
ed5a2f85-2216-5f27-9a02-d73bfc9b2e06,JÚNIOR PLATA CC2 (2023-24),JUNIOR,Júnior,2023-24,league,,,7,2026-06-18T16:06:38.121Z,2026-06-18T16:06:38.121Z
9e06abe1-e621-54a6-8e26-7b7aa4fe021f,JÚNIOR PLATA CF1 (2023-24),JUNIOR,Júnior,2023-24,league,,,7,2026-06-18T16:06:38.121Z,2026-06-18T16:06:38.121Z
a8e294a8-4b3f-5452-9bc1-208a663c3a2c,JÚNIOR PLATA CF2 (2023-24),JUNIOR,Júnior,2023-24,league,,,6,2026-06-18T16:06:38.121Z,2026-06-18T16:06:38.121Z
4b75bfb3-7a06-5edf-a56b-9923dab5cc60,JÚNIOR PREF 13E AL 16E CLASSIFICAT (2023-24),JUNIOR,Júnior,2023-24,league,,,4,2026-06-18T16:06:38.121Z,2026-06-18T16:06:38.121Z
5a040b6e-0120-5f1a-84ee-96ffe1a6b992,JÚNIOR PREF 17 AL 20 CLASSIFICAT (2023-24),JUNIOR,Júnior,2023-24,league,,,4,2026-06-18T16:06:38.121Z,2026-06-18T16:06:38.121Z
5bcf159a-a363-561b-a79f-fe390166e7ab,JÚNIOR PREF 21 AL 24 CLASSIFICAT (2023-24),JUNIOR,Júnior,2023-24,league,,,4,2026-06-18T16:06:38.121Z,2026-06-18T16:06:38.121Z
8ad844d1-a113-5ede-af6c-3c0c338c38bf,JÚNIOR PREF 9E AL 12E CLASSIFICAT (2023-24),JUNIOR,Júnior,2023-24,league,,,4,2026-06-18T16:06:38.121Z,2026-06-18T16:06:38.121Z
52778146-a590-54e9-b226-444c11fee512,FASE DE GRUPS CCAT JUVENIL (2023-24),FASE,Juvenil,2023-24,league,,,8,2026-06-18T16:06:38.121Z,2026-06-18T16:06:38.121Z
b3909021-65c3-5c21-b8fa-e69e68d6495b,FASE FINAL CCAT JUVENIL (2023-24),FASE,Juvenil,2023-24,league,,,0,2026-06-18T16:06:38.121Z,2026-06-18T16:06:38.121Z
d5265f2f-fcbc-5ac9-af9f-eb265618a5f7,JUVENIL OR 1 (2023-24),JUVENIL,Juvenil,2023-24,league,,,8,2026-06-18T16:06:38.121Z,2026-06-18T16:06:38.121Z
64b265ab-1da0-560d-95d4-e6e3806704ec,JUVENIL OR 2 (2023-24),JUVENIL,Juvenil,2023-24,league,,,8,2026-06-18T16:06:38.121Z,2026-06-18T16:06:38.121Z
8fed3788-bf53-5cb9-836f-649cdfd08e9e,JUVENIL OR 3 (2023-24),JUVENIL,Juvenil,2023-24,league,,,8,2026-06-18T16:06:38.121Z,2026-06-18T16:06:38.121Z
14cf4738-981b-5d21-88ef-85926f6eeebc,JUVENIL OR 4 (2023-24),JUVENIL,Juvenil,2023-24,league,,,8,2026-06-18T16:06:38.121Z,2026-06-18T16:06:38.121Z
c77cda2e-de60-5004-83a4-42f211ba7de1,JUVENIL OR 5 (2023-24),JUVENIL,Juvenil,2023-24,league,,,8,2026-06-18T16:06:38.121Z,2026-06-18T16:06:38.121Z
a06857fc-2d8b-54cf-ad94-a8bc4c2deae9,JUVENIL OR 6 (2023-24),JUVENIL,Juvenil,2023-24,league,,,8,2026-06-18T16:06:38.121Z,2026-06-18T16:06:38.121Z
e60e4de8-8bd2-5a63-9af8-5c2cc534f0f4,JUVENIL OR 7 (2023-24),JUVENIL,Juvenil,2023-24,league,,,7,2026-06-18T16:06:38.121Z,2026-06-18T16:06:38.121Z
ea9e74cf-1d42-5e12-922d-90c1136702cf,JUVENIL OR 8 (2023-24),JUVENIL,Juvenil,2023-24,league,,,7,2026-06-18T16:06:38.121Z,2026-06-18T16:06:38.121Z
3d99376e-9680-5f77-a33b-38228ff09eaf,JUVENIL OR CC1 (2023-24),JUVENIL,Juvenil,2023-24,league,,,8,2026-06-18T16:06:38.121Z,2026-06-18T16:06:38.121Z
170f6322-8d72-5f21-9760-ebccec362c00,JUVENIL OR CC2 (2023-24),JUVENIL,Juvenil,2023-24,league,,,8,2026-06-18T16:06:38.121Z,2026-06-18T16:06:38.121Z
5c1ec790-b8b7-5c56-b28b-cd79e257f54d,JUVENIL OR CC3 (2023-24),JUVENIL,Juvenil,2023-24,league,,,8,2026-06-18T16:06:38.121Z,2026-06-18T16:06:38.121Z
cbaaa599-2fc3-53da-9575-8a3cdcc69c15,JUVENIL OR P1 (2023-24),JUVENIL,Juvenil,2023-24,league,,,6,2026-06-18T16:06:38.121Z,2026-06-18T16:06:38.121Z
5599b44e-3f0a-587c-b555-d4b146168b02,JUVENIL OR P2 (2023-24),JUVENIL,Juvenil,2023-24,league,,,6,2026-06-18T16:06:38.121Z,2026-06-18T16:06:38.121Z
0737c873-3cc9-55d5-a46c-46d9dcf7e744,JUVENIL OR P3 (2023-24),JUVENIL,Juvenil,2023-24,league,,,6,2026-06-18T16:06:38.121Z,2026-06-18T16:06:38.121Z
def55d21-e6da-5a4e-a1d6-36dad490525f,JUVENIL OR P4 (2023-24),JUVENIL,Juvenil,2023-24,league,,,6,2026-06-18T16:06:38.121Z,2026-06-18T16:06:38.121Z
33726d44-10da-5fe8-8a82-c564d30cb3ec,JUVENIL OR RK 1 (2023-24),JUVENIL,Juvenil,2023-24,league,,,7,2026-06-18T16:06:38.121Z,2026-06-18T16:06:38.121Z
31190355-403a-5240-b982-2a6ea1f0e433,JUVENIL OR RK2 (2023-24),JUVENIL,Juvenil,2023-24,league,,,7,2026-06-18T16:06:38.121Z,2026-06-18T16:06:38.121Z
d44b6999-6197-58da-a3eb-1867db08f6c9,JUVENIL PLATA 1 (2023-24),JUVENIL,Juvenil,2023-24,league,,,7,2026-06-18T16:06:38.121Z,2026-06-18T16:06:38.121Z
bd588aac-8e43-5c9a-8d98-fc594bf8a73e,JUVENIL PLATA 2 (2023-24),JUVENIL,Juvenil,2023-24,league,,,7,2026-06-18T16:06:38.121Z,2026-06-18T16:06:38.121Z
479265f1-1f89-5f67-b8a4-71279992ff68,JUVENIL PLATA 3 (2023-24),JUVENIL,Juvenil,2023-24,league,,,6,2026-06-18T16:06:38.121Z,2026-06-18T16:06:38.121Z
f281c807-2362-522f-9e95-f99406d6f858,JUVENIL PLATA 4 (2023-24),JUVENIL,Juvenil,2023-24,league,,,7,2026-06-18T16:06:38.121Z,2026-06-18T16:06:38.121Z
2d51283a-143b-5489-bc87-0a392b4a8356,JUVENIL PLATA 5 (2023-24),JUVENIL,Juvenil,2023-24,league,,,7,2026-06-18T16:06:38.121Z,2026-06-18T16:06:38.121Z
3e580e65-1d37-5998-8322-8bb1eb67a24c,JUVENIL PLATA 6 (2023-24),JUVENIL,Juvenil,2023-24,league,,,8,2026-06-18T16:06:38.121Z,2026-06-18T16:06:38.121Z
1eefb27a-3d6b-51c4-a8f1-5818905fac2d,JUVENIL PLATA 7 (2023-24),JUVENIL,Juvenil,2023-24,league,,,8,2026-06-18T16:06:38.121Z,2026-06-18T16:06:38.121Z
57d287ad-52f7-5592-a294-dc44880f1eb3,JUVENIL PLATA CC1 (2023-24),JUVENIL,Juvenil,2023-24,league,,,8,2026-06-18T16:06:38.121Z,2026-06-18T16:06:38.121Z
14bbc3ab-8a99-5f59-a6b1-00a9fb6a950f,JUVENIL PLATA CC2 (2023-24),JUVENIL,Juvenil,2023-24,league,,,8,2026-06-18T16:06:38.121Z,2026-06-18T16:06:38.121Z
b91bbe93-c8eb-5679-9a30-f178c717bb82,JUVENIL PLATA CC3 (2023-24),JUVENIL,Juvenil,2023-24,league,,,8,2026-06-18T16:06:38.121Z,2026-06-18T16:06:38.121Z
338e9d69-8291-5b5e-992e-84e6a41237d6,JUVENIL PLATA CF1 (2023-24),JUVENIL,Juvenil,2023-24,league,,,6,2026-06-18T16:06:38.121Z,2026-06-18T16:06:38.121Z
96a2258a-b1db-5346-8465-de921a793b9a,JUVENIL PLATA CF2 (2023-24),JUVENIL,Juvenil,2023-24,league,,,6,2026-06-18T16:06:38.121Z,2026-06-18T16:06:38.121Z
2c14cd95-ee7e-598f-869c-326a0ab81c7b,JUVENIL PLATA CF3 (2023-24),JUVENIL,Juvenil,2023-24,league,,,7,2026-06-18T16:06:38.121Z,2026-06-18T16:06:38.121Z
e09c3112-b662-5c8f-8ea6-6561dac53e76,JUVENIL PLATA CF4 (2023-24),JUVENIL,Juvenil,2023-24,league,,,6,2026-06-18T16:06:38.121Z,2026-06-18T16:06:38.121Z
229b106c-f63d-5e0b-b32f-172f28d79e0a,JUVENIL PREF 13E AL 16E CLASSIFICAT (2023-24),JUVENIL,Juvenil,2023-24,league,,,4,2026-06-18T16:06:38.121Z,2026-06-18T16:06:38.121Z
aaf9d4ca-7b86-5d39-b5d2-e647c0bbd28f,JUVENIL PREF 17E AL 20E CLASSIFICAT (2023-24),JUVENIL,Juvenil,2023-24,league,,,4,2026-06-18T16:06:38.121Z,2026-06-18T16:06:38.121Z
c2f22f6a-8915-5abb-8a3c-d66bee2da32e,JUVENIL PREF 21 AL 24 CLASSIFICAT (2023-24),JUVENIL,Juvenil,2023-24,league,,,4,2026-06-18T16:06:38.121Z,2026-06-18T16:06:38.121Z
af38d6dd-7c5e-55b9-aa57-b734fcab9c67,JUVENIL PREF 9E AL 12E CLASSIFICAT (2023-24),JUVENIL,Juvenil,2023-24,league,,,4,2026-06-18T16:06:38.121Z,2026-06-18T16:06:38.121Z
881ad42b-3855-5a99-ba56-56423bd00e95,NACIONAL CATALANA FEMENINA (2023-24),NACIONAL,Nacional Catalana,2023-24,league,,estatal,16,2026-06-18T16:06:38.121Z,2026-06-18T16:06:38.121Z
30c7924c-db9c-5d1a-9a9b-fc7555a1d34e,NACIONAL CATALANA MASCULINA (2023-24),NACIONAL,Nacional Catalana,2023-24,league,,estatal,16,2026-06-18T16:06:38.121Z,2026-06-18T16:06:38.121Z
9dd2d04a-f05c-5f94-9818-5d9484c12335,2ª FASE PREBENJAMI BRONZE TARRAGONA (2023-24),FASE,Prebenjamí,2023-24,league,,local,7,2026-06-18T16:06:38.121Z,2026-06-18T16:06:38.121Z
d44c686b-b960-5e4f-b4ed-e4a00cebc8ae,2ª FASE PREBENJAMI OR TARRAGONA (2023-24),FASE,Prebenjamí,2023-24,league,,local,8,2026-06-18T16:06:38.121Z,2026-06-18T16:06:38.121Z
1db3ad7e-0d2d-5bdb-8d2b-a8df4f59b985,2ª FASE PREBENJAMI PLATA TARRAGONA (2023-24),FASE,Prebenjamí,2023-24,league,,local,8,2026-06-18T16:06:38.121Z,2026-06-18T16:06:38.121Z
268c7f4a-18a8-501f-b07e-a3b64339bd81,BCN PREBENJAMI BRONZE 1 (2023-24),BCN,Prebenjamí,2023-24,league,,,16,2026-06-18T16:06:38.121Z,2026-06-18T16:06:38.121Z
065e2bec-5585-5fd4-9c40-caf854b018b9,BCN PREBENJAMI BRONZE 2 (2023-24),BCN,Prebenjamí,2023-24,league,,,15,2026-06-18T16:06:38.121Z,2026-06-18T16:06:38.121Z
803d728a-b91f-5e5f-b02e-75167a97af86,BCN PREBENJAMI BRONZE 3 (2023-24),BCN,Prebenjamí,2023-24,league,,,8,2026-06-18T16:06:38.121Z,2026-06-18T16:06:38.121Z
8fd45182-2775-5022-a9b0-4ae04d15bd33,BCN PREBENJAMI OR 1 (2023-24),BCN,Prebenjamí,2023-24,league,,,15,2026-06-18T16:06:38.121Z,2026-06-18T16:06:38.121Z
edd7f71b-a2be-5de8-94c2-4c84720fdd48,BCN PREBENJAMI OR 2 (2023-24),BCN,Prebenjamí,2023-24,league,,,15,2026-06-18T16:06:38.121Z,2026-06-18T16:06:38.121Z
350fee21-8d50-5c10-922b-c7d544d9c97d,BCN PREBENJAMI OR 3 (2023-24),BCN,Prebenjamí,2023-24,league,,,13,2026-06-18T16:06:38.121Z,2026-06-18T16:06:38.121Z
3d1c5857-e512-53fe-afeb-f5bfb0f6075c,BCN PREBENJAMI PLATA 1 (2023-24),BCN,Prebenjamí,2023-24,league,,,18,2026-06-18T16:06:38.121Z,2026-06-18T16:06:38.121Z
32e765aa-a8ab-5ac2-a849-f560032fa49f,BCN PREBENJAMI PLATA 2 (2023-24),BCN,Prebenjamí,2023-24,league,,,18,2026-06-18T16:06:38.121Z,2026-06-18T16:06:38.121Z
f4b98fe8-9563-50fc-bfd2-0d0a7cd9906d,BCN PREBENJAMI PLATA 3 (2023-24),BCN,Prebenjamí,2023-24,league,,,17,2026-06-18T16:06:38.121Z,2026-06-18T16:06:38.121Z
16ec9344-16f7-5b13-b57e-314afe323e23,BCN PREBENJAMI PLATA 4 (2023-24),BCN,Prebenjamí,2023-24,league,,,18,2026-06-18T16:06:38.121Z,2026-06-18T16:06:38.121Z
a099cc1a-9c85-5d44-9106-75e264d9fa92,BCN PREBENJAMI PLATA 5 (2023-24),BCN,Prebenjamí,2023-24,league,,,17,2026-06-18T16:06:38.121Z,2026-06-18T16:06:38.121Z
59b94819-fb3a-5102-b1e2-f23e05050349,BCN PREBENJAMI PLATA 6 (2023-24),BCN,Prebenjamí,2023-24,league,,,19,2026-06-18T16:06:38.121Z,2026-06-18T16:06:38.121Z
7de0e4f5-2c33-5e8d-bcd4-8dd4f10610a1,BCN PREBENJAMI PLATA 7 (2023-24),BCN,Prebenjamí,2023-24,league,,,18,2026-06-18T16:06:38.121Z,2026-06-18T16:06:38.121Z
a5aa0b3b-64c7-546d-b89d-73dac8220060,BCN PREBENJAMI PLATA 8 (2023-24),BCN,Prebenjamí,2023-24,league,,,18,2026-06-18T16:06:38.121Z,2026-06-18T16:06:38.121Z
d9425898-5f7c-5c59-a409-3572b4d66f27,BCN PREBENJAMI PLATA 9 (2023-24),BCN,Prebenjamí,2023-24,league,,,9,2026-06-18T16:06:38.121Z,2026-06-18T16:06:38.121Z
d50f4b1c-4b35-57df-82f3-152cd054033d,GIRONA PREBENJAMÍ OR FASE 2 GRUP A (2023-24),GIRONA,Prebenjamí,2023-24,league,,local,3,2026-06-18T16:06:38.121Z,2026-06-18T16:06:38.121Z
8168626c-1028-5095-b4de-7609e541ce6c,GIRONA PREBENJAMÍ OR FASE 2 GRUP B (2023-24),GIRONA,Prebenjamí,2023-24,league,,local,3,2026-06-18T16:06:38.121Z,2026-06-18T16:06:38.121Z
e9c4124c-6684-544d-8f11-fcf36c68f4bc,GIRONA PREBENJAMÍ OR FASE FINAL TRIANGULAR (2023-24),GIRONA,Prebenjamí,2023-24,league,,local,3,2026-06-18T16:06:38.121Z,2026-06-18T16:06:38.121Z
ca7d4c9d-74fd-550f-9c98-51642c560afc,GIRONA PREBENJAMÍ PLATA FASE 2 GRUP A (2023-24),GIRONA,Prebenjamí,2023-24,league,,local,8,2026-06-18T16:06:38.121Z,2026-06-18T16:06:38.121Z
17a39e03-138e-59ac-9dd3-7548758675c9,GIRONA PREBENJAMÍ PLATA FASE 2 GRUP B (2023-24),GIRONA,Prebenjamí,2023-24,league,,local,7,2026-06-18T16:06:38.121Z,2026-06-18T16:06:38.121Z
6b726b50-8537-57e5-b232-822eee14162f,LLEIDA PREBENJAMI A 1A FASE (2023-24),LLEIDA,Prebenjamí,2023-24,league,,local,4,2026-06-18T16:06:38.121Z,2026-06-18T16:06:38.121Z
a3529ea4-6ae0-5cc2-b959-af2c16428146,LLEIDA PREBENJAMI B 1A FASE (2023-24),LLEIDA,Prebenjamí,2023-24,league,,local,7,2026-06-18T16:06:38.121Z,2026-06-18T16:06:38.121Z
3321d5d5-9f9f-590b-b50c-ddab73d3d8a4,LLEIDA PREBENJAMI C 1A FASE (2023-24),LLEIDA,Prebenjamí,2023-24,league,,local,5,2026-06-18T16:06:38.121Z,2026-06-18T16:06:38.121Z
9f7079f8-91de-5441-b02b-5950ccae9038,LLEIDA PREBENJAMÍ OR 2A FASE (2023-24),LLEIDA,Prebenjamí,2023-24,league,,local,8,2026-06-18T16:06:38.121Z,2026-06-18T16:06:38.121Z
9f370f6a-58fd-55e8-a575-97a00688638c,LLEIDA PREBENJAMÍ PLATA 2A FASE (2023-24),LLEIDA,Prebenjamí,2023-24,league,,local,8,2026-06-18T16:06:38.121Z,2026-06-18T16:06:38.121Z
b0c83e74-d7e5-57bb-be57-f8791a9d51bf,PREBENJAMI TARRAGONA GRUP A (2023-24),PREBENJAMI,Prebenjamí,2023-24,league,,local,7,2026-06-18T16:06:38.121Z,2026-06-18T16:06:38.121Z
26dc39b0-8bf3-5211-bd18-631ff42b5718,PREBENJAMI TARRAGONA GRUP B (2023-24),PREBENJAMI,Prebenjamí,2023-24,league,,local,6,2026-06-18T16:06:38.121Z,2026-06-18T16:06:38.121Z
d76a4aa8-5fce-5b34-b760-b9fc2d68276c,PREBENJAMI TARRAGONA GRUP C 1 (2023-24),PREBENJAMI,Prebenjamí,2023-24,league,,local,5,2026-06-18T16:06:38.121Z,2026-06-18T16:06:38.121Z
abd7a33b-6b03-591b-81b1-85a735cb6009,PREBENJAMI TARRAGONA GRUP C 2 (2023-24),PREBENJAMI,Prebenjamí,2023-24,league,,local,5,2026-06-18T16:06:38.121Z,2026-06-18T16:06:38.121Z
f1b809d1-0178-5250-896f-799994ac5acd,ELIMINATÒRIES ASCENS LCV (2023-24),ASCENS,Veterans,2023-24,cup,,,0,2026-06-18T16:06:38.121Z,2026-06-18T16:06:38.121Z
c66aef7c-2f88-5d70-978f-b1bc2d861059,FINAL A 4 LCV (2023-24),FINAL,Veterans,2023-24,league,,,0,2026-06-18T16:06:38.121Z,2026-06-18T16:06:38.121Z
21653e5f-89ae-530e-bb35-434598367f36,LCV GRUP A (2023-24),LCV,Veterans,2023-24,league,,,13,2026-06-18T16:06:38.121Z,2026-06-18T16:06:38.121Z
94790354-3a70-5fbf-95c3-3a496a474fb4,LCV GRUP B1 (2023-24),LCV,Veterans,2023-24,league,,,12,2026-06-18T16:06:38.121Z,2026-06-18T16:06:38.121Z
048e562c-68a9-5f80-8c40-8c7747697ab8,LCV GRUP B2 (2023-24),LCV,Veterans,2023-24,league,,,12,2026-06-18T16:06:38.121Z,2026-06-18T16:06:38.121Z
ec397fe9-b3b5-5e65-b353-21d5bd2c98ca,PRIMERA CATALANA FEMENINA (2024-25),PRIMERA,1ª Catalana,2024-25,league,,autonomic,18,2026-06-18T16:06:38.372Z,2026-06-18T16:06:38.372Z
7afb2a95-1280-5a2e-945a-018ce27425af,ALEVÍ OR 1 (2024-25),ALEVI,Aleví,2024-25,league,,,8,2026-06-18T16:06:38.372Z,2026-06-18T16:06:38.372Z
c0ed955c-648f-5059-af05-566d994ca217,ALEVÍ OR 10 (2024-25),ALEVI,Aleví,2024-25,league,,,7,2026-06-18T16:06:38.372Z,2026-06-18T16:06:38.372Z
3c40ab33-05e3-5fa0-bcf6-76028d679f73,ALEVÍ OR 2 (2024-25),ALEVI,Aleví,2024-25,league,,,8,2026-06-18T16:06:38.372Z,2026-06-18T16:06:38.372Z
3c4545b3-ec60-57bc-b4be-598f7b9501f4,ALEVÍ OR 3 (2024-25),ALEVI,Aleví,2024-25,league,,,8,2026-06-18T16:06:38.372Z,2026-06-18T16:06:38.372Z
8c3baa68-5e12-5d43-bfce-9aab17f2725f,ALEVÍ OR 4 (2024-25),ALEVI,Aleví,2024-25,league,,,8,2026-06-18T16:06:38.372Z,2026-06-18T16:06:38.372Z
500ff474-3e29-535f-8282-91afbf758087,ALEVÍ OR 5 (2024-25),ALEVI,Aleví,2024-25,league,,,7,2026-06-18T16:06:38.372Z,2026-06-18T16:06:38.372Z
0faf73d5-030a-5a3e-bea5-125c34ec56b5,ALEVÍ OR 6 (2024-25),ALEVI,Aleví,2024-25,league,,,7,2026-06-18T16:06:38.372Z,2026-06-18T16:06:38.372Z
56ec99e2-569b-532c-b9b3-bb8450fab206,ALEVÍ OR 7 (2024-25),ALEVI,Aleví,2024-25,league,,,7,2026-06-18T16:06:38.372Z,2026-06-18T16:06:38.372Z
616bed76-be9b-5e11-b2df-141bae88ac21,ALEVÍ OR 8 (2024-25),ALEVI,Aleví,2024-25,league,,,7,2026-06-18T16:06:38.372Z,2026-06-18T16:06:38.372Z
78e4847a-bd2b-53d5-b6c5-07b09b024fb2,ALEVÍ OR 9 (2024-25),ALEVI,Aleví,2024-25,league,,,7,2026-06-18T16:06:38.372Z,2026-06-18T16:06:38.372Z
b99f743a-e78d-53c5-b45e-dda0a43545f5,ALEVÍ OR CC1 (2024-25),ALEVI,Aleví,2024-25,league,,,7,2026-06-18T16:06:38.372Z,2026-06-18T16:06:38.372Z
f3a622df-71ea-5914-857d-4f991dfe5f9d,ALEVÍ OR CC2 (2024-25),ALEVI,Aleví,2024-25,league,,,7,2026-06-18T16:06:38.372Z,2026-06-18T16:06:38.372Z
bb151020-3072-5724-a34c-fb8a89fe358c,ALEVÍ OR CC3 (2024-25),ALEVI,Aleví,2024-25,league,,,7,2026-06-18T16:06:38.372Z,2026-06-18T16:06:38.372Z
0f147d2d-66ed-526f-8934-09b041959a54,ALEVÍ OR CC4 (2024-25),ALEVI,Aleví,2024-25,league,,,7,2026-06-18T16:06:38.372Z,2026-06-18T16:06:38.372Z
aa4f6367-08c9-5497-bd19-a0ff47526cb2,ALEVÍ OR P1 (2024-25),ALEVI,Aleví,2024-25,league,,,6,2026-06-18T16:06:38.372Z,2026-06-18T16:06:38.372Z
820df717-fde4-52ed-a70a-086b255e269a,ALEVÍ OR P2 (2024-25),ALEVI,Aleví,2024-25,league,,,6,2026-06-18T16:06:38.372Z,2026-06-18T16:06:38.372Z
bf81f6e2-a3e9-536c-a32e-a135f1e10175,ALEVÍ OR P3 (2024-25),ALEVI,Aleví,2024-25,league,,,6,2026-06-18T16:06:38.372Z,2026-06-18T16:06:38.372Z
bbc44e10-47f6-5cf8-9307-f0ee8b6567ae,ALEVÍ OR P4 (2024-25),ALEVI,Aleví,2024-25,league,,,6,2026-06-18T16:06:38.372Z,2026-06-18T16:06:38.372Z
fcffc48b-b95c-5bd9-8e55-2c7cb64a911d,ALEVÍ OR RK1 (2024-25),ALEVI,Aleví,2024-25,league,,,7,2026-06-18T16:06:38.372Z,2026-06-18T16:06:38.372Z
6cde5f3f-57e5-5730-8502-5c803a2fb71e,ALEVÍ OR RK2 (2024-25),ALEVI,Aleví,2024-25,league,,,7,2026-06-18T16:06:38.372Z,2026-06-18T16:06:38.372Z
9e434ca1-c838-5de7-8fad-6ee6f5d8546b,ALEVÍ OR RK3 (2024-25),ALEVI,Aleví,2024-25,league,,,8,2026-06-18T16:06:38.372Z,2026-06-18T16:06:38.372Z
770b363f-51d5-5ca3-9ad3-f48e02c74e89,ALEVÍ PLATA 1 (2024-25),ALEVI,Aleví,2024-25,league,,,8,2026-06-18T16:06:38.372Z,2026-06-18T16:06:38.372Z
6a617690-1696-5931-be8f-5ace39c5f0ac,ALEVÍ PLATA 10 (2024-25),ALEVI,Aleví,2024-25,league,,,7,2026-06-18T16:06:38.372Z,2026-06-18T16:06:38.372Z
4d96237f-2ecd-5cd1-9f96-b9d68b14d66c,ALEVÍ PLATA 11 (2024-25),ALEVI,Aleví,2024-25,league,,,7,2026-06-18T16:06:38.372Z,2026-06-18T16:06:38.372Z
f6cf4305-0a8c-50ec-96c7-cf112bdde484,ALEVÍ PLATA 12 (2024-25),ALEVI,Aleví,2024-25,league,,,7,2026-06-18T16:06:38.372Z,2026-06-18T16:06:38.372Z
f2dc0f2a-d909-5b66-b0db-2d0becefe115,ALEVÍ PLATA 13 (2024-25),ALEVI,Aleví,2024-25,league,,,7,2026-06-18T16:06:38.372Z,2026-06-18T16:06:38.372Z
6a2954cc-827b-5328-adf3-5a5baf78f3cb,ALEVÍ PLATA 14 (2024-25),ALEVI,Aleví,2024-25,league,,,7,2026-06-18T16:06:38.372Z,2026-06-18T16:06:38.372Z
32bef564-c95a-521a-ae6b-d3809e5af7d3,ALEVÍ PLATA 15 (2024-25),ALEVI,Aleví,2024-25,league,,,7,2026-06-18T16:06:38.372Z,2026-06-18T16:06:38.372Z
5edb1aa1-db5d-5470-bd6c-7fb195b305ff,ALEVÍ PLATA 16 (2024-25),ALEVI,Aleví,2024-25,league,,,8,2026-06-18T16:06:38.372Z,2026-06-18T16:06:38.372Z
eb956549-6c66-59b8-ac6f-863703ca387b,ALEVÍ PLATA 2 (2024-25),ALEVI,Aleví,2024-25,league,,,7,2026-06-18T16:06:38.372Z,2026-06-18T16:06:38.372Z
1feda0ae-ea40-5097-97ea-66053149911c,ALEVÍ PLATA 3 (2024-25),ALEVI,Aleví,2024-25,league,,,7,2026-06-18T16:06:38.372Z,2026-06-18T16:06:38.372Z
8cb01153-ad8b-5b6f-aab8-dbfbb7aee585,ALEVÍ PLATA 4 (2024-25),ALEVI,Aleví,2024-25,league,,,7,2026-06-18T16:06:38.372Z,2026-06-18T16:06:38.372Z
3415520b-e998-59ae-b9d1-198ea7fca0a6,ALEVÍ PLATA 5 (2024-25),ALEVI,Aleví,2024-25,league,,,8,2026-06-18T16:06:38.372Z,2026-06-18T16:06:38.372Z
cb47e786-bc73-549e-a8f6-60a46e2dcf1a,ALEVÍ PLATA 6 (2024-25),ALEVI,Aleví,2024-25,league,,,7,2026-06-18T16:06:38.372Z,2026-06-18T16:06:38.372Z
20be5fef-1cc6-5980-ad4b-ed688a3e6e82,ALEVÍ PLATA 7 (2024-25),ALEVI,Aleví,2024-25,league,,,6,2026-06-18T16:06:38.372Z,2026-06-18T16:06:38.372Z
3fb17660-f44e-5c8a-8020-7393dfad9e63,ALEVÍ PLATA 8 (2024-25),ALEVI,Aleví,2024-25,league,,,8,2026-06-18T16:06:38.372Z,2026-06-18T16:06:38.372Z
2f2ca7a7-ff36-527a-aaa5-71f7723d65eb,ALEVÍ PLATA 9 (2024-25),ALEVI,Aleví,2024-25,league,,,7,2026-06-18T16:06:38.372Z,2026-06-18T16:06:38.372Z
c05597a7-0ffd-5afd-b4ba-2d0248801fed,ALEVÍ PLATA CC1 (2024-25),ALEVI,Aleví,2024-25,league,,,7,2026-06-18T16:06:38.372Z,2026-06-18T16:06:38.372Z
5e119ba7-d104-5928-8877-414993cc4b3b,ALEVÍ PLATA CC2 (2024-25),ALEVI,Aleví,2024-25,league,,,8,2026-06-18T16:06:38.372Z,2026-06-18T16:06:38.372Z
efba02c8-4739-5e37-833d-a3c4eb357ee8,ALEVÍ PLATA CC3 (2024-25),ALEVI,Aleví,2024-25,league,,,8,2026-06-18T16:06:38.372Z,2026-06-18T16:06:38.372Z
9a9880bd-2417-5283-b610-32e222f27f7e,ALEVÍ PLATA CC4 (2024-25),ALEVI,Aleví,2024-25,league,,,8,2026-06-18T16:06:38.372Z,2026-06-18T16:06:38.372Z
aa1334ca-5b8a-5e72-b1b9-9d91299dc63a,ALEVÍ PLATA CC5 (2024-25),ALEVI,Aleví,2024-25,league,,,7,2026-06-18T16:06:38.372Z,2026-06-18T16:06:38.372Z
0ada98aa-b743-5db1-abc9-97ff7071b32c,ALEVÍ PLATA CC6 (2024-25),ALEVI,Aleví,2024-25,league,,,7,2026-06-18T16:06:38.372Z,2026-06-18T16:06:38.372Z
def37adb-69e7-50ca-869e-b1f5b108ac18,ALEVÍ PLATA CC7 (2024-25),ALEVI,Aleví,2024-25,league,,,7,2026-06-18T16:06:38.372Z,2026-06-18T16:06:38.372Z
3c93a061-31d1-5711-b83f-b488b48ee64c,ALEVÍ PLATA CC8 (2024-25),ALEVI,Aleví,2024-25,league,,,7,2026-06-18T16:06:38.372Z,2026-06-18T16:06:38.372Z
6f172353-9129-5c7d-b110-31913a0dbfdf,ALEVÍ PLATA CF1 (2024-25),ALEVI,Aleví,2024-25,league,,,7,2026-06-18T16:06:38.372Z,2026-06-18T16:06:38.372Z
1a5cadb7-b5e4-505e-9d6e-67310604d40d,ALEVÍ PLATA CF2 (2024-25),ALEVI,Aleví,2024-25,league,,,7,2026-06-18T16:06:38.372Z,2026-06-18T16:06:38.372Z
ea89b0a6-6a8f-5a3a-9234-514576b26f2f,ALEVÍ PLATA CF3 (2024-25),ALEVI,Aleví,2024-25,league,,,7,2026-06-18T16:06:38.372Z,2026-06-18T16:06:38.372Z
2a404fb9-2bb3-5585-b4ed-c9dbf0a68adc,ALEVÍ PLATA CF4 (2024-25),ALEVI,Aleví,2024-25,league,,,7,2026-06-18T16:06:38.372Z,2026-06-18T16:06:38.372Z
2f07f802-a1e0-5b32-b984-6218e472f625,ALEVÍ PLATA CF5 (2024-25),ALEVI,Aleví,2024-25,league,,,7,2026-06-18T16:06:38.372Z,2026-06-18T16:06:38.372Z
60eb242b-5284-5ba5-9e10-b25984a9e37a,ALEVÍ PLATA CF6 (2024-25),ALEVI,Aleví,2024-25,league,,,8,2026-06-18T16:06:38.372Z,2026-06-18T16:06:38.372Z
de210c13-cec1-5d9f-9e02-1bd254f8f2ba,ALEVÍ PLATA CF7 (2024-25),ALEVI,Aleví,2024-25,league,,,7,2026-06-18T16:06:38.372Z,2026-06-18T16:06:38.372Z
4d51cc76-489d-506e-82a7-c45853bb533a,ALEVÍ PLATA CF8 (2024-25),ALEVI,Aleví,2024-25,league,,,7,2026-06-18T16:06:38.372Z,2026-06-18T16:06:38.372Z
59093d19-e2e3-58db-b2a6-eb34080e1d63,ELIMINATÒRIA ACCÉS COPA ELIT ALEVÍ (2024-25),ACCES,Aleví,2024-25,cup,,,0,2026-06-18T16:06:38.372Z,2026-06-18T16:06:38.372Z
5cd72286-107e-50d2-aa0a-f1c7faff0992,FASE DE GRUPS CCAT ALEVÍ (2024-25),FASE,Aleví,2024-25,league,,,8,2026-06-18T16:06:38.372Z,2026-06-18T16:06:38.372Z
1f0a3416-ac71-5f2f-89eb-7f25d5918544,FASE DE GRUPS COPA ELIT ALEVÍ (2024-25),FASE,Aleví,2024-25,cup,,,8,2026-06-18T16:06:38.372Z,2026-06-18T16:06:38.372Z
245ca600-7104-5bb9-b34e-8afe8b48a873,FASES FINALS CCAT ALEVÍ (2024-25),FASES,Aleví,2024-25,league,,,0,2026-06-18T16:06:38.372Z,2026-06-18T16:06:38.372Z
353c4df5-ac2a-5910-8869-8e1ac6e78e7f,FASES FINALS COPA ELIT ALEVÍ (2024-25),FASES,Aleví,2024-25,cup,,,0,2026-06-18T16:06:38.372Z,2026-06-18T16:06:38.372Z
fe907fe1-ce8a-5ff9-9e1d-0c949c870e74,1ª CATALANA GRUP A (2024-25),CATALANA,Altres,2024-25,league,,autonomic,18,2026-06-18T16:06:38.372Z,2026-06-18T16:06:38.372Z
0816cdb8-8f3c-56fa-ada0-f53fadef85fe,1ª CATALANA GRUP B (2024-25),CATALANA,Altres,2024-25,league,,autonomic,18,2026-06-18T16:06:38.372Z,2026-06-18T16:06:38.372Z
a62b3b7b-6dc8-564a-b514-cdc9fd6891dc,2ª CATALANA GRUP A (2024-25),CATALANA,Altres,2024-25,league,,autonomic,16,2026-06-18T16:06:38.372Z,2026-06-18T16:06:38.372Z
31415d34-9350-5282-b7a1-57542a022a44,2ª CATALANA GRUP B (2024-25),CATALANA,Altres,2024-25,league,,autonomic,16,2026-06-18T16:06:38.372Z,2026-06-18T16:06:38.372Z
9eac8b04-4d91-5221-97c1-b41e3b42783e,2ª CATALANA GRUP C (2024-25),CATALANA,Altres,2024-25,league,,autonomic,16,2026-06-18T16:06:38.372Z,2026-06-18T16:06:38.372Z
e26a70a2-3274-52d9-b3d8-5467a97f2659,3ª CATALANA GRUP A (2024-25),CATALANA,Altres,2024-25,league,,autonomic,15,2026-06-18T16:06:38.372Z,2026-06-18T16:06:38.372Z
4f7e80ba-fa7c-5b99-aa51-19c17f0dc061,3ª CATALANA GRUP B (2024-25),CATALANA,Altres,2024-25,league,,autonomic,15,2026-06-18T16:06:38.372Z,2026-06-18T16:06:38.372Z
2acb897d-cd2b-5f5a-bdf8-acdfc0ce4e3f,3ª CATALANA GRUP C (2024-25),CATALANA,Altres,2024-25,league,,autonomic,14,2026-06-18T16:06:38.372Z,2026-06-18T16:06:38.372Z
1632936b-4645-59d3-ae19-b6f054d6c020,3ª CATALANA GRUP D (2024-25),CATALANA,Altres,2024-25,league,,autonomic,15,2026-06-18T16:06:38.372Z,2026-06-18T16:06:38.372Z
a7d436da-012b-520e-b14a-65c3b6138194,3ª CATALANA GRUP E (2024-25),CATALANA,Altres,2024-25,league,,autonomic,16,2026-06-18T16:06:38.372Z,2026-06-18T16:06:38.372Z
83ac8d92-ec6e-5584-9a84-04f457d163ed,3ª CATALANA GRUP F (2024-25),CATALANA,Altres,2024-25,league,,autonomic,16,2026-06-18T16:06:38.372Z,2026-06-18T16:06:38.372Z
88a6f080-1dc4-5ad5-bda8-a38b04b4ea82,COPA LLEIDA PREB OR LLEIDA (2024-25),COPA,Altres,2024-25,cup,,local,8,2026-06-18T16:06:38.372Z,2026-06-18T16:06:38.372Z
03764e83-256d-50d7-8716-7cb9122ec056,COPA MASTER 50 (2024-25),COPA,Altres,2024-25,cup,,,0,2026-06-18T16:06:38.372Z,2026-06-18T16:06:38.372Z
1ca4afde-f2d6-5b1f-8e05-531f9c968c6b,ELIMINATÒRIES ASCENS A 1CAT (2024-25),ASCENS,Altres,2024-25,cup,,,8,2026-06-18T16:06:38.372Z,2026-06-18T16:06:38.372Z
cb528014-989c-5ddd-83b2-d490457b5927,ELIMINATÒRIES ASCENS A 2CAT (2024-25),ASCENS,Altres,2024-25,cup,,,0,2026-06-18T16:06:38.372Z,2026-06-18T16:06:38.372Z
28457b5e-0fb1-5c2c-b893-fbc955737d52,ELIMINATÒRIES ASCENS A NCAT (2024-25),ASCENS,Altres,2024-25,cup,,,0,2026-06-18T16:06:38.372Z,2026-06-18T16:06:38.372Z
d88c9475-48ce-5129-b22a-ef614e78d9bb,FASE DE GRUPS FRIT RAVICH LLIGA CATALANA (2024-25),FASE,Altres,2024-25,league,,autonomic,13,2026-06-18T16:06:38.372Z,2026-06-18T16:06:38.372Z
a7bfa0e1-7640-5225-a61d-2f82f4195bd0,FASE FINAL FRIT RAVICH LLIGA CATALANA (2024-25),FASE,Altres,2024-25,league,,autonomic,0,2026-06-18T16:06:38.372Z,2026-06-18T16:06:38.372Z
083a0777-e1a7-5c78-9f7b-63e387472e6e,Grup únic (2024-25),GRUP,Altres,2024-25,league,,,0,2026-06-18T16:06:38.372Z,2026-06-18T16:06:38.372Z
66756950-5acb-56b1-8940-519d5097b224,PLAYOFF NCAT MASCULINA (2024-25),PLAYOFF,Altres,2024-25,cup,,,0,2026-06-18T16:06:38.372Z,2026-06-18T16:06:38.372Z
2582806c-c3a3-56e5-8a71-c61a65c73ad4,PLAYOUT NCAT MASCULINA (2024-25),PLAYOUT,Altres,2024-25,league,,,0,2026-06-18T16:06:38.372Z,2026-06-18T16:06:38.372Z
b15b5603-8e52-51e9-b6cf-c52aff5db2a9,PREBENAJMI BRONZE 2ª FASE TARRAGONA (2024-25),PREBENAJMI,Altres,2024-25,league,,local,7,2026-06-18T16:06:38.372Z,2026-06-18T16:06:38.372Z
8bf48352-c3aa-507b-8616-e9f207c96fe0,YOUTH GOLDENCAT MASCULÍ (2024-25),YOUTH,Altres,2024-25,league,,,4,2026-06-18T16:06:38.372Z,2026-06-18T16:06:38.372Z
b483b7f5-d159-556b-b2fa-1b83d0c961b1,ELIMINATÒRIA ASCENS PERMANÈNCIA GRUP A-B (2024-25),ASCENS,B,2024-25,cup,,,0,2026-06-18T16:06:38.372Z,2026-06-18T16:06:38.372Z
a54b6575-ec40-516a-96e9-bded24548b2f,1ª FASE BENJAMÍ OR TARRAGONA (2024-25),FASE,Benjamí,2024-25,league,,local,9,2026-06-18T16:06:38.372Z,2026-06-18T16:06:38.372Z
918367f0-4e84-5c8a-933d-f0b35d0df62c,1ª FASE BENJAMÍ PLATA TARRAGONA (2024-25),FASE,Benjamí,2024-25,league,,local,14,2026-06-18T16:06:38.372Z,2026-06-18T16:06:38.372Z
58820e7a-e568-5f8b-9c47-2fbe7b1c245a,BCN BENJAMÍ OR 1 (2024-25),BCN,Benjamí,2024-25,league,,,8,2026-06-18T16:06:38.372Z,2026-06-18T16:06:38.372Z
665855ca-4bc3-5add-9443-e594f9f9d9f0,BCN BENJAMÍ OR 2 (2024-25),BCN,Benjamí,2024-25,league,,,8,2026-06-18T16:06:38.372Z,2026-06-18T16:06:38.372Z
bf2128c9-9d41-56b8-94fb-2032f94ba93a,BCN BENJAMÍ OR 3 (2024-25),BCN,Benjamí,2024-25,league,,,7,2026-06-18T16:06:38.372Z,2026-06-18T16:06:38.372Z
8ac50109-0521-532a-ad31-c70f788f4d88,BCN BENJAMÍ OR 4 (2024-25),BCN,Benjamí,2024-25,league,,,7,2026-06-18T16:06:38.372Z,2026-06-18T16:06:38.372Z
e522122e-d407-517c-ba09-2e92e969185a,BCN BENJAMÍ OR 5 (2024-25),BCN,Benjamí,2024-25,league,,,7,2026-06-18T16:06:38.372Z,2026-06-18T16:06:38.372Z
7034cdd3-0dd5-5791-8484-42a0ca81bff8,BCN BENJAMÍ OR 6 (2024-25),BCN,Benjamí,2024-25,league,,,7,2026-06-18T16:06:38.372Z,2026-06-18T16:06:38.372Z
1dd74f8e-1c65-5789-b0a5-e984438f141b,BCN BENJAMÍ OR 7 (2024-25),BCN,Benjamí,2024-25,league,,,7,2026-06-18T16:06:38.372Z,2026-06-18T16:06:38.372Z
33e2bfc0-265f-5d8d-91f7-fe23783e697e,BCN BENJAMÍ OR COPA BCN 1 (2024-25),BCN,Benjamí,2024-25,cup,,,7,2026-06-18T16:06:38.372Z,2026-06-18T16:06:38.372Z
c1c67c0f-c5e1-572b-8352-e2f71a5e87d0,BCN BENJAMÍ OR COPA BCN 2 (2024-25),BCN,Benjamí,2024-25,cup,,,7,2026-06-18T16:06:38.372Z,2026-06-18T16:06:38.372Z
c4444bbb-1568-5cb0-b141-02fda61f38cb,BCN BENJAMÍ OR COPA BCN 3 (2024-25),BCN,Benjamí,2024-25,cup,,,7,2026-06-18T16:06:38.372Z,2026-06-18T16:06:38.372Z
b1904a0c-1d1e-5f77-9eb3-5d359a26a02a,BCN BENJAMÍ OR P1 (2024-25),BCN,Benjamí,2024-25,league,,,6,2026-06-18T16:06:38.372Z,2026-06-18T16:06:38.372Z
652b1389-abab-5fc6-9bf6-3906553b39dd,BCN BENJAMÍ OR P2 (2024-25),BCN,Benjamí,2024-25,league,,,6,2026-06-18T16:06:38.372Z,2026-06-18T16:06:38.372Z
4077e2c7-1395-5924-8d65-f06a9f039a7a,BCN BENJAMÍ OR P3 (2024-25),BCN,Benjamí,2024-25,league,,,6,2026-06-18T16:06:38.372Z,2026-06-18T16:06:38.372Z
492f1981-b4a4-53a5-8f35-1c484e485f45,BCN BENJAMÍ OR P4 (2024-25),BCN,Benjamí,2024-25,league,,,6,2026-06-18T16:06:38.372Z,2026-06-18T16:06:38.372Z
39536208-1d32-5eda-bbb9-3b78616e46b8,BCN BENJAMÍ OR RANKING (2024-25),BCN,Benjamí,2024-25,league,,,6,2026-06-18T16:06:38.372Z,2026-06-18T16:06:38.372Z
ec38d3dc-78f8-5e8e-99a5-85ea2a773b43,BCN BENJAMÍ PLATA 1 (2024-25),BCN,Benjamí,2024-25,league,,,8,2026-06-18T16:06:38.372Z,2026-06-18T16:06:38.372Z
b3456456-91b2-5537-b36b-d7ca858b3dad,BCN BENJAMÍ PLATA 10 (2024-25),BCN,Benjamí,2024-25,league,,,7,2026-06-18T16:06:38.372Z,2026-06-18T16:06:38.372Z
7e524084-b467-51c4-8181-2d370ded8b18,BCN BENJAMÍ PLATA 11 (2024-25),BCN,Benjamí,2024-25,league,,,7,2026-06-18T16:06:38.372Z,2026-06-18T16:06:38.372Z
8694b7ea-d5b9-5312-b0fb-e9ea1af400b4,BCN BENJAMÍ PLATA 2 (2024-25),BCN,Benjamí,2024-25,league,,,8,2026-06-18T16:06:38.372Z,2026-06-18T16:06:38.372Z
48009b33-7b2c-5049-8117-3dd9971b9242,BCN BENJAMÍ PLATA 3 (2024-25),BCN,Benjamí,2024-25,league,,,7,2026-06-18T16:06:38.372Z,2026-06-18T16:06:38.372Z
c6c68fe2-8f4d-5662-a1c8-b83aa2d948a0,BCN BENJAMÍ PLATA 4 (2024-25),BCN,Benjamí,2024-25,league,,,7,2026-06-18T16:06:38.372Z,2026-06-18T16:06:38.372Z
261cc77d-5a71-5122-8fc8-c0c04cb26a77,BCN BENJAMÍ PLATA 5 (2024-25),BCN,Benjamí,2024-25,league,,,8,2026-06-18T16:06:38.372Z,2026-06-18T16:06:38.372Z
77e1735b-38b8-5546-af50-232e424e0cab,BCN BENJAMÍ PLATA 6 (2024-25),BCN,Benjamí,2024-25,league,,,7,2026-06-18T16:06:38.372Z,2026-06-18T16:06:38.372Z
1002ed12-4575-533a-a2b7-095178e3c23f,BCN BENJAMÍ PLATA 7 (2024-25),BCN,Benjamí,2024-25,league,,,8,2026-06-18T16:06:38.372Z,2026-06-18T16:06:38.372Z
645180f2-9be7-5c1f-9405-0b6a95ed261d,BCN BENJAMÍ PLATA 8 (2024-25),BCN,Benjamí,2024-25,league,,,8,2026-06-18T16:06:38.372Z,2026-06-18T16:06:38.372Z
e9b23a62-37a1-568c-bdc2-5680626174a7,BCN BENJAMÍ PLATA 9 (2024-25),BCN,Benjamí,2024-25,league,,,7,2026-06-18T16:06:38.372Z,2026-06-18T16:06:38.372Z
f128cc8c-e7e7-520d-8a0d-930502ead12d,BCN BENJAMÍ PLATA COPA BCN 4 (2024-25),BCN,Benjamí,2024-25,cup,,,7,2026-06-18T16:06:38.372Z,2026-06-18T16:06:38.372Z
78f2d285-cd6b-574a-8c8f-000815007ddb,BCN BENJAMÍ PLATA COPA BCN 5 (2024-25),BCN,Benjamí,2024-25,cup,,,7,2026-06-18T16:06:38.372Z,2026-06-18T16:06:38.372Z
73b3568e-4db7-5a00-bc5b-13831bda1200,BCN BENJAMÍ PLATA COPA BCN 6 (2024-25),BCN,Benjamí,2024-25,cup,,,7,2026-06-18T16:06:38.372Z,2026-06-18T16:06:38.372Z
a75a9ee0-f1ec-5b1a-bbb5-af2ff82edbb9,BCN BENJAMÍ PLATA COPA BCN 7 (2024-25),BCN,Benjamí,2024-25,cup,,,7,2026-06-18T16:06:38.372Z,2026-06-18T16:06:38.372Z
70429614-2e85-5281-babb-028affe1afb3,BCN BENJAMÍ PLATA COPA BCN 8 (2024-25),BCN,Benjamí,2024-25,cup,,,7,2026-06-18T16:06:38.372Z,2026-06-18T16:06:38.372Z
b1552c31-c193-5cdc-9cd7-cd7baadb521c,BCN BENJAMÍ PLATA COPA BCN 9 (2024-25),BCN,Benjamí,2024-25,cup,,,7,2026-06-18T16:06:38.372Z,2026-06-18T16:06:38.372Z
f732ff69-9c49-5b77-829c-432ef2faad0d,BCN BENJAMÍ PLATA COPA FCP 1 (2024-25),BCN,Benjamí,2024-25,cup,,,7,2026-06-18T16:06:38.372Z,2026-06-18T16:06:38.372Z
58290fda-de89-52e9-8556-822d0907bf80,BCN BENJAMÍ PLATA COPA FCP 2 (2024-25),BCN,Benjamí,2024-25,cup,,,7,2026-06-18T16:06:38.372Z,2026-06-18T16:06:38.372Z
93bdae27-bbda-5f9d-84b7-7d68e670fd73,BCN BENJAMÍ PLATA COPA FCP 3 (2024-25),BCN,Benjamí,2024-25,cup,,,7,2026-06-18T16:06:38.372Z,2026-06-18T16:06:38.372Z
290c8e9e-22e0-53dd-8adb-cb45082a0eab,BCN BENJAMÍ PLATA COPA FCP 4 (2024-25),BCN,Benjamí,2024-25,cup,,,7,2026-06-18T16:06:38.372Z,2026-06-18T16:06:38.372Z
67a147bc-f04c-536d-8568-c5e03132892a,BCN BENJAMÍ PLATA COPA FCP 5 (2024-25),BCN,Benjamí,2024-25,cup,,,7,2026-06-18T16:06:38.372Z,2026-06-18T16:06:38.372Z
e8e67126-fff1-5043-8077-d5201f44f023,BCN BENJAMÍ PLATA COPA FCP 6 (2024-25),BCN,Benjamí,2024-25,cup,,,7,2026-06-18T16:06:38.372Z,2026-06-18T16:06:38.372Z
2729db3a-3961-5813-b2dc-dc8e91201059,BENJAMÍ OR LLEIDA (2024-25),BENJAMI,Benjamí,2024-25,league,,local,10,2026-06-18T16:06:38.372Z,2026-06-18T16:06:38.372Z
41dbbc22-9890-5fd6-b719-7343be864cb8,BENJAMÍ PLATA LLEIDA (2024-25),BENJAMI,Benjamí,2024-25,league,,local,5,2026-06-18T16:06:38.372Z,2026-06-18T16:06:38.372Z
514c4d74-8919-57cb-ab54-7b7d823c91ff,BENJAMÍ PLATA LLEIDA 2A FASE 2 (2024-25),BENJAMI,Benjamí,2024-25,league,,local,7,2026-06-18T16:06:38.372Z,2026-06-18T16:06:38.372Z
47d606ef-d3da-5894-a759-77e75194756d,BENJAMÍ PREF 13E AL 16E CLASSIFICAT (2024-25),BENJAMI,Benjamí,2024-25,league,,,4,2026-06-18T16:06:38.372Z,2026-06-18T16:06:38.372Z
9eecab2e-8675-5463-8773-19780b11c0e9,BENJAMÍ PREF 17E AL 20E CLASSIFICAT (2024-25),BENJAMI,Benjamí,2024-25,league,,,4,2026-06-18T16:06:38.372Z,2026-06-18T16:06:38.372Z
929de507-2d13-50dc-82bc-141dbefa9374,BENJAMÍ PREF 21E AL 24E CLASSIFICAT (2024-25),BENJAMI,Benjamí,2024-25,league,,,4,2026-06-18T16:06:38.372Z,2026-06-18T16:06:38.372Z
72d15dbd-3f7b-5182-bc81-29e0f39b638f,BENJAMÍ PREF 9E AL 12E CLASSIFICAT (2024-25),BENJAMI,Benjamí,2024-25,league,,,4,2026-06-18T16:06:38.372Z,2026-06-18T16:06:38.372Z
088bec16-2379-575a-9f00-a066bc97728e,COPA BARCELONA BENJAMÍ FASES FINALS (2024-25),COPA,Benjamí,2024-25,cup,,local,4,2026-06-18T16:06:38.372Z,2026-06-18T16:06:38.372Z
d7be41b5-83db-5bfe-8cce-e22c9761e77f,COPA BARCELONA BENJAMÍ QUARTS DE FINAL I SEMIFINAL (2024-25),COPA,Benjamí,2024-25,cup,,local,6,2026-06-18T16:06:38.372Z,2026-06-18T16:06:38.372Z
fab6a386-5155-5706-8d30-201d4120944a,COPA FEDERACIÓ BENJAMÍ FASES FINALS (2024-25),COPA,Benjamí,2024-25,cup,,,4,2026-06-18T16:06:38.372Z,2026-06-18T16:06:38.372Z
962b45d0-fca9-586e-8320-a4b0b88800db,COPA FEDERACIÓ BENJAMÍ QUARTS DE FINAL I SEMIS (2024-25),COPA,Benjamí,2024-25,cup,,,6,2026-06-18T16:06:38.372Z,2026-06-18T16:06:38.372Z
d3433d28-11a7-545e-a1b7-485233684429,COPA LLEIDA BENJAMÍ OR (2024-25),COPA,Benjamí,2024-25,cup,,local,8,2026-06-18T16:06:38.372Z,2026-06-18T16:06:38.372Z
15de520b-8cde-5d29-ab3f-0607ffca165a,COPA LLEIDA BENJAMÍ PLATA (2024-25),COPA,Benjamí,2024-25,cup,,local,7,2026-06-18T16:06:38.372Z,2026-06-18T16:06:38.372Z
a51955e9-5a1f-50ee-a89a-4c62ff438898,COPA TARRAGONA BENJAMI OR (2024-25),COPA,Benjamí,2024-25,cup,,local,8,2026-06-18T16:06:38.372Z,2026-06-18T16:06:38.372Z
36cb46cf-67fc-59be-9514-bdd1db2328a8,COPA TARRAGONA BENJAMI PLATA A (2024-25),COPA,Benjamí,2024-25,cup,,local,4,2026-06-18T16:06:38.372Z,2026-06-18T16:06:38.372Z
810e5d0e-e986-527a-8fa2-a5ebd0005d4c,COPA TARRAGONA BENJAMI PLATA B (2024-25),COPA,Benjamí,2024-25,cup,,local,10,2026-06-18T16:06:38.372Z,2026-06-18T16:06:38.372Z
065c0934-0013-53ad-ab0b-d1e9605528b5,ELIMINATÒRIA ACCÈS CCAT BENJAMÍ (2024-25),ACCES,Benjamí,2024-25,cup,,,0,2026-06-18T16:06:38.372Z,2026-06-18T16:06:38.372Z
6d948f1f-5712-5cd1-84f6-bb057625cf09,FASE DE GRUPS CAMPIONAT BCN BENJAMÍ (2024-25),FASE,Benjamí,2024-25,league,,,8,2026-06-18T16:06:38.372Z,2026-06-18T16:06:38.372Z
a7d1540c-f974-5a73-8b3e-5536339b6d2d,FASE DE GRUPS CCAT BENJAMÍ (2024-25),FASE,Benjamí,2024-25,league,,,12,2026-06-18T16:06:38.372Z,2026-06-18T16:06:38.372Z
d55664c1-fd93-5761-8f04-17cff3e6382d,FASES FINALS CAMPIONAT BCN BENJAMÍ (2024-25),FASES,Benjamí,2024-25,league,,,1,2026-06-18T16:06:38.372Z,2026-06-18T16:06:38.372Z
f580b3f2-957e-52e9-ba40-ebe98b4ad747,FASES FINALS CCAT BENJAMÍ (2024-25),FASES,Benjamí,2024-25,league,,,0,2026-06-18T16:06:38.372Z,2026-06-18T16:06:38.372Z
945caa36-8b27-5d9f-9411-df0075dd3316,GIRONA BENJAMÍ OR (2024-25),GIRONA,Benjamí,2024-25,league,,local,13,2026-06-18T16:06:38.372Z,2026-06-18T16:06:38.372Z
44971f87-a221-5580-b574-c0080f7dafcd,GIRONA BENJAMÍ PLATA FASE 1 GRUP A (2024-25),GIRONA,Benjamí,2024-25,league,,local,8,2026-06-18T16:06:38.372Z,2026-06-18T16:06:38.372Z
8f9ea360-53ea-518f-b3c6-a8fc02ce0560,GIRONA BENJAMÍ PLATA FASE 1 GRUP B (2024-25),GIRONA,Benjamí,2024-25,league,,local,7,2026-06-18T16:06:38.372Z,2026-06-18T16:06:38.372Z
a6c7a6c7-5c60-56e7-8880-27b5f84fbd29,GIRONA BENJAMÍ PLATA FASE 2 GRUP A (2024-25),GIRONA,Benjamí,2024-25,league,,local,8,2026-06-18T16:06:38.372Z,2026-06-18T16:06:38.372Z
0f7b9e66-021d-57e2-99ec-780b648cf9b9,GIRONA BENJAMÍ PLATA FASE 2 GRUP B (2024-25),GIRONA,Benjamí,2024-25,league,,local,7,2026-06-18T16:06:38.372Z,2026-06-18T16:06:38.372Z
f7637c3b-c4d8-56e7-a2b1-b8889367848d,LLIGA LLEIDATGN BENJAMÍ OR (2024-25),LLIGA,Benjamí,2024-25,league,,local,12,2026-06-18T16:06:38.372Z,2026-06-18T16:06:38.372Z
d0916a9d-d405-5d5b-a0db-f8ca7e5f60c0,ELIMINATÒRIA ASCENS PERMANÈNCIA GRUP B-C (2024-25),ASCENS,C,2024-25,cup,,,0,2026-06-18T16:06:38.372Z,2026-06-18T16:06:38.372Z
68124dc6-4f3d-5d4a-b46a-229854acda1a,2ª CATALANA FEMENINA GRUP A (2024-25),CATALANA,Fem,2024-25,league,,autonomic,17,2026-06-18T16:06:38.372Z,2026-06-18T16:06:38.372Z
9be24e28-9b46-57c9-a644-5e2fc6809490,2ª CATALANA FEMENINA GRUP B (2024-25),CATALANA,Fem,2024-25,league,,autonomic,15,2026-06-18T16:06:38.372Z,2026-06-18T16:06:38.372Z
2c4530b6-06b6-59fd-a988-6cb8516da182,2ª FASE FEM 19 (2024-25),FASE,Fem,2024-25,league,,,4,2026-06-18T16:06:38.372Z,2026-06-18T16:06:38.372Z
505c2e5d-3f47-59ab-b9a5-ded3c87a29b3,3A FASE FEM11 COPES GRUP A (2024-25),FASE,Fem,2024-25,league,,,4,2026-06-18T16:06:38.372Z,2026-06-18T16:06:38.372Z
7d6533cc-a0a1-5df8-aa43-4866994747a5,3A FASE FEM11 COPES GRUP B (2024-25),FASE,Fem,2024-25,league,,,4,2026-06-18T16:06:38.372Z,2026-06-18T16:06:38.372Z
78677516-b84f-5909-8269-f6572bb48139,3A FASE FEM11 COPES GRUP C (2024-25),FASE,Fem,2024-25,league,,,4,2026-06-18T16:06:38.372Z,2026-06-18T16:06:38.372Z
8262dded-4f09-540c-bc06-30330aec27fc,3A FASE FEM11 COPES GRUP D (2024-25),FASE,Fem,2024-25,league,,,4,2026-06-18T16:06:38.372Z,2026-06-18T16:06:38.372Z
fc4f16b8-5dcc-53c5-9956-88e32d19683b,3A FASE FEM11 COPES GRUP E (2024-25),FASE,Fem,2024-25,league,,,4,2026-06-18T16:06:38.372Z,2026-06-18T16:06:38.372Z
2a731c8d-2ab4-5240-b7ec-7e40b8073804,3A FASE FEM17 COPES GRUP A (2024-25),FASE,Fem,2024-25,league,,,4,2026-06-18T16:06:38.372Z,2026-06-18T16:06:38.372Z
5b743048-c4cc-5ccb-9350-524c04f32d5f,3A FASE FEM17 COPES GRUP B (2024-25),FASE,Fem,2024-25,league,,,4,2026-06-18T16:06:38.372Z,2026-06-18T16:06:38.372Z
cde06b7d-d530-5db6-b92c-f87f010a121e,ELIMINATÒRIA ASCENS A 1CAT FEM (2024-25),ASCENS,Fem,2024-25,cup,,,0,2026-06-18T16:06:38.372Z,2026-06-18T16:06:38.372Z
17c71540-7365-584d-a9e7-d39f71173901,ELIMINATÒRIA ASCENS A NCAT FEM (2024-25),ASCENS,Fem,2024-25,cup,,,0,2026-06-18T16:06:38.372Z,2026-06-18T16:06:38.372Z
704b98bd-81c5-51fb-92d3-109a670d5115,FEM 11 A (2024-25),FEM,Fem,2024-25,league,,,7,2026-06-18T16:06:38.372Z,2026-06-18T16:06:38.372Z
2daed801-613c-589e-a28d-1a6dc2b9b10b,FEM 11 B (2024-25),FEM,Fem,2024-25,league,,,8,2026-06-18T16:06:38.372Z,2026-06-18T16:06:38.372Z
134351c9-ee38-5e80-8bab-e9c2613defaa,FEM 11 C (2024-25),FEM,Fem,2024-25,league,,,8,2026-06-18T16:06:38.372Z,2026-06-18T16:06:38.372Z
654b7217-a10c-5a39-b455-8a571081a30b,FEM 11 C1 (2024-25),FEM,Fem,2024-25,league,,,6,2026-06-18T16:06:38.372Z,2026-06-18T16:06:38.372Z
2558ff0b-a186-54b9-abb7-5ada2226797a,FEM 11 C2 (2024-25),FEM,Fem,2024-25,league,,,6,2026-06-18T16:06:38.372Z,2026-06-18T16:06:38.372Z
b5fc75e9-ca5a-597f-850b-7433dedc5a59,FEM 11 C3 (2024-25),FEM,Fem,2024-25,league,,,6,2026-06-18T16:06:38.372Z,2026-06-18T16:06:38.372Z
eb9e7a68-74fe-58fc-8403-b65130af1758,FEM 11 C4 (2024-25),FEM,Fem,2024-25,league,,,6,2026-06-18T16:06:38.372Z,2026-06-18T16:06:38.372Z
86715b38-3728-5a00-8352-41c642a98f47,FEM 11 D (2024-25),FEM,Fem,2024-25,league,,,6,2026-06-18T16:06:38.372Z,2026-06-18T16:06:38.372Z
8ba494c9-146d-5441-81ab-434c91e5e277,FEM 11 E (2024-25),FEM,Fem,2024-25,league,,,7,2026-06-18T16:06:38.372Z,2026-06-18T16:06:38.372Z
3aa35a02-f86e-5ff7-bf16-f5d1c83b0dce,FEM 11 P1 (2024-25),FEM,Fem,2024-25,league,,,6,2026-06-18T16:06:38.372Z,2026-06-18T16:06:38.372Z
0a0ab784-40dd-5442-86fc-b8611ced9422,FEM 11 P2 (2024-25),FEM,Fem,2024-25,league,,,6,2026-06-18T16:06:38.372Z,2026-06-18T16:06:38.372Z
6a121e5f-75aa-508a-95e5-2fa65275f634,FEM 15 P1 (2024-25),FEM,Fem,2024-25,league,,,6,2026-06-18T16:06:38.372Z,2026-06-18T16:06:38.372Z
deeb00b5-a678-5691-b5cb-0b5794de6fcf,FEM 15 P2 (2024-25),FEM,Fem,2024-25,league,,,6,2026-06-18T16:06:38.372Z,2026-06-18T16:06:38.372Z
6d2d6a98-0569-5e50-a48a-a454ffd597ef,FEM 17 A (2024-25),FEM,Fem,2024-25,league,,,8,2026-06-18T16:06:38.372Z,2026-06-18T16:06:38.372Z
2f38ac14-3f65-585b-9b69-0c748e2c2cad,FEM 17 B (2024-25),FEM,Fem,2024-25,league,,,8,2026-06-18T16:06:38.372Z,2026-06-18T16:06:38.372Z
eb9488d2-c791-56d0-85de-f65714d704d9,FEM 17 C (2024-25),FEM,Fem,2024-25,league,,,8,2026-06-18T16:06:38.372Z,2026-06-18T16:06:38.372Z
de647c7d-8a8f-52e2-87aa-be5456aa6373,FEM 17 C1 (2024-25),FEM,Fem,2024-25,league,,,6,2026-06-18T16:06:38.372Z,2026-06-18T16:06:38.372Z
cb5f617d-e43e-5645-b3db-a6dbb5e642f8,FEM 17 C2 (2024-25),FEM,Fem,2024-25,league,,,6,2026-06-18T16:06:38.372Z,2026-06-18T16:06:38.372Z
cce34fea-644a-5c52-a09c-ffe7c6f222e5,FEM 17 P1 (2024-25),FEM,Fem,2024-25,league,,,6,2026-06-18T16:06:38.372Z,2026-06-18T16:06:38.372Z
6feb7904-cf3c-55e4-a5df-bb7a824ab13c,FEM 17 P2 (2024-25),FEM,Fem,2024-25,league,,,6,2026-06-18T16:06:38.372Z,2026-06-18T16:06:38.372Z
2f7ffc3c-7db4-59ab-bdce-62a4e0af8641,FEM 19 (2024-25),FEM,Fem,2024-25,league,,,5,2026-06-18T16:06:38.372Z,2026-06-18T16:06:38.372Z
dad726f0-0a53-5d93-b19b-d3308910eee3,FEM11 PREF 9E AL 12E CLASSIFICAT (2024-25),PREF,Fem,2024-25,league,,,4,2026-06-18T16:06:38.372Z,2026-06-18T16:06:38.372Z
4e094105-8a9e-5ad7-9cd0-072398cadb89,FEM15 OR A (2024-25),OR,Fem,2024-25,league,,,6,2026-06-18T16:06:38.372Z,2026-06-18T16:06:38.372Z
b1069c99-4cb9-52ed-b0fc-5b82003d6e0d,FEM15 OR B (2024-25),OR,Fem,2024-25,league,,,7,2026-06-18T16:06:38.372Z,2026-06-18T16:06:38.372Z
bb6b04bc-3277-51d2-bfda-e99145ee786b,FEM15 OR C (2024-25),OR,Fem,2024-25,league,,,7,2026-06-18T16:06:38.372Z,2026-06-18T16:06:38.372Z
c3314b7e-2bbd-5922-baea-4bd1f9458168,FEM15 PREF 9E AL 12E CLASSIFICAT (2024-25),PREF,Fem,2024-25,league,,,4,2026-06-18T16:06:38.372Z,2026-06-18T16:06:38.372Z
01253fc4-8ab7-54cf-93a5-6a87ad6ea68b,FEM17 PREF 9E AL 12E CLASSIFICAT (2024-25),PREF,Fem,2024-25,league,,,4,2026-06-18T16:06:38.372Z,2026-06-18T16:06:38.372Z
7d1626b7-9f79-5530-9d20-a652fcc11fc6,MINIFEM A (2024-25),MINIFEM,Fem,2024-25,league,,,5,2026-06-18T16:06:38.372Z,2026-06-18T16:06:38.372Z
7d169f6b-656f-5e62-9516-13b6918ae70b,MINIFEM B (2024-25),MINIFEM,Fem,2024-25,league,,,6,2026-06-18T16:06:38.372Z,2026-06-18T16:06:38.372Z
e37f6c54-c4e7-5444-bf03-5afba78346f5,MINIFEM C (2024-25),MINIFEM,Fem,2024-25,league,,,5,2026-06-18T16:06:38.372Z,2026-06-18T16:06:38.372Z
7a2bf1f3-5392-5449-aaa0-479c15ed8837,MINIFEM G1 2ª FASE (2024-25),MINIFEM,Fem,2024-25,league,,,9,2026-06-18T16:06:38.372Z,2026-06-18T16:06:38.372Z
dc341729-59cb-5325-af99-b36fc2478f87,MINIFEM G2 2ª FASE (2024-25),MINIFEM,Fem,2024-25,league,,,8,2026-06-18T16:06:38.372Z,2026-06-18T16:06:38.372Z
277795e0-e763-5363-bd4b-419ef2aa276a,PLAYOFF NCAT FEMENINA (2024-25),PLAYOFF,Fem,2024-25,cup,,,0,2026-06-18T16:06:38.372Z,2026-06-18T16:06:38.372Z
949a5ae0-3abf-5d8e-99c5-058c6c8a030b,PLAYOUT NCAT FEMENINA (2024-25),PLAYOUT,Fem,2024-25,league,,,0,2026-06-18T16:06:38.372Z,2026-06-18T16:06:38.372Z
f13b1b59-b93e-5ca5-91d7-8bd49fe52ed0,ELIMINATÒRIA ACCÉS COPA ELIT INFANTIL (2024-25),ACCES,Infantil,2024-25,cup,,,0,2026-06-18T16:06:38.372Z,2026-06-18T16:06:38.372Z
0f98ffc4-a9fe-5817-a0b0-114ba840ff53,FASE DE GRUPS CCAT INFANTIL (2024-25),FASE,Infantil,2024-25,league,,,8,2026-06-18T16:06:38.372Z,2026-06-18T16:06:38.372Z
305b87bc-2afe-5052-976a-15b55c1392fc,FASE DE GRUPS COPA ELIT INFANTIL (2024-25),FASE,Infantil,2024-25,cup,,,8,2026-06-18T16:06:38.372Z,2026-06-18T16:06:38.372Z
3a0ca617-93ed-5e9d-a19c-82d0d1616e54,FASES FINALS CCAT INFANTIL (2024-25),FASES,Infantil,2024-25,league,,,0,2026-06-18T16:06:38.372Z,2026-06-18T16:06:38.372Z
e534ea4f-3f59-56a9-8fd0-3724a4837fa5,FASES FINALS COPA ELIT INFANTIL (2024-25),FASES,Infantil,2024-25,cup,,,0,2026-06-18T16:06:38.372Z,2026-06-18T16:06:38.372Z
da9493cb-56f8-58b4-af72-ec84632a6b69,FINALS CAMP CATALUNYA SEL TERRITORIALS INFANTIL (2024-25),FINALS,Infantil,2024-25,league,,autonomic,0,2026-06-18T16:06:38.372Z,2026-06-18T16:06:38.372Z
636fdfcf-d430-51f3-a13a-a070cd180dca,INFANTIL OR 1 (2024-25),INFANTIL,Infantil,2024-25,league,,,8,2026-06-18T16:06:38.372Z,2026-06-18T16:06:38.372Z
1704ddc9-6038-50d4-90f6-4354cec784d0,INFANTIL OR 10 (2024-25),INFANTIL,Infantil,2024-25,league,,,7,2026-06-18T16:06:38.372Z,2026-06-18T16:06:38.372Z
bbc958b0-e285-56ef-b7a7-a9b353f58b1f,INFANTIL OR 11 (2024-25),INFANTIL,Infantil,2024-25,league,,,7,2026-06-18T16:06:38.372Z,2026-06-18T16:06:38.372Z
6b9d566e-2b73-54ff-af33-8d8440b16120,INFANTIL OR 2 (2024-25),INFANTIL,Infantil,2024-25,league,,,8,2026-06-18T16:06:38.372Z,2026-06-18T16:06:38.372Z
94b49bf5-500a-56fe-b603-eb9fc26a19de,INFANTIL OR 3 (2024-25),INFANTIL,Infantil,2024-25,league,,,8,2026-06-18T16:06:38.372Z,2026-06-18T16:06:38.372Z
a847ee48-ae62-5da7-9fd4-0ff3fa106e35,INFANTIL OR 4 (2024-25),INFANTIL,Infantil,2024-25,league,,,8,2026-06-18T16:06:38.372Z,2026-06-18T16:06:38.372Z
03e4c595-07ff-5c48-b4eb-d2151e5f0e55,INFANTIL OR 5 (2024-25),INFANTIL,Infantil,2024-25,league,,,7,2026-06-18T16:06:38.372Z,2026-06-18T16:06:38.372Z
160ec90f-e274-536c-9d67-18844005d643,INFANTIL OR 6 (2024-25),INFANTIL,Infantil,2024-25,league,,,7,2026-06-18T16:06:38.372Z,2026-06-18T16:06:38.372Z
e744db33-1daf-5019-92ae-f4fc20849d15,INFANTIL OR 7 (2024-25),INFANTIL,Infantil,2024-25,league,,,7,2026-06-18T16:06:38.372Z,2026-06-18T16:06:38.372Z
e9addccc-4f6c-5ba0-b1a4-98bece988102,INFANTIL OR 8 (2024-25),INFANTIL,Infantil,2024-25,league,,,7,2026-06-18T16:06:38.372Z,2026-06-18T16:06:38.372Z
0b24bc93-2fae-54ba-b0a0-873e53569a41,INFANTIL OR 9 (2024-25),INFANTIL,Infantil,2024-25,league,,,7,2026-06-18T16:06:38.372Z,2026-06-18T16:06:38.372Z
61eaf85c-fae4-57ae-b554-160ee8a77899,INFANTIL OR CC1 (2024-25),INFANTIL,Infantil,2024-25,league,,,8,2026-06-18T16:06:38.372Z,2026-06-18T16:06:38.372Z
2950bfe1-6c08-5517-9160-fe5f2bb7b55d,INFANTIL OR CC2 (2024-25),INFANTIL,Infantil,2024-25,league,,,7,2026-06-18T16:06:38.372Z,2026-06-18T16:06:38.372Z
5596e4af-3e15-5433-a47c-d2cbb4488046,INFANTIL OR CC3 (2024-25),INFANTIL,Infantil,2024-25,league,,,7,2026-06-18T16:06:38.372Z,2026-06-18T16:06:38.372Z
bbc72150-8e06-5b5d-a06b-31a66174569d,INFANTIL OR CC4 (2024-25),INFANTIL,Infantil,2024-25,league,,,7,2026-06-18T16:06:38.372Z,2026-06-18T16:06:38.372Z
c2161f13-17a2-56ec-8035-e3bb54225b30,INFANTIL OR P1 (2024-25),INFANTIL,Infantil,2024-25,league,,,6,2026-06-18T16:06:38.372Z,2026-06-18T16:06:38.372Z
9798f3c8-6482-5e7e-9e56-ae528ff202f3,INFANTIL OR P2 (2024-25),INFANTIL,Infantil,2024-25,league,,,6,2026-06-18T16:06:38.372Z,2026-06-18T16:06:38.372Z
fa4a5d44-d8b4-5743-ac89-a18f10860d34,INFANTIL OR P3 (2024-25),INFANTIL,Infantil,2024-25,league,,,6,2026-06-18T16:06:38.372Z,2026-06-18T16:06:38.372Z
0e56708b-ccd5-5bf9-9807-86ff034d4f78,INFANTIL OR P4 (2024-25),INFANTIL,Infantil,2024-25,league,,,6,2026-06-18T16:06:38.372Z,2026-06-18T16:06:38.372Z
acc4b37b-8262-535e-97c7-b462c13d0416,INFANTIL OR RK1 (2024-25),INFANTIL,Infantil,2024-25,league,,,7,2026-06-18T16:06:38.372Z,2026-06-18T16:06:38.372Z
1146ecad-ec49-5b1a-8166-94cd4921518c,INFANTIL OR RK2 (2024-25),INFANTIL,Infantil,2024-25,league,,,7,2026-06-18T16:06:38.372Z,2026-06-18T16:06:38.372Z
e68c1060-3f05-5df8-a9e0-8adab156fe59,INFANTIL OR RK3 (2024-25),INFANTIL,Infantil,2024-25,league,,,7,2026-06-18T16:06:38.372Z,2026-06-18T16:06:38.372Z
f5482e97-fd2c-5fc6-92a6-18688c815645,INFANTIL OR RK4 (2024-25),INFANTIL,Infantil,2024-25,league,,,7,2026-06-18T16:06:38.372Z,2026-06-18T16:06:38.372Z
ff8c11bd-4b06-5f5d-a7f6-b91512981413,INFANTIL PLATA 1 (2024-25),INFANTIL,Infantil,2024-25,league,,,8,2026-06-18T16:06:38.372Z,2026-06-18T16:06:38.372Z
5630cbc3-8aac-5c9b-a6bf-66d2aff8129c,INFANTIL PLATA 10 (2024-25),INFANTIL,Infantil,2024-25,league,,,7,2026-06-18T16:06:38.372Z,2026-06-18T16:06:38.372Z
266a0135-0ebe-5ca4-a290-f1ac09dd757e,INFANTIL PLATA 11 (2024-25),INFANTIL,Infantil,2024-25,league,,,7,2026-06-18T16:06:38.372Z,2026-06-18T16:06:38.372Z
756d9ae3-23c7-5fea-a9c1-1941e8f34586,INFANTIL PLATA 12 (2024-25),INFANTIL,Infantil,2024-25,league,,,7,2026-06-18T16:06:38.372Z,2026-06-18T16:06:38.372Z
362cc96e-4a77-57c1-9be3-7a1640d59c56,INFANTIL PLATA 13 (2024-25),INFANTIL,Infantil,2024-25,league,,,7,2026-06-18T16:06:38.372Z,2026-06-18T16:06:38.372Z
d177f926-9ff6-50b6-a38f-f3569f77ba8c,INFANTIL PLATA 14 (2024-25),INFANTIL,Infantil,2024-25,league,,,7,2026-06-18T16:06:38.372Z,2026-06-18T16:06:38.372Z
36335cb8-c031-5085-8ea8-ee2f5df9257c,INFANTIL PLATA 2 (2024-25),INFANTIL,Infantil,2024-25,league,,,8,2026-06-18T16:06:38.372Z,2026-06-18T16:06:38.372Z
7ccce0a7-7a1c-51c2-89cd-9323a9b3908f,INFANTIL PLATA 3 (2024-25),INFANTIL,Infantil,2024-25,league,,,8,2026-06-18T16:06:38.372Z,2026-06-18T16:06:38.372Z
2f416116-c86c-51e2-815d-7a8b39bacb33,INFANTIL PLATA 4 (2024-25),INFANTIL,Infantil,2024-25,league,,,8,2026-06-18T16:06:38.372Z,2026-06-18T16:06:38.372Z
34d58910-931c-53c9-9c91-e0cbc0a1bad8,INFANTIL PLATA 5 (2024-25),INFANTIL,Infantil,2024-25,league,,,8,2026-06-18T16:06:38.372Z,2026-06-18T16:06:38.372Z
57e06b0c-1eb4-58a9-beaa-ee9f77f06506,INFANTIL PLATA 6 (2024-25),INFANTIL,Infantil,2024-25,league,,,7,2026-06-18T16:06:38.372Z,2026-06-18T16:06:38.372Z
0be5b169-9720-5199-a060-f695c3180601,INFANTIL PLATA 7 (2024-25),INFANTIL,Infantil,2024-25,league,,,7,2026-06-18T16:06:38.372Z,2026-06-18T16:06:38.372Z
5c192681-4873-5085-bd56-63004606b79a,INFANTIL PLATA 8 (2024-25),INFANTIL,Infantil,2024-25,league,,,8,2026-06-18T16:06:38.372Z,2026-06-18T16:06:38.372Z
4f9366ff-0c7f-511f-be8b-a0f2895fee2e,INFANTIL PLATA 9 (2024-25),INFANTIL,Infantil,2024-25,league,,,7,2026-06-18T16:06:38.372Z,2026-06-18T16:06:38.372Z
6ddc0e86-4bf2-5ba2-a30e-3d5de2a0fa79,INFANTIL PLATA CC1 (2024-25),INFANTIL,Infantil,2024-25,league,,,8,2026-06-18T16:06:38.372Z,2026-06-18T16:06:38.372Z
9ea72e84-dc59-5a71-a442-1a2d22e5f75f,INFANTIL PLATA CC2 (2024-25),INFANTIL,Infantil,2024-25,league,,,8,2026-06-18T16:06:38.372Z,2026-06-18T16:06:38.372Z
21a6a5e9-3914-5e85-baeb-a0ffa9698d1d,INFANTIL PLATA CC3 (2024-25),INFANTIL,Infantil,2024-25,league,,,8,2026-06-18T16:06:38.372Z,2026-06-18T16:06:38.372Z
b4e46ad8-7058-5041-8276-c25fff0c9637,INFANTIL PLATA CC4 (2024-25),INFANTIL,Infantil,2024-25,league,,,7,2026-06-18T16:06:38.372Z,2026-06-18T16:06:38.372Z
152b8702-da24-5a70-810b-b89fc1d20b89,INFANTIL PLATA CC5 (2024-25),INFANTIL,Infantil,2024-25,league,,,7,2026-06-18T16:06:38.372Z,2026-06-18T16:06:38.372Z
72550ab2-5084-5c2d-a11b-24802c7ab4f5,INFANTIL PLATA CC6 (2024-25),INFANTIL,Infantil,2024-25,league,,,7,2026-06-18T16:06:38.372Z,2026-06-18T16:06:38.372Z
47397aef-052f-540e-a3a6-7f5d3ade145b,INFANTIL PLATA CC7 (2024-25),INFANTIL,Infantil,2024-25,league,,,7,2026-06-18T16:06:38.372Z,2026-06-18T16:06:38.372Z
96659e20-dd92-5327-a1ec-81baf29947d7,INFANTIL PLATA CF1 (2024-25),INFANTIL,Infantil,2024-25,league,,,7,2026-06-18T16:06:38.372Z,2026-06-18T16:06:38.372Z
a1325017-e6fe-59b4-92c7-564b104e6638,INFANTIL PLATA CF2 (2024-25),INFANTIL,Infantil,2024-25,league,,,7,2026-06-18T16:06:38.372Z,2026-06-18T16:06:38.372Z
784c72a6-2e48-568d-b231-ec9494296e64,INFANTIL PLATA CF3 (2024-25),INFANTIL,Infantil,2024-25,league,,,8,2026-06-18T16:06:38.372Z,2026-06-18T16:06:38.372Z
068d275c-4081-5b51-abfa-de6b88056860,INFANTIL PLATA CF4 (2024-25),INFANTIL,Infantil,2024-25,league,,,7,2026-06-18T16:06:38.372Z,2026-06-18T16:06:38.372Z
dd56bab2-d005-59bd-b7ae-e75c5848dacd,INFANTIL PLATA CF5 (2024-25),INFANTIL,Infantil,2024-25,league,,,8,2026-06-18T16:06:38.372Z,2026-06-18T16:06:38.372Z
62b01865-6fd8-51fd-97ea-2c54f14c4a0a,INFANTIL PLATA CF6 (2024-25),INFANTIL,Infantil,2024-25,league,,,7,2026-06-18T16:06:38.372Z,2026-06-18T16:06:38.372Z
fa6780ef-64fc-50a8-98c1-42d0433c6f8b,INFANTIL PLATA CF7 (2024-25),INFANTIL,Infantil,2024-25,league,,,8,2026-06-18T16:06:38.372Z,2026-06-18T16:06:38.372Z
c94b83c9-0096-5cf2-82cc-898aa7979197,ELIMINATORIA ACCÉS COPA ELIT JÚNIOR (2024-25),ACCES,Júnior,2024-25,cup,,,0,2026-06-18T16:06:38.372Z,2026-06-18T16:06:38.372Z
14f0046e-02ce-53a4-88e9-e70923feaff7,FASE DE GRUPS CCAT JÚNIOR (2024-25),FASE,Júnior,2024-25,league,,,8,2026-06-18T16:06:38.372Z,2026-06-18T16:06:38.372Z
87bb675e-25dc-5e87-8efa-76a680712956,FASE DE GRUPS COPA ELIT JÚNIOR (2024-25),FASE,Júnior,2024-25,cup,,,8,2026-06-18T16:06:38.372Z,2026-06-18T16:06:38.372Z
433e5801-cad8-548d-9c8a-5414c25142ab,FASES FINALS CCAT JÚNIOR (2024-25),FASES,Júnior,2024-25,league,,,0,2026-06-18T16:06:38.372Z,2026-06-18T16:06:38.372Z
8db77f24-f623-522d-a224-28fe148f537d,FASES FINALS COPA ELIT JÚNIOR (2024-25),FASES,Júnior,2024-25,cup,,,0,2026-06-18T16:06:38.372Z,2026-06-18T16:06:38.372Z
064af1f7-83b6-5327-a846-df522fc02525,JÚNIOR OR 1 (2024-25),JUNIOR,Júnior,2024-25,league,,,8,2026-06-18T16:06:38.372Z,2026-06-18T16:06:38.372Z
daff3ada-2bd4-5beb-9bab-89150d650d31,JÚNIOR OR 2 (2024-25),JUNIOR,Júnior,2024-25,league,,,8,2026-06-18T16:06:38.372Z,2026-06-18T16:06:38.372Z
b4ffc1c5-21a4-59c7-907b-8174ea903576,JÚNIOR OR 3 (2024-25),JUNIOR,Júnior,2024-25,league,,,8,2026-06-18T16:06:38.372Z,2026-06-18T16:06:38.372Z
555149c0-a905-55bb-886a-d3149aed43f1,JÚNIOR OR 4 (2024-25),JUNIOR,Júnior,2024-25,league,,,7,2026-06-18T16:06:38.372Z,2026-06-18T16:06:38.372Z
827d3942-7df1-55b9-bd18-55a25f02697d,JÚNIOR OR 5 (2024-25),JUNIOR,Júnior,2024-25,league,,,7,2026-06-18T16:06:38.372Z,2026-06-18T16:06:38.372Z
71899563-d5a7-55b2-9cc5-195aefc6c675,JÚNIOR OR 6 (2024-25),JUNIOR,Júnior,2024-25,league,,,7,2026-06-18T16:06:38.372Z,2026-06-18T16:06:38.372Z
0d81da95-fbca-5f70-832a-e345ee07aadf,JÚNIOR OR 7 (2024-25),JUNIOR,Júnior,2024-25,league,,,7,2026-06-18T16:06:38.372Z,2026-06-18T16:06:38.372Z
a8c00804-7f61-5d63-b1c0-92ccbdae3997,JÚNIOR OR CC1 (2024-25),JUNIOR,Júnior,2024-25,league,,,7,2026-06-18T16:06:38.372Z,2026-06-18T16:06:38.372Z
ff8a32f2-b6d3-58f0-aa85-1bd3fca1eacd,JÚNIOR OR CC2 (2024-25),JUNIOR,Júnior,2024-25,league,,,7,2026-06-18T16:06:38.372Z,2026-06-18T16:06:38.372Z
613e4731-fc5b-57c2-b0c0-d8dbc78fa2d0,JÚNIOR OR P1 (2024-25),JUNIOR,Júnior,2024-25,league,,,6,2026-06-18T16:06:38.372Z,2026-06-18T16:06:38.372Z
9bc21312-c40d-5673-a83e-1b09767abe3a,JÚNIOR OR P2 (2024-25),JUNIOR,Júnior,2024-25,league,,,6,2026-06-18T16:06:38.372Z,2026-06-18T16:06:38.372Z
ceb98df2-1621-5d5d-8d0e-d09b357632d2,JÚNIOR OR P3 (2024-25),JUNIOR,Júnior,2024-25,league,,,6,2026-06-18T16:06:38.372Z,2026-06-18T16:06:38.372Z
b880eea1-4625-5cbb-9596-2ebeb78ee933,JÚNIOR OR P4 (2024-25),JUNIOR,Júnior,2024-25,league,,,6,2026-06-18T16:06:38.372Z,2026-06-18T16:06:38.372Z
8d2dc315-2ccb-5b49-9f45-d87753366e60,JÚNIOR OR RK1 (2024-25),JUNIOR,Júnior,2024-25,league,,,7,2026-06-18T16:06:38.372Z,2026-06-18T16:06:38.372Z
76e96e01-15f9-5919-b360-06b5cffdc57d,JÚNIOR OR RK2 (2024-25),JUNIOR,Júnior,2024-25,league,,,7,2026-06-18T16:06:38.372Z,2026-06-18T16:06:38.372Z
25648cb6-2bcf-5016-a6d6-5c694b13bc25,JÚNIOR PLATA 1 (2024-25),JUNIOR,Júnior,2024-25,league,,,7,2026-06-18T16:06:38.372Z,2026-06-18T16:06:38.372Z
2daabe71-b370-5e31-bc18-edfab1c727d1,JÚNIOR PLATA 2 (2024-25),JUNIOR,Júnior,2024-25,league,,,7,2026-06-18T16:06:38.372Z,2026-06-18T16:06:38.372Z
e7169347-f1ec-53eb-a71c-b0143d9f22be,JÚNIOR PLATA 3 (2024-25),JUNIOR,Júnior,2024-25,league,,,7,2026-06-18T16:06:38.372Z,2026-06-18T16:06:38.372Z
b3b97240-fa8f-5b3e-bdec-c4a032968d3c,JÚNIOR PLATA 4 (2024-25),JUNIOR,Júnior,2024-25,league,,,5,2026-06-18T16:06:38.372Z,2026-06-18T16:06:38.372Z
b577396c-9169-5499-b840-edbcc4dcff39,JÚNIOR PLATA CC1 (2024-25),JUNIOR,Júnior,2024-25,league,,,7,2026-06-18T16:06:38.372Z,2026-06-18T16:06:38.372Z
c56cec6e-0084-519b-819b-5e5aeecf0be0,JÚNIOR PLATA CC2 (2024-25),JUNIOR,Júnior,2024-25,league,,,6,2026-06-18T16:06:38.372Z,2026-06-18T16:06:38.372Z
e9e39670-5044-5c7c-a989-a6531ffe82a6,JÚNIOR PLATA CF1 (2024-25),JUNIOR,Júnior,2024-25,league,,,6,2026-06-18T16:06:38.372Z,2026-06-18T16:06:38.372Z
01a686da-f91a-54ff-b91b-e713167492c8,JÚNIOR PLATA CF2 (2024-25),JUNIOR,Júnior,2024-25,league,,,6,2026-06-18T16:06:38.372Z,2026-06-18T16:06:38.372Z
043e5d36-188d-5319-a361-87567b6098e6,ELIMINATÒRIA ACCÉS COPA ELIT JUVENIL (2024-25),ACCES,Juvenil,2024-25,cup,,,0,2026-06-18T16:06:38.372Z,2026-06-18T16:06:38.372Z
f408fa28-6e5e-53b4-aef4-78e135086768,FASE DE GRUPS CCAT JUVENIL (2024-25),FASE,Juvenil,2024-25,league,,,8,2026-06-18T16:06:38.372Z,2026-06-18T16:06:38.372Z
a54b32c2-5a33-5dca-848b-630248e13242,FASE DE GRUPS COPA ELIT JUVENIL (2024-25),FASE,Juvenil,2024-25,cup,,,8,2026-06-18T16:06:38.372Z,2026-06-18T16:06:38.372Z
5844494f-f8ec-5146-9803-a90ef6367b74,FASES FINALS CCAT JUVENIL (2024-25),FASES,Juvenil,2024-25,league,,,0,2026-06-18T16:06:38.372Z,2026-06-18T16:06:38.372Z
2c3f0e2a-6c49-52a7-b14b-854b796e8057,FASES FINALS COPA ELIT JUVENIL (2024-25),FASES,Juvenil,2024-25,cup,,,0,2026-06-18T16:06:38.372Z,2026-06-18T16:06:38.372Z
7ae7638d-7e12-51c4-909f-0dbe3c1e3860,JUVENIL OR 1 (2024-25),JUVENIL,Juvenil,2024-25,league,,,8,2026-06-18T16:06:38.372Z,2026-06-18T16:06:38.372Z
e8902cec-6d1d-5142-af3f-80cf5599d92c,JUVENIL OR 2 (2024-25),JUVENIL,Juvenil,2024-25,league,,,8,2026-06-18T16:06:38.372Z,2026-06-18T16:06:38.372Z
70f567db-9775-5d1a-8538-9c2b39f22264,JUVENIL OR 3 (2024-25),JUVENIL,Juvenil,2024-25,league,,,8,2026-06-18T16:06:38.372Z,2026-06-18T16:06:38.372Z
6247f373-6808-50ff-bbf8-ffb24e6e83e6,JUVENIL OR 4 (2024-25),JUVENIL,Juvenil,2024-25,league,,,7,2026-06-18T16:06:38.372Z,2026-06-18T16:06:38.372Z
a9720f24-be01-52a9-a2ca-88efdc802716,JUVENIL OR 5 (2024-25),JUVENIL,Juvenil,2024-25,league,,,7,2026-06-18T16:06:38.372Z,2026-06-18T16:06:38.372Z
e0322554-1a50-505d-a34b-09ea69da9aff,JUVENIL OR 6 (2024-25),JUVENIL,Juvenil,2024-25,league,,,7,2026-06-18T16:06:38.372Z,2026-06-18T16:06:38.372Z
2798f794-8b4f-59e0-95ab-119abb377a87,JUVENIL OR 7 (2024-25),JUVENIL,Juvenil,2024-25,league,,,7,2026-06-18T16:06:38.372Z,2026-06-18T16:06:38.372Z
53b60bc4-1371-572f-9bb6-88eb4cb33678,JUVENIL OR 8 (2024-25),JUVENIL,Juvenil,2024-25,league,,,7,2026-06-18T16:06:38.372Z,2026-06-18T16:06:38.372Z
b5fc0df7-4891-55bf-bb3d-a03a691b022c,JUVENIL OR 9 (2024-25),JUVENIL,Juvenil,2024-25,league,,,7,2026-06-18T16:06:38.372Z,2026-06-18T16:06:38.372Z
614af182-752a-571f-b1ec-565226abc9f1,JUVENIL OR CC1 (2024-25),JUVENIL,Juvenil,2024-25,league,,,7,2026-06-18T16:06:38.372Z,2026-06-18T16:06:38.372Z
17d877b0-4dbe-54c7-a6db-fe8cb25d672e,JUVENIL OR CC2 (2024-25),JUVENIL,Juvenil,2024-25,league,,,7,2026-06-18T16:06:38.372Z,2026-06-18T16:06:38.372Z
3c2d7c2a-0180-5245-a416-977a762c2887,JUVENIL OR CC3 (2024-25),JUVENIL,Juvenil,2024-25,league,,,7,2026-06-18T16:06:38.372Z,2026-06-18T16:06:38.372Z
aba44ac1-45bb-5e4a-8da9-c0b36a8f76bb,JUVENIL OR P1 (2024-25),JUVENIL,Juvenil,2024-25,league,,,6,2026-06-18T16:06:38.372Z,2026-06-18T16:06:38.372Z
a172f153-e2b9-59db-b69c-7749e34f9db4,JUVENIL OR P2 (2024-25),JUVENIL,Juvenil,2024-25,league,,,6,2026-06-18T16:06:38.372Z,2026-06-18T16:06:38.372Z
fab7e2d6-6045-5e95-a21f-42f56c38b70f,JUVENIL OR P3 (2024-25),JUVENIL,Juvenil,2024-25,league,,,6,2026-06-18T16:06:38.372Z,2026-06-18T16:06:38.372Z
992414ee-c2ad-503c-8b98-33e42fe3d464,JUVENIL OR P4 (2024-25),JUVENIL,Juvenil,2024-25,league,,,6,2026-06-18T16:06:38.372Z,2026-06-18T16:06:38.372Z
2bab2296-94ea-5d08-90d2-8753f13284cb,JUVENIL OR RK1 (2024-25),JUVENIL,Juvenil,2024-25,league,,,7,2026-06-18T16:06:38.372Z,2026-06-18T16:06:38.372Z
cd038e08-09c0-57f1-a045-400ba8be3eb6,JUVENIL OR RK2 (2024-25),JUVENIL,Juvenil,2024-25,league,,,7,2026-06-18T16:06:38.372Z,2026-06-18T16:06:38.372Z
fee2f94d-939c-5512-84da-f92afc3110a0,JUVENIL OR RK3 (2024-25),JUVENIL,Juvenil,2024-25,league,,,7,2026-06-18T16:06:38.372Z,2026-06-18T16:06:38.372Z
a12e30da-8ca9-5735-840e-8bbad60399b7,JUVENIL PLATA 1 (2024-25),JUVENIL,Juvenil,2024-25,league,,,7,2026-06-18T16:06:38.372Z,2026-06-18T16:06:38.372Z
7a8f4300-a612-5c98-8e6e-c566f26cab50,JUVENIL PLATA 2 (2024-25),JUVENIL,Juvenil,2024-25,league,,,6,2026-06-18T16:06:38.372Z,2026-06-18T16:06:38.372Z
6e96a76d-a2f1-5a4e-8748-36045041a954,JUVENIL PLATA 3 (2024-25),JUVENIL,Juvenil,2024-25,league,,,8,2026-06-18T16:06:38.372Z,2026-06-18T16:06:38.372Z
e7f47624-87be-5a15-80bf-2642cde99602,JUVENIL PLATA 4 (2024-25),JUVENIL,Juvenil,2024-25,league,,,8,2026-06-18T16:06:38.372Z,2026-06-18T16:06:38.372Z
0fc7ee4a-f61a-5252-999f-97f92b38f9a0,JUVENIL PLATA 5 (2024-25),JUVENIL,Juvenil,2024-25,league,,,7,2026-06-18T16:06:38.372Z,2026-06-18T16:06:38.372Z
c420a7ba-6323-55f1-a0ee-ef201ca47672,JUVENIL PLATA 6 (2024-25),JUVENIL,Juvenil,2024-25,league,,,8,2026-06-18T16:06:38.372Z,2026-06-18T16:06:38.372Z
796814bb-4eb8-5a17-9d6d-dd1dd584375a,JUVENIL PLATA CC1 (2024-25),JUVENIL,Juvenil,2024-25,league,,,8,2026-06-18T16:06:38.372Z,2026-06-18T16:06:38.372Z
146d87c4-9db4-5b50-9f5e-cd099cfa2abc,JUVENIL PLATA CC2 (2024-25),JUVENIL,Juvenil,2024-25,league,,,8,2026-06-18T16:06:38.372Z,2026-06-18T16:06:38.372Z
73892624-5c73-5732-a0bd-934bae2031cb,JUVENIL PLATA CC3 (2024-25),JUVENIL,Juvenil,2024-25,league,,,7,2026-06-18T16:06:38.372Z,2026-06-18T16:06:38.372Z
c97bb7d9-c2c6-570f-9f6f-f5fdc632fb7e,JUVENIL PLATA CF1 (2024-25),JUVENIL,Juvenil,2024-25,league,,,7,2026-06-18T16:06:38.372Z,2026-06-18T16:06:38.372Z
27305980-ce0e-5766-bd4e-5acbfe00b980,JUVENIL PLATA CF2 (2024-25),JUVENIL,Juvenil,2024-25,league,,,7,2026-06-18T16:06:38.372Z,2026-06-18T16:06:38.372Z
9a6aa2a7-44c0-5f26-95b5-fa9dc5f57d2f,JUVENIL PLATA CF3 (2024-25),JUVENIL,Juvenil,2024-25,league,,,7,2026-06-18T16:06:38.372Z,2026-06-18T16:06:38.372Z
cbffd9ad-e4a6-507c-a617-8936cb8cab96,NACIONAL CATALANA FEMENINA (2024-25),NACIONAL,Nacional Catalana,2024-25,league,,estatal,16,2026-06-18T16:06:38.372Z,2026-06-18T16:06:38.372Z
b49151b2-3aa4-5000-b027-86ba2fea7690,NACIONAL CATALANA MASCULINA (2024-25),NACIONAL,Nacional Catalana,2024-25,league,,estatal,16,2026-06-18T16:06:38.372Z,2026-06-18T16:06:38.372Z
d97a402f-1978-5979-a5d1-8116306b8fa1,BCN PREBENJAMI BRONZE 1 (2024-25),BCN,Prebenjamí,2024-25,league,,,16,2026-06-18T16:06:38.372Z,2026-06-18T16:06:38.372Z
f9ec7c2c-98fa-565c-b7d1-0b7386e292c2,BCN PREBENJAMI BRONZE 2 (2024-25),BCN,Prebenjamí,2024-25,league,,,16,2026-06-18T16:06:38.372Z,2026-06-18T16:06:38.372Z
241a8aeb-fce1-52e6-b7eb-a5bde4ff56a3,BCN PREBENJAMI BRONZE 3 (2024-25),BCN,Prebenjamí,2024-25,league,,,16,2026-06-18T16:06:38.372Z,2026-06-18T16:06:38.372Z
cdd56b50-4959-557b-9e39-2088e494b789,BCN PREBENJAMI INICIACIO 1 (2024-25),BCN,Prebenjamí,2024-25,league,,,12,2026-06-18T16:06:38.372Z,2026-06-18T16:06:38.372Z
62a8d861-960b-5cf2-9a5b-e79f95f3c47a,BCN PREBENJAMI INICIACIO 2 (2024-25),BCN,Prebenjamí,2024-25,league,,,13,2026-06-18T16:06:38.372Z,2026-06-18T16:06:38.372Z
cf05a474-296b-5625-a126-2596c8750df4,BCN PREBENJAMI OR 1 (2024-25),BCN,Prebenjamí,2024-25,league,,,17,2026-06-18T16:06:38.372Z,2026-06-18T16:06:38.372Z
ce331060-7664-5ee4-9c30-15fe4e6110c5,BCN PREBENJAMI OR 2 (2024-25),BCN,Prebenjamí,2024-25,league,,,16,2026-06-18T16:06:38.372Z,2026-06-18T16:06:38.372Z
b9715070-09b6-51c4-82ee-ff96ac2a127a,BCN PREBENJAMI OR 3 (2024-25),BCN,Prebenjamí,2024-25,league,,,16,2026-06-18T16:06:38.372Z,2026-06-18T16:06:38.372Z
0ae55143-04d5-5b07-897a-10dad2a3a5d1,BCN PREBENJAMI PLATA 1 (2024-25),BCN,Prebenjamí,2024-25,league,,,18,2026-06-18T16:06:38.372Z,2026-06-18T16:06:38.372Z
d1d308bc-2114-5b9f-8243-da9a308c3fcc,BCN PREBENJAMI PLATA 2 (2024-25),BCN,Prebenjamí,2024-25,league,,,18,2026-06-18T16:06:38.372Z,2026-06-18T16:06:38.372Z
6a702dd3-942b-500c-aa4c-d438b9c0d25b,BCN PREBENJAMI PLATA 3 (2024-25),BCN,Prebenjamí,2024-25,league,,,18,2026-06-18T16:06:38.372Z,2026-06-18T16:06:38.372Z
d9b53c43-e075-552a-8736-ac17d2b5e147,BCN PREBENJAMI PLATA 4 (2024-25),BCN,Prebenjamí,2024-25,league,,,17,2026-06-18T16:06:38.372Z,2026-06-18T16:06:38.372Z
860175de-74b3-5a5e-be80-7e2842604c79,BCN PREBENJAMI PLATA 5 (2024-25),BCN,Prebenjamí,2024-25,league,,,16,2026-06-18T16:06:38.372Z,2026-06-18T16:06:38.372Z
2e505a97-4c3e-51c4-8cb1-428dde71cd35,BCN PREBENJAMI PLATA 6 (2024-25),BCN,Prebenjamí,2024-25,league,,,17,2026-06-18T16:06:38.372Z,2026-06-18T16:06:38.372Z
afe319d6-ed24-540f-986d-b4e931fb9127,BCN PREBENJAMI PLATA 7 (2024-25),BCN,Prebenjamí,2024-25,league,,,17,2026-06-18T16:06:38.372Z,2026-06-18T16:06:38.372Z
75773e2b-136f-5351-b746-e8504c1c89b6,COPA LLEIDA PREBENJAMÍ PLATA (2024-25),COPA,Prebenjamí,2024-25,cup,,local,7,2026-06-18T16:06:38.372Z,2026-06-18T16:06:38.372Z
46ebc4b4-7a39-521c-8d29-e32cf27d217d,COPA TARRAGONA PREBENJAMI OR (2024-25),COPA,Prebenjamí,2024-25,cup,,local,6,2026-06-18T16:06:38.372Z,2026-06-18T16:06:38.372Z
72e5f755-f4c0-5f39-98ca-6731449f7468,COPA TARRAGONA PREBENJAMI PLATA (2024-25),COPA,Prebenjamí,2024-25,cup,,local,6,2026-06-18T16:06:38.372Z,2026-06-18T16:06:38.372Z
25661315-139e-556a-a0cb-a1fa7b7bc5b1,GIRONA PREBENJAMÍ OR (2024-25),GIRONA,Prebenjamí,2024-25,league,,local,5,2026-06-18T16:06:38.372Z,2026-06-18T16:06:38.372Z
15d328d7-7c43-5c19-a82b-721c332b4f73,GIRONA PREBENJAMÍ PLATA FASE 1 GRUP A (2024-25),GIRONA,Prebenjamí,2024-25,league,,local,12,2026-06-18T16:06:38.372Z,2026-06-18T16:06:38.372Z
185a5ba1-0c26-596a-aacb-634afd001623,GIRONA PREBENJAMÍ PLATA FASE 1 GRUP B (2024-25),GIRONA,Prebenjamí,2024-25,league,,local,11,2026-06-18T16:06:38.372Z,2026-06-18T16:06:38.372Z
5c8254b1-6e26-5a2b-acb8-3304e646c75b,GIRONA PREBENJAMÍ PLATA FASE 2 GRUP A (2024-25),GIRONA,Prebenjamí,2024-25,league,,local,8,2026-06-18T16:06:38.372Z,2026-06-18T16:06:38.372Z
ffb60c89-9352-5f14-bc25-70cb62de55c3,GIRONA PREBENJAMÍ PLATA FASE 2 GRUP B (2024-25),GIRONA,Prebenjamí,2024-25,league,,local,8,2026-06-18T16:06:38.372Z,2026-06-18T16:06:38.372Z
87997113-79a2-5ade-a1e7-ed9daf35939b,GIRONA PREBENJAMÍ PLATA FASE 2 GRUP C (2024-25),GIRONA,Prebenjamí,2024-25,league,,local,7,2026-06-18T16:06:38.372Z,2026-06-18T16:06:38.372Z
297ced7b-0852-5309-911c-b5460da63074,PLAYOFF PREBENJAMÍ LLEIDA OR (2024-25),PLAYOFF,Prebenjamí,2024-25,cup,,local,5,2026-06-18T16:06:38.372Z,2026-06-18T16:06:38.372Z
bca25630-973d-507c-83cc-94d3fc7ee253,PREBENJAMÍ BRONZE TARRAGONA (2024-25),PREBENJAMI,Prebenjamí,2024-25,league,,local,7,2026-06-18T16:06:38.372Z,2026-06-18T16:06:38.372Z
700b59d9-9cf6-528f-8e7c-258799b4ddad,PREBENJAMI OR LLEIDA (2024-25),PREBENJAMI,Prebenjamí,2024-25,league,,local,6,2026-06-18T16:06:38.372Z,2026-06-18T16:06:38.372Z
e9b422cf-d082-5d3a-a1e7-de539569c10d,PREBENJAMÍ OR PLATA TARRAGONA (2024-25),PREBENJAMI,Prebenjamí,2024-25,league,,local,11,2026-06-18T16:06:38.372Z,2026-06-18T16:06:38.372Z
8b25f25d-ab52-57b6-be6b-57006603be73,PREBENJAMI OR TGN 2ªFASE (2024-25),PREBENJAMI,Prebenjamí,2024-25,league,,,6,2026-06-18T16:06:38.372Z,2026-06-18T16:06:38.372Z
8030ae2e-575e-56ff-bddd-2593b2b9434e,PREBENJAMI PLATA LLEIDA (2024-25),PREBENJAMI,Prebenjamí,2024-25,league,,local,9,2026-06-18T16:06:38.372Z,2026-06-18T16:06:38.372Z
71fcfb19-0e5c-5f7d-89d1-9d62fbafa422,PREBENJAMI PLATA TGN 2ªFASE (2024-25),PREBENJAMI,Prebenjamí,2024-25,league,,,6,2026-06-18T16:06:38.372Z,2026-06-18T16:06:38.372Z
4f7bac6b-6ee7-5efa-bbc1-6407071999e7,FINAL A 4 LCV (2024-25),FINAL,Veterans,2024-25,league,,,0,2026-06-18T16:06:38.372Z,2026-06-18T16:06:38.372Z
0aca9453-948a-5416-a86b-a5a930cd9d01,LCV GRUP A (2024-25),LCV,Veterans,2024-25,league,,,13,2026-06-18T16:06:38.372Z,2026-06-18T16:06:38.372Z
9111eaf4-71d8-58f2-8ced-377314438cc9,LCV GRUP B (2024-25),LCV,Veterans,2024-25,league,,,11,2026-06-18T16:06:38.372Z,2026-06-18T16:06:38.372Z
e345b151-1619-58da-a047-9475c1ebbaa0,LCV GRUP C (2024-25),LCV,Veterans,2024-25,league,,,11,2026-06-18T16:06:38.372Z,2026-06-18T16:06:38.372Z
2c9ec39f-d9eb-5250-b76c-3408503a964b,LCV MASTER 50 (2024-25),LCV,Veterans,2024-25,league,,,10,2026-06-18T16:06:38.372Z,2026-06-18T16:06:38.372Z
af7b44f8-d062-5bc0-badc-c809a057c849,ALEVÍ BRONZE SUD (2025-26),ALEVI,Aleví,2025-26,league,,,8,2026-06-18T16:06:38.719Z,2026-06-18T16:06:38.719Z
f7be4999-ae06-5d1a-80f5-36a1794c48e3,ALEVÍ COPA CATALANA OR FASE FINAL (2025-26),ALEVI,Aleví,2025-26,cup,,autonomic,0,2026-06-18T16:06:38.719Z,2026-06-18T16:06:38.719Z
ff7816dc-6536-5739-a56e-617f990f11b8,ALEVÍ COPA CATALANA PLATA FASE FINAL (2025-26),ALEVI,Aleví,2025-26,cup,,autonomic,0,2026-06-18T16:06:38.719Z,2026-06-18T16:06:38.719Z
140bd0de-e488-553c-9a72-0def54c57af2,ALEVÍ COPA FEDERACIÓ FASE FINAL (2025-26),ALEVI,Aleví,2025-26,cup,,,0,2026-06-18T16:06:38.719Z,2026-06-18T16:06:38.719Z
ecf89f97-b3cf-5c89-83a9-1d707e0eb6a3,ALEVÍ OR 1 (2025-26),ALEVI,Aleví,2025-26,league,,,8,2026-06-18T16:06:38.719Z,2026-06-18T16:06:38.719Z
09901820-061d-5a6f-8919-472da2a63a3e,ALEVÍ OR 10 (2025-26),ALEVI,Aleví,2025-26,league,,,7,2026-06-18T16:06:38.719Z,2026-06-18T16:06:38.719Z
e6e02705-3d6a-5581-bf37-f7e6e14628b7,ALEVÍ OR 17 AL 20 (2025-26),ALEVI,Aleví,2025-26,league,,,4,2026-06-18T16:06:38.719Z,2026-06-18T16:06:38.719Z
f3d8d13e-093a-5532-b2fe-9241f48f03cf,ALEVÍ OR 2 (2025-26),ALEVI,Aleví,2025-26,league,,,8,2026-06-18T16:06:38.719Z,2026-06-18T16:06:38.719Z
7549041d-4524-597d-ae50-50347d0ce648,ALEVÍ OR 21 AL 24 (2025-26),ALEVI,Aleví,2025-26,league,,,4,2026-06-18T16:06:38.719Z,2026-06-18T16:06:38.719Z
b7e079a1-2358-58d1-ab63-17ee318a5b18,ALEVÍ OR 3 (2025-26),ALEVI,Aleví,2025-26,league,,,8,2026-06-18T16:06:38.719Z,2026-06-18T16:06:38.719Z
5130807c-caf4-59bb-9638-3cf1aa14d630,ALEVÍ OR 4 (2025-26),ALEVI,Aleví,2025-26,league,,,7,2026-06-18T16:06:38.719Z,2026-06-18T16:06:38.719Z
1b27fa3d-334d-5f9b-a2e3-dd6c8247f77f,ALEVÍ OR 5 (2025-26),ALEVI,Aleví,2025-26,league,,,7,2026-06-18T16:06:38.719Z,2026-06-18T16:06:38.719Z
aa71d131-e537-5bec-b99e-4dffc7f86e1b,ALEVÍ OR 6 (2025-26),ALEVI,Aleví,2025-26,league,,,7,2026-06-18T16:06:38.719Z,2026-06-18T16:06:38.719Z
06186fc0-674e-5858-8474-253f2985307f,ALEVÍ OR 7 (2025-26),ALEVI,Aleví,2025-26,league,,,7,2026-06-18T16:06:38.719Z,2026-06-18T16:06:38.719Z
e96ccc16-40f9-503a-9e7a-97ab0a51f183,ALEVÍ OR 8 (2025-26),ALEVI,Aleví,2025-26,league,,,7,2026-06-18T16:06:38.719Z,2026-06-18T16:06:38.719Z
cfd19592-1b5f-5f80-84ff-7a9b8cc9a7be,ALEVÍ OR 9 (2025-26),ALEVI,Aleví,2025-26,league,,,7,2026-06-18T16:06:38.719Z,2026-06-18T16:06:38.719Z
57c2cbfb-7bfe-5ef0-a43d-3734ad35e46d,ALEVÍ OR CC1 (2025-26),ALEVI,Aleví,2025-26,league,,,7,2026-06-18T16:06:38.719Z,2026-06-18T16:06:38.719Z
ef1c6921-5aae-54e2-9c53-8fca30024fb5,ALEVÍ OR CC2 (2025-26),ALEVI,Aleví,2025-26,league,,,7,2026-06-18T16:06:38.719Z,2026-06-18T16:06:38.719Z
394345c6-69dd-5c30-9550-c8125329dafc,ALEVÍ OR CC3 (2025-26),ALEVI,Aleví,2025-26,league,,,7,2026-06-18T16:06:38.719Z,2026-06-18T16:06:38.719Z
3489f750-3c53-5006-ae58-7a8503a9379d,ALEVÍ OR CC4 (2025-26),ALEVI,Aleví,2025-26,league,,,7,2026-06-18T16:06:38.719Z,2026-06-18T16:06:38.719Z
0ecae2b0-b036-5d01-967b-3bae792ccd0c,ALEVÍ OR P1 (2025-26),ALEVI,Aleví,2025-26,league,,,6,2026-06-18T16:06:38.719Z,2026-06-18T16:06:38.719Z
0d175cdf-801c-5e43-845b-e8778b385c41,ALEVÍ OR P2 (2025-26),ALEVI,Aleví,2025-26,league,,,6,2026-06-18T16:06:38.719Z,2026-06-18T16:06:38.719Z
b06de70a-a23e-55d8-b2fb-3f22aafbab4b,ALEVÍ OR P3 (2025-26),ALEVI,Aleví,2025-26,league,,,6,2026-06-18T16:06:38.719Z,2026-06-18T16:06:38.719Z
6a7e00b0-1497-5d6b-ac24-6f0e68fef014,ALEVÍ OR P4 (2025-26),ALEVI,Aleví,2025-26,league,,,6,2026-06-18T16:06:38.719Z,2026-06-18T16:06:38.719Z
c2a3d7c1-14fa-5623-a260-a26e7996e5dd,ALEVÍ OR RK 1 (2025-26),ALEVI,Aleví,2025-26,league,,,7,2026-06-18T16:06:38.719Z,2026-06-18T16:06:38.719Z
5c6ae7ef-6b7d-5411-901d-2c1e0fb274f3,ALEVÍ OR RK 2 (2025-26),ALEVI,Aleví,2025-26,league,,,7,2026-06-18T16:06:38.719Z,2026-06-18T16:06:38.719Z
741a0b78-58da-515a-a078-dc2b86497121,ALEVÍ OR RK 3 (2025-26),ALEVI,Aleví,2025-26,league,,,7,2026-06-18T16:06:38.719Z,2026-06-18T16:06:38.719Z
c9ddd7a3-5fde-5831-aa95-0bb4b7898310,ALEVÍ PLATA 1 (2025-26),ALEVI,Aleví,2025-26,league,,,14,2026-06-18T16:06:38.719Z,2026-06-18T16:06:38.719Z
cc9da783-b0cf-5872-8a13-48002502dbb4,ALEVÍ PLATA 2 (2025-26),ALEVI,Aleví,2025-26,league,,,14,2026-06-18T16:06:38.719Z,2026-06-18T16:06:38.719Z
6daefb63-eb95-53ca-a806-0d7aa21b8970,ALEVÍ PLATA 3 (2025-26),ALEVI,Aleví,2025-26,league,,,14,2026-06-18T16:06:38.719Z,2026-06-18T16:06:38.719Z
f210717f-5dde-5aa5-84b0-cdf033981d01,ALEVÍ PLATA 4 (2025-26),ALEVI,Aleví,2025-26,league,,,14,2026-06-18T16:06:38.719Z,2026-06-18T16:06:38.719Z
fbab2c66-ec01-566c-ad7f-e05f5e90f51b,ALEVÍ PLATA 5 (2025-26),ALEVI,Aleví,2025-26,league,,,14,2026-06-18T16:06:38.719Z,2026-06-18T16:06:38.719Z
8f8c81ea-4ae7-5937-ad18-c18c194e29a9,ALEVÍ PLATA 6 (2025-26),ALEVI,Aleví,2025-26,league,,,13,2026-06-18T16:06:38.719Z,2026-06-18T16:06:38.719Z
b876d814-b7b4-5f62-a857-7c9b8856f881,ALEVÍ PLATA 7 (2025-26),ALEVI,Aleví,2025-26,league,,,13,2026-06-18T16:06:38.719Z,2026-06-18T16:06:38.719Z
16cc41dc-f260-5dde-956b-b0815bd068d4,ALEVÍ PLATA 8 (2025-26),ALEVI,Aleví,2025-26,league,,,13,2026-06-18T16:06:38.719Z,2026-06-18T16:06:38.719Z
479e1fc5-c725-536d-95bc-9575c0dcbd6b,ALEVÍ PLATA CC PF1 (2025-26),ALEVI,Aleví,2025-26,league,,,8,2026-06-18T16:06:38.719Z,2026-06-18T16:06:38.719Z
62037b0d-bb14-51fa-9654-085ed5bd2dd9,ALEVÍ PLATA CC PF2 (2025-26),ALEVI,Aleví,2025-26,league,,,8,2026-06-18T16:06:38.719Z,2026-06-18T16:06:38.719Z
5993b257-53d7-5a7d-839d-23882e8edacf,ALEVÍ PLATA CC PF3 (2025-26),ALEVI,Aleví,2025-26,league,,,8,2026-06-18T16:06:38.719Z,2026-06-18T16:06:38.719Z
ebdb1e21-c33b-5d1d-be47-3025297a565f,ALEVÍ PLATA CC1 (2025-26),ALEVI,Aleví,2025-26,league,,,8,2026-06-18T16:06:38.719Z,2026-06-18T16:06:38.719Z
240a160c-e249-5b70-8047-35e63af49c02,ALEVÍ PLATA CC2 (2025-26),ALEVI,Aleví,2025-26,league,,,8,2026-06-18T16:06:38.719Z,2026-06-18T16:06:38.719Z
60f856fe-391e-5c96-9439-49cd5b726401,ALEVÍ PLATA CC3 (2025-26),ALEVI,Aleví,2025-26,league,,,8,2026-06-18T16:06:38.719Z,2026-06-18T16:06:38.719Z
18dd093c-a72a-5a8d-9af5-7e1751b599bd,ALEVÍ PLATA CC4 (2025-26),ALEVI,Aleví,2025-26,league,,,8,2026-06-18T16:06:38.719Z,2026-06-18T16:06:38.719Z
2096e81b-803e-51eb-a0bc-9ea17bf24842,ALEVÍ PLATA CF PF1 (2025-26),ALEVI,Aleví,2025-26,league,,,8,2026-06-18T16:06:38.719Z,2026-06-18T16:06:38.719Z
d01a5271-6b34-58cf-88dc-51d89ec4197f,ALEVÍ PLATA CF PF2 (2025-26),ALEVI,Aleví,2025-26,league,,,8,2026-06-18T16:06:38.719Z,2026-06-18T16:06:38.719Z
cafb6fe7-7c09-5a0f-b3cd-a9760d602756,ALEVÍ PLATA CF PF3 (2025-26),ALEVI,Aleví,2025-26,league,,,8,2026-06-18T16:06:38.719Z,2026-06-18T16:06:38.719Z
9946a261-81b5-5ae8-afd0-d996402aa0ea,ALEVÍ PLATA CF1 (2025-26),ALEVI,Aleví,2025-26,league,,,8,2026-06-18T16:06:38.719Z,2026-06-18T16:06:38.719Z
f595951a-4bd4-52e5-a3a0-2b14887c9997,ALEVÍ PLATA CF2 (2025-26),ALEVI,Aleví,2025-26,league,,,8,2026-06-18T16:06:38.719Z,2026-06-18T16:06:38.719Z
b02d6356-ec53-540e-89e4-2657e578b443,ALEVÍ PLATA CF3 (2025-26),ALEVI,Aleví,2025-26,league,,,8,2026-06-18T16:06:38.719Z,2026-06-18T16:06:38.719Z
e9337ec3-d92d-5f67-b081-d25d9254fe2e,ALEVÍ PLATA CF4 (2025-26),ALEVI,Aleví,2025-26,league,,,7,2026-06-18T16:06:38.719Z,2026-06-18T16:06:38.719Z
6fc98807-99f3-562d-9bce-c34fbd6c6e27,ALEVÍ PLATA CF5 (2025-26),ALEVI,Aleví,2025-26,league,,,6,2026-06-18T16:06:38.719Z,2026-06-18T16:06:38.719Z
1587b1d9-e7fb-5a51-9723-f57568bbe3ac,ELIMINATÒRIA ACCÈS COPA ELIT ALEVÍ (2025-26),ACCES,Aleví,2025-26,cup,,,0,2026-06-18T16:06:38.719Z,2026-06-18T16:06:38.719Z
7730d905-675a-50da-8e1d-11749fb02d2a,FASE DE GRUPS CCAT ALEVÍ (2025-26),FASE,Aleví,2025-26,league,,,4,2026-06-18T16:06:38.719Z,2026-06-18T16:06:38.719Z
51193bdb-6113-5619-a1dd-ae64019d12e1,FASE DE GRUPS COPA ELIT ALEVÍ (2025-26),FASE,Aleví,2025-26,cup,,,4,2026-06-18T16:06:38.719Z,2026-06-18T16:06:38.719Z
76b5cc6f-7d76-5663-8788-6e61e5ad1331,FASES DE GRUPS COPA CATALUNYA 3X3 ALEVÍ OR (2025-26),FASES,Aleví,2025-26,cup,,autonomic,3,2026-06-18T16:06:38.719Z,2026-06-18T16:06:38.719Z
c7dfaf46-9e2e-5bbc-aa00-3a8f8a4fed99,FASES DE GRUPS COPA CATALUNYA 3X3 ALEVÍ PLATA (2025-26),FASES,Aleví,2025-26,cup,,autonomic,4,2026-06-18T16:06:38.719Z,2026-06-18T16:06:38.719Z
2a5fcf26-dc86-5127-8c69-6690d7c30ca0,FASES FINALS COPA CATALUNYA 3X3 ALEVÍ OR (2025-26),FASES,Aleví,2025-26,cup,,autonomic,3,2026-06-18T16:06:38.719Z,2026-06-18T16:06:38.719Z
827b6d67-7219-59e5-8c0d-00275219bdc9,FASES FINALS COPA CATALUNYA 3X3 ALEVÍ PLATA (2025-26),FASES,Aleví,2025-26,cup,,autonomic,0,2026-06-18T16:06:38.719Z,2026-06-18T16:06:38.719Z
1a75763e-ae7b-5fa3-8b17-d8eee9441e92,FASES FINALS COPA ELIT ALEVÍ (2025-26),FASES,Aleví,2025-26,cup,,,0,2026-06-18T16:06:38.719Z,2026-06-18T16:06:38.719Z
6b019074-292d-53bd-895b-b6179c3f1ed3,1ª CATALANA GRUP A (2025-26),CATALANA,Altres,2025-26,league,,autonomic,18,2026-06-18T16:06:38.719Z,2026-06-18T16:06:38.719Z
f3760374-daf0-5ccc-a618-7b0af321699a,1ª CATALANA GRUP B (2025-26),CATALANA,Altres,2025-26,league,,autonomic,18,2026-06-18T16:06:38.719Z,2026-06-18T16:06:38.719Z
d52fc5ea-eaa3-5213-94a6-45b82b3db4e0,2ª CATALANA GRUP A (2025-26),CATALANA,Altres,2025-26,league,,autonomic,16,2026-06-18T16:06:38.719Z,2026-06-18T16:06:38.719Z
76fcd670-6c2a-5784-a376-49e62621d1e7,2ª CATALANA GRUP B (2025-26),CATALANA,Altres,2025-26,league,,autonomic,16,2026-06-18T16:06:38.719Z,2026-06-18T16:06:38.719Z
84040a95-ba81-58ba-9ff9-98b4db2b03df,2ª CATALANA GRUP C (2025-26),CATALANA,Altres,2025-26,league,,autonomic,16,2026-06-18T16:06:38.719Z,2026-06-18T16:06:38.719Z
c59dcf93-0a86-5af2-9311-e0522f2e9d2c,3ª CATALANA GRUP A (2025-26),CATALANA,Altres,2025-26,league,,autonomic,15,2026-06-18T16:06:38.719Z,2026-06-18T16:06:38.719Z
4d122aca-fd4a-51a1-8e24-13723268149b,3ª CATALANA GRUP B (2025-26),CATALANA,Altres,2025-26,league,,autonomic,15,2026-06-18T16:06:38.719Z,2026-06-18T16:06:38.719Z
9d153ff7-14b8-53c2-8e82-624577f86278,3ª CATALANA GRUP C (2025-26),CATALANA,Altres,2025-26,league,,autonomic,14,2026-06-18T16:06:38.719Z,2026-06-18T16:06:38.719Z
57cbc04a-ff04-5e7a-8b0f-c7e59f26bb58,3ª CATALANA GRUP D (2025-26),CATALANA,Altres,2025-26,league,,autonomic,16,2026-06-18T16:06:38.719Z,2026-06-18T16:06:38.719Z
d6a52811-a557-5603-b4d5-2fc009946248,3ª CATALANA GRUP E (2025-26),CATALANA,Altres,2025-26,league,,autonomic,16,2026-06-18T16:06:38.719Z,2026-06-18T16:06:38.719Z
1b64f32c-4529-5a0f-9c44-71ea565b1cd9,3ª CATALANA GRUP F (2025-26),CATALANA,Altres,2025-26,league,,autonomic,15,2026-06-18T16:06:38.719Z,2026-06-18T16:06:38.719Z
e27a6ab9-e86c-5df1-8569-d974c2b9285d,BCN PREBANJAMI PLATA 5 (2025-26),BCN,Altres,2025-26,league,,,10,2026-06-18T16:06:38.719Z,2026-06-18T16:06:38.719Z
4020ea51-23fd-5b5c-af4b-0b3daeea8575,COPA MÀSTER 50 (2025-26),COPA,Altres,2025-26,cup,,,2,2026-06-18T16:06:38.719Z,2026-06-18T16:06:38.719Z
3fa3fd11-bbc5-545e-ad52-b17421c8c4e4,ELIMINATÒRIA ASCENS A 1CAT (2025-26),ASCENS,Altres,2025-26,cup,,,0,2026-06-18T16:06:38.719Z,2026-06-18T16:06:38.719Z
5ba56c10-de2e-58c2-bd8b-86b321fabab3,ELIMINATÒRIA DESCENS A 2CAT (2025-26),DESCENS,Altres,2025-26,cup,,,0,2026-06-18T16:06:38.719Z,2026-06-18T16:06:38.719Z
e60a628d-9115-5728-bad9-e45048e5f07e,FASE DE GRUPS FRIT RAVICH LLIGA CATALANA (2025-26),FASE,Altres,2025-26,league,,autonomic,11,2026-06-18T16:06:38.719Z,2026-06-18T16:06:38.719Z
e0ff0f9d-81d8-5a4b-9653-ed757ef718bd,FASE DE GRUPS YOUTH GOLDEN CAT (2025-26),FASE,Altres,2025-26,league,,,3,2026-06-18T16:06:38.719Z,2026-06-18T16:06:38.719Z
524ae0d6-18c6-5063-90cf-86ff7c3c6284,FASES FINALS YOUTH GOLDEN CAT (2025-26),FASES,Altres,2025-26,league,,,0,2026-06-18T16:06:38.719Z,2026-06-18T16:06:38.719Z
7e3ebbd8-0419-5f30-8b60-16d00c1c01d2,FINAL A 4 FRIT RAVICH LLIGA CATALANA (2025-26),FINAL,Altres,2025-26,league,,autonomic,0,2026-06-18T16:06:38.719Z,2026-06-18T16:06:38.719Z
85dab6f7-0476-571d-92eb-fc44f9a545bf,Grup únic (2025-26),GRUP,Altres,2025-26,league,,,0,2026-06-18T16:06:38.719Z,2026-06-18T16:06:38.719Z
f6d7915c-cb6c-537a-9413-fbea2f257df9,ELIMINATÒRIA ASCENS PERMANÈNCIA GRUP A-B (2025-26),ASCENS,B,2025-26,cup,,,0,2026-06-18T16:06:38.719Z,2026-06-18T16:06:38.719Z
0a764700-da88-5279-839a-5ade9dfebc22,BCN BENJAMÍ BRONZE 1 (2025-26),BCN,Benjamí,2025-26,league,,,8,2026-06-18T16:06:38.719Z,2026-06-18T16:06:38.719Z
1fb99333-aae1-5091-9a34-f0d4b390549f,BCN BENJAMÍ BRONZE 2 (2025-26),BCN,Benjamí,2025-26,league,,,8,2026-06-18T16:06:38.719Z,2026-06-18T16:06:38.719Z
0c1a59b0-1f53-5c69-9e2f-c10a4d011536,BCN BENJAMÍ OR 1 (2025-26),BCN,Benjamí,2025-26,league,,,8,2026-06-18T16:06:38.719Z,2026-06-18T16:06:38.719Z
dbf50d30-7a75-57c7-990a-b1edc7a4fb13,BCN BENJAMÍ OR 13 AL 16 (2025-26),BCN,Benjamí,2025-26,league,,,4,2026-06-18T16:06:38.719Z,2026-06-18T16:06:38.719Z
86f96938-c079-5a6b-8dc7-f685079a27fd,BCN BENJAMÍ OR 17 AL 20 (2025-26),BCN,Benjamí,2025-26,league,,,4,2026-06-18T16:06:38.719Z,2026-06-18T16:06:38.719Z
ed665238-0dac-5084-b4e8-24ed25aa16a6,BCN BENJAMÍ OR 2 (2025-26),BCN,Benjamí,2025-26,league,,,8,2026-06-18T16:06:38.719Z,2026-06-18T16:06:38.719Z
30a1e339-2c3d-50b2-bf2b-8c745aeca16e,BCN BENJAMÍ OR 21 AL 24 (2025-26),BCN,Benjamí,2025-26,league,,,4,2026-06-18T16:06:38.719Z,2026-06-18T16:06:38.719Z
9b511e62-bb7e-5543-b965-ce1d9af4ed35,BCN BENJAMÍ OR 3 (2025-26),BCN,Benjamí,2025-26,league,,,8,2026-06-18T16:06:38.719Z,2026-06-18T16:06:38.719Z
4396cb61-8c4b-5c7c-a3ff-3cb2ef0575a8,BCN BENJAMÍ OR 4 (2025-26),BCN,Benjamí,2025-26,league,,,7,2026-06-18T16:06:38.719Z,2026-06-18T16:06:38.719Z
006d47f1-ddf5-5864-8de8-6647c085b591,BCN BENJAMÍ OR 5 (2025-26),BCN,Benjamí,2025-26,league,,,7,2026-06-18T16:06:38.719Z,2026-06-18T16:06:38.719Z
f8e5ef3e-54f1-5d68-8361-6471989f7ce1,BCN BENJAMÍ OR 6 (2025-26),BCN,Benjamí,2025-26,league,,,8,2026-06-18T16:06:38.719Z,2026-06-18T16:06:38.719Z
c857e2cc-e96e-5139-9f1b-f159df884475,BCN BENJAMÍ OR 9 AL 12 (2025-26),BCN,Benjamí,2025-26,league,,,4,2026-06-18T16:06:38.719Z,2026-06-18T16:06:38.719Z
623dc0b1-9345-5ac0-8a69-c0e9b32a96fb,BCN BENJAMÍ OR COPA BCN 1 (2025-26),BCN,Benjamí,2025-26,cup,,,8,2026-06-18T16:06:38.719Z,2026-06-18T16:06:38.719Z
461d8776-9ae9-51fb-90fb-05f5772dc322,BCN BENJAMÍ OR COPA BCN 2 (2025-26),BCN,Benjamí,2025-26,cup,,,7,2026-06-18T16:06:38.719Z,2026-06-18T16:06:38.719Z
340bb710-be9b-5c75-a346-097fef07d445,BCN BENJAMÍ OR COPA BCN 3 (2025-26),BCN,Benjamí,2025-26,cup,,,7,2026-06-18T16:06:38.719Z,2026-06-18T16:06:38.719Z
a25e038a-154e-5ed5-8129-2a8fc5871ff0,BCN BENJAMÍ OR P1 (2025-26),BCN,Benjamí,2025-26,league,,,6,2026-06-18T16:06:38.719Z,2026-06-18T16:06:38.719Z
de6c44b8-0742-52f2-8550-0e9d4528eb3d,BCN BENJAMÍ OR P2 (2025-26),BCN,Benjamí,2025-26,league,,,6,2026-06-18T16:06:38.719Z,2026-06-18T16:06:38.719Z
e1e3677f-f229-5f14-b1c5-a7ada8fb7b9b,BCN BENJAMÍ OR P3 (2025-26),BCN,Benjamí,2025-26,league,,,6,2026-06-18T16:06:38.719Z,2026-06-18T16:06:38.719Z
f56f0901-6136-54bb-bcf7-5b4dba66514c,BCN BENJAMÍ OR P4 (2025-26),BCN,Benjamí,2025-26,league,,,6,2026-06-18T16:06:38.719Z,2026-06-18T16:06:38.719Z
ea3da30c-e51c-5bcd-9a67-cc87b3309a59,BCN BENJAMÍ PLATA 1 (2025-26),BCN,Benjamí,2025-26,league,,,8,2026-06-18T16:06:38.719Z,2026-06-18T16:06:38.719Z
5bb64067-cb69-56db-b272-221561fe0e4e,BCN BENJAMÍ PLATA 2 (2025-26),BCN,Benjamí,2025-26,league,,,8,2026-06-18T16:06:38.719Z,2026-06-18T16:06:38.719Z
9759b74a-60ad-5f38-96eb-3827b756b412,BCN BENJAMÍ PLATA 3 (2025-26),BCN,Benjamí,2025-26,league,,,8,2026-06-18T16:06:38.719Z,2026-06-18T16:06:38.719Z
37ae45a7-f3b5-537e-944f-6fcf28845073,BCN BENJAMÍ PLATA 4 (2025-26),BCN,Benjamí,2025-26,league,,,8,2026-06-18T16:06:38.719Z,2026-06-18T16:06:38.719Z
29c639d5-e38d-53f5-b7a8-acfacc8ddb66,BCN BENJAMÍ PLATA 5 (2025-26),BCN,Benjamí,2025-26,league,,,8,2026-06-18T16:06:38.719Z,2026-06-18T16:06:38.719Z
90bdd7f8-0aac-528b-b84e-143e962bb37f,BCN BENJAMÍ PLATA 6 (2025-26),BCN,Benjamí,2025-26,league,,,8,2026-06-18T16:06:38.719Z,2026-06-18T16:06:38.719Z
a38fa9e4-5c08-5e15-9c0d-a6b332755a71,BCN BENJAMÍ PLATA 7 (2025-26),BCN,Benjamí,2025-26,league,,,8,2026-06-18T16:06:38.719Z,2026-06-18T16:06:38.719Z
172c7f0c-962b-5c8a-8f4e-f10cb41c342c,BCN BENJAMÍ PLATA 8 (2025-26),BCN,Benjamí,2025-26,league,,,8,2026-06-18T16:06:38.719Z,2026-06-18T16:06:38.719Z
f9679aba-1fc6-5bf0-9419-64a48a6ed9c8,BCN BENJAMÍ PLATA COPA BCN 4 (2025-26),BCN,Benjamí,2025-26,cup,,,8,2026-06-18T16:06:38.719Z,2026-06-18T16:06:38.719Z
d45ad595-94df-5164-bb33-93ffa5d24e15,BCN BENJAMÍ PLATA COPA BCN 5 (2025-26),BCN,Benjamí,2025-26,cup,,,8,2026-06-18T16:06:38.719Z,2026-06-18T16:06:38.719Z
d19a50ad-7c77-574c-9bbf-2726359c67c7,BCN BENJAMÍ PLATA COPA BCN 6 (2025-26),BCN,Benjamí,2025-26,cup,,,8,2026-06-18T16:06:38.719Z,2026-06-18T16:06:38.719Z
50e50ab3-91b1-5960-91be-b34b392e286f,BCN BENJAMÍ PLATA COPA FCP 1 (2025-26),BCN,Benjamí,2025-26,cup,,,8,2026-06-18T16:06:38.719Z,2026-06-18T16:06:38.719Z
78a98d87-bfb5-5879-88d2-6f0f2751e7cc,BCN BENJAMÍ PLATA COPA FCP 2 (2025-26),BCN,Benjamí,2025-26,cup,,,8,2026-06-18T16:06:38.719Z,2026-06-18T16:06:38.719Z
e83024b9-34da-5ba2-9e25-9635198b6a1c,BCN BENJAMÍ PLATA COPA FCP 3 (2025-26),BCN,Benjamí,2025-26,cup,,,8,2026-06-18T16:06:38.719Z,2026-06-18T16:06:38.719Z
1e06e8fc-58c3-5eb2-95dc-d9a1d730b5ff,BCN BENJAMÍ RANKING 1 (2025-26),BCN,Benjamí,2025-26,league,,,7,2026-06-18T16:06:38.719Z,2026-06-18T16:06:38.719Z
dac11569-467b-5d4a-887c-85557464c405,BCN BENJAMÍ RANKING 2 (2025-26),BCN,Benjamí,2025-26,league,,,7,2026-06-18T16:06:38.719Z,2026-06-18T16:06:38.719Z
75478f27-8988-5150-8361-04739af0c8ad,BCN BENJAMÍ RANKING 3 (2025-26),BCN,Benjamí,2025-26,league,,,7,2026-06-18T16:06:38.719Z,2026-06-18T16:06:38.719Z
92c70481-c992-50b4-82d1-010ff40ea0d1,BCN BENJAMÍ RANKING 4 (2025-26),BCN,Benjamí,2025-26,league,,,7,2026-06-18T16:06:38.719Z,2026-06-18T16:06:38.719Z
ee5198a0-9a83-586e-a180-73b9ae1a1ea2,BCN BENJAMÍ RANKING 5 (2025-26),BCN,Benjamí,2025-26,league,,,6,2026-06-18T16:06:38.719Z,2026-06-18T16:06:38.719Z
8d2fad88-89fc-534c-9402-1a9aa7a19815,BENJAMÍ OR LLEIDA (2025-26),BENJAMI,Benjamí,2025-26,league,,local,7,2026-06-18T16:06:38.719Z,2026-06-18T16:06:38.719Z
79716cd2-e0dd-50af-a5be-18284bf2accd,BENJAMI OR TARRAGONA (2025-26),BENJAMI,Benjamí,2025-26,league,,local,9,2026-06-18T16:06:38.719Z,2026-06-18T16:06:38.719Z
605c1548-ec14-5b0e-968e-884cd0bc98f8,BENJAMÍ PLATA 2ª FASE (2025-26),BENJAMI,Benjamí,2025-26,league,,,6,2026-06-18T16:06:38.719Z,2026-06-18T16:06:38.719Z
e762c9c7-afdf-5d96-8111-d577e43c920c,BENJAMÍ PLATA LLEIDA (2025-26),BENJAMI,Benjamí,2025-26,league,,local,8,2026-06-18T16:06:38.719Z,2026-06-18T16:06:38.719Z
b266b65f-ac62-5a6d-980b-faff270f1710,BENJAMI PLATA TARRAGONA (2025-26),BENJAMI,Benjamí,2025-26,league,,local,10,2026-06-18T16:06:38.719Z,2026-06-18T16:06:38.719Z
bea35ea4-9611-5789-bc59-7f5ece117d4a,BENJAMI PLATA TARRAGONA COPA A (2025-26),BENJAMI,Benjamí,2025-26,cup,,local,11,2026-06-18T16:06:38.719Z,2026-06-18T16:06:38.719Z
5f63e261-84ad-57ad-96d5-498307f5620c,BENJAMI PLATA TARRAGONA COPA B (2025-26),BENJAMI,Benjamí,2025-26,cup,,local,10,2026-06-18T16:06:38.719Z,2026-06-18T16:06:38.719Z
190d61d8-2d8f-523a-a54b-ccd0493379e3,COPA BARCELONA BENJAMÍ QUARTS DE FINAL I SEMIFINAL (2025-26),COPA,Benjamí,2025-26,cup,,local,30,2026-06-18T16:06:38.719Z,2026-06-18T16:06:38.719Z
f4338416-c909-5d66-8bba-1cc5819d5ae6,COPA FEDERACIÓ BENJAMÍ QUARTS DE FINALS I SEMIS (2025-26),COPA,Benjamí,2025-26,cup,,,24,2026-06-18T16:06:38.719Z,2026-06-18T16:06:38.719Z
c9851292-7338-5e49-8351-5e0f29a22559,ELIMINATÒRIA ACCÈS CCAT BENJAMÍ (2025-26),ACCES,Benjamí,2025-26,cup,,,0,2026-06-18T16:06:38.719Z,2026-06-18T16:06:38.719Z
35b7d063-3279-5a86-baae-f2555e9deefb,FASE DE GRUPS CAMPIONAT BCN BENJAMÍ (2025-26),FASE,Benjamí,2025-26,league,,,4,2026-06-18T16:06:38.719Z,2026-06-18T16:06:38.719Z
6da125af-c12c-5557-bcc5-bfe29477656c,FASES FINALS CAMPIONAT BCN BENJAMÍ (2025-26),FASES,Benjamí,2025-26,league,,,8,2026-06-18T16:06:38.719Z,2026-06-18T16:06:38.719Z
273f6a76-6b14-5884-9bda-9905e6682702,FASES FINALS CCAT BENJAMÍ (2025-26),FASES,Benjamí,2025-26,league,,,0,2026-06-18T16:06:38.719Z,2026-06-18T16:06:38.719Z
7cdede37-cb96-5f0f-be87-33dc250ea5cd,GIRONA BENJAMÍ OR (2025-26),GIRONA,Benjamí,2025-26,league,,local,10,2026-06-18T16:06:38.719Z,2026-06-18T16:06:38.719Z
031ac88a-32db-52d3-a1f5-4dc79239438a,GIRONA BENJAMÍ PLATA FASE 1 GRUP A (2025-26),GIRONA,Benjamí,2025-26,league,,local,10,2026-06-18T16:06:38.719Z,2026-06-18T16:06:38.719Z
2c6ee32a-8516-5a35-b082-392a35ed4644,GIRONA BENJAMÍ PLATA FASE 1 GRUP B (2025-26),GIRONA,Benjamí,2025-26,league,,local,10,2026-06-18T16:06:38.719Z,2026-06-18T16:06:38.719Z
980fbced-3a18-5589-b764-24be8065425c,GIRONA BENJAMÍ PLATA FASE 2 GRUP A (2025-26),GIRONA,Benjamí,2025-26,league,,local,6,2026-06-18T16:06:38.719Z,2026-06-18T16:06:38.719Z
fde5d968-d1f1-5455-864d-655ff0722b87,GIRONA BENJAMÍ PLATA FASE 2 GRUP B (2025-26),GIRONA,Benjamí,2025-26,league,,local,6,2026-06-18T16:06:38.719Z,2026-06-18T16:06:38.719Z
fed19cea-cb47-5bb1-8e18-39e5cb84e6c5,GIRONA BENJAMÍ PLATA FASE 2 GRUP C (2025-26),GIRONA,Benjamí,2025-26,league,,local,6,2026-06-18T16:06:38.719Z,2026-06-18T16:06:38.719Z
400813cb-71f5-5f3a-98bb-26c498612a2d,GIRONA BENJAMÍ PLATA FASE 2 GRUP D (2025-26),GIRONA,Benjamí,2025-26,league,,local,6,2026-06-18T16:06:38.719Z,2026-06-18T16:06:38.719Z
b46b3591-5c9a-5c00-a9a3-190ecddcdbfd,SEMIFINALS COPA BENJAMI PLATA TARRAGONA (2025-26),SEMIFINALS,Benjamí,2025-26,cup,,local,8,2026-06-18T16:06:38.719Z,2026-06-18T16:06:38.719Z
6c2d007d-00bd-511d-aca8-4eac234e4a11,ELIMINATÒRIA ASCENS PERMANÈNCIA GRUP B-C (2025-26),ASCENS,C,2025-26,cup,,,0,2026-06-18T16:06:38.719Z,2026-06-18T16:06:38.719Z
c3b7da90-8c82-580a-b130-67a827ec00f3,1ª CATALANA FEMENINA GRUP A (2025-26),CATALANA,Fem,2025-26,league,,autonomic,13,2026-06-18T16:06:38.719Z,2026-06-18T16:06:38.719Z
4981a01e-1935-5092-9320-1fbfbc4297e0,1ª CATALANA FEMENINA GRUP B (2025-26),CATALANA,Fem,2025-26,league,,autonomic,13,2026-06-18T16:06:38.719Z,2026-06-18T16:06:38.719Z
5afa0caf-d728-5491-8cf7-32f1c3e6d874,2ª CATALANA FEMENINA GRUP A (2025-26),CATALANA,Fem,2025-26,league,,autonomic,13,2026-06-18T16:06:38.719Z,2026-06-18T16:06:38.719Z
2a93d62b-e85f-580b-aca6-a2158be2e96c,2ª CATALANA FEMENINA GRUP B (2025-26),CATALANA,Fem,2025-26,league,,autonomic,14,2026-06-18T16:06:38.719Z,2026-06-18T16:06:38.719Z
0effb11e-a42f-5755-9777-19efec12c3fa,ELIMINATÒRIES ASCENS A 1CAT FEM (2025-26),ASCENS,Fem,2025-26,cup,,,0,2026-06-18T16:06:38.719Z,2026-06-18T16:06:38.719Z
053aae73-760c-5033-a797-80a910eec5d4,FEM 11 OR (2025-26),FEM,Fem,2025-26,league,,,15,2026-06-18T16:06:38.719Z,2026-06-18T16:06:38.719Z
8658d4e0-02bf-5fdb-b8df-15b5568fa7e0,FEM 11 OR P1 (2025-26),FEM,Fem,2025-26,league,,,5,2026-06-18T16:06:38.719Z,2026-06-18T16:06:38.719Z
197af897-733c-5a16-a954-c280d75b8a07,FEM 11 OR P2 (2025-26),FEM,Fem,2025-26,league,,,5,2026-06-18T16:06:38.719Z,2026-06-18T16:06:38.719Z
70ddc304-958c-507d-ae67-cb544ecfd244,FEM 11 OR P3 (2025-26),FEM,Fem,2025-26,league,,,5,2026-06-18T16:06:38.719Z,2026-06-18T16:06:38.719Z
8c2ce645-0cb8-54a4-a18d-0c19e9742ff7,FEM 11 PLATA (2025-26),FEM,Fem,2025-26,league,,,14,2026-06-18T16:06:38.719Z,2026-06-18T16:06:38.719Z
bc889dcd-acf9-5930-a6ce-c6d7e706d3dd,FEM 13 OR 1ª FASE (2025-26),FEM,Fem,2025-26,league,,,17,2026-06-18T16:06:38.719Z,2026-06-18T16:06:38.719Z
74af0069-2776-57d6-aeb0-958e33a6bbe8,FEM 13 PLATA 1 (2025-26),FEM,Fem,2025-26,league,,,13,2026-06-18T16:06:38.719Z,2026-06-18T16:06:38.719Z
fa09fa5b-2f5c-57bc-b893-bc83b0119d9d,FEM 13 PLATA 2 (2025-26),FEM,Fem,2025-26,league,,,13,2026-06-18T16:06:38.719Z,2026-06-18T16:06:38.719Z
29bae5d4-9ed2-57dc-9949-4a89a3336c24,FEM 15 OR 1 (2025-26),FEM,Fem,2025-26,league,,,8,2026-06-18T16:06:38.719Z,2026-06-18T16:06:38.719Z
aa3fd7f4-8859-552f-a41c-5b61fd457f63,FEM 15 OR 2 (2025-26),FEM,Fem,2025-26,league,,,8,2026-06-18T16:06:38.719Z,2026-06-18T16:06:38.719Z
dccc5087-35cf-5041-9cd2-99294a055bd1,FEM 15 OR 3 (2025-26),FEM,Fem,2025-26,league,,,8,2026-06-18T16:06:38.719Z,2026-06-18T16:06:38.719Z
34d12d30-19cb-5257-ae78-b3fa24c1aa8f,FEM 15 OR CC1 (2025-26),FEM,Fem,2025-26,league,,,6,2026-06-18T16:06:38.719Z,2026-06-18T16:06:38.719Z
c1e7f44d-9bc1-5eae-8933-cd3e43270bae,FEM 15 OR CC2 (2025-26),FEM,Fem,2025-26,league,,,6,2026-06-18T16:06:38.719Z,2026-06-18T16:06:38.719Z
6d6deba9-d879-5131-93db-45acadd37e49,FEM 15 OR P1 (2025-26),FEM,Fem,2025-26,league,,,6,2026-06-18T16:06:38.719Z,2026-06-18T16:06:38.719Z
6340897d-51e0-5f0a-9fc5-3206b5a11193,FEM 15 OR P2 (2025-26),FEM,Fem,2025-26,league,,,6,2026-06-18T16:06:38.719Z,2026-06-18T16:06:38.719Z
4c8f34ae-4298-5afc-a0d4-eb858d6e49a2,FEM 15 PLATA (2025-26),FEM,Fem,2025-26,league,,,17,2026-06-18T16:06:38.719Z,2026-06-18T16:06:38.719Z
6781c258-90f7-5182-a9f7-00d56b4ee864,FEM 15 PLATA GRUP 1 (2025-26),FEM,Fem,2025-26,league,,,6,2026-06-18T16:06:38.719Z,2026-06-18T16:06:38.719Z
668593e1-9627-50a5-8fde-e93db06323ef,FEM 15 PLATA GRUP 2 (2025-26),FEM,Fem,2025-26,league,,,6,2026-06-18T16:06:38.719Z,2026-06-18T16:06:38.719Z
09a87e4c-5175-5c6a-90e4-99310bef1dd8,FEM 15 PLATA GRUP 3 (2025-26),FEM,Fem,2025-26,league,,,5,2026-06-18T16:06:38.719Z,2026-06-18T16:06:38.719Z
28042ac4-3687-5dca-99dc-9e8730395bd1,FEM 17 GRUP CCAT (2025-26),FEM,Fem,2025-26,league,,,4,2026-06-18T16:06:38.719Z,2026-06-18T16:06:38.719Z
930b4373-cd33-587f-9492-abe297077142,FEM 17 OR 1 (2025-26),FEM,Fem,2025-26,league,,,10,2026-06-18T16:06:38.719Z,2026-06-18T16:06:38.719Z
2826718f-50cf-5851-b549-e469a69f680a,FEM 17 OR 2 (2025-26),FEM,Fem,2025-26,league,,,8,2026-06-18T16:06:38.719Z,2026-06-18T16:06:38.719Z
4e7e6f30-6b99-5cfd-9c5d-5dd25533fe36,FEM 19 (2025-26),FEM,Fem,2025-26,league,,,8,2026-06-18T16:06:38.719Z,2026-06-18T16:06:38.719Z
616e88d1-a34c-56eb-ba27-1b9a5dbb511f,FEM 19 2ª FASE (2025-26),FEM,Fem,2025-26,league,,,6,2026-06-18T16:06:38.719Z,2026-06-18T16:06:38.719Z
6f897642-1faf-5cc9-9da9-63858281ff49,FEM11 OR 12È AL 14È (2025-26),OR,Fem,2025-26,league,,,3,2026-06-18T16:06:38.719Z,2026-06-18T16:06:38.719Z
322954c3-41e6-5fcb-a2c7-59c34fe9c32e,FEM11 OR 9È AL 11È (2025-26),OR,Fem,2025-26,league,,,4,2026-06-18T16:06:38.719Z,2026-06-18T16:06:38.719Z
ac605b3f-a9bc-57e7-8bfe-7c112b70398f,FEM13 OR 17 AL 20 (2025-26),OR,Fem,2025-26,league,,,4,2026-06-18T16:06:38.719Z,2026-06-18T16:06:38.719Z
2a371dd9-c68c-5f2b-b509-ee9b7e320333,FEM13 OR 21 AL 24 (2025-26),OR,Fem,2025-26,league,,,4,2026-06-18T16:06:38.719Z,2026-06-18T16:06:38.719Z
2af911e4-147c-58dd-94dd-3136324330a7,FEM13 OR GRUP 1 (2025-26),OR,Fem,2025-26,league,,,5,2026-06-18T16:06:38.719Z,2026-06-18T16:06:38.719Z
5025049e-175b-5bb6-bc1c-ff155ec9955e,FEM13 OR GRUP 2 (2025-26),OR,Fem,2025-26,league,,,6,2026-06-18T16:06:38.719Z,2026-06-18T16:06:38.719Z
43d1ddce-a568-50c4-9946-a576c67b4e30,FEM13 OR GRUP 3 (2025-26),OR,Fem,2025-26,league,,,6,2026-06-18T16:06:38.719Z,2026-06-18T16:06:38.719Z
bbc82c64-93cd-5cc2-bb5b-12687967cb14,FEM15 OR 9È AL 12È (2025-26),OR,Fem,2025-26,league,,,4,2026-06-18T16:06:38.719Z,2026-06-18T16:06:38.719Z
8ca80a59-ab9b-5ca7-9f37-c47011b9f1ff,FEM17 OR 13È AL 15È (2025-26),OR,Fem,2025-26,league,,,3,2026-06-18T16:06:38.719Z,2026-06-18T16:06:38.719Z
22afc1d8-3467-5da6-b8b9-8a3b860d6fe7,FEM17 OR 16È AL 18È (2025-26),OR,Fem,2025-26,league,,,3,2026-06-18T16:06:38.719Z,2026-06-18T16:06:38.719Z
e7495ab4-a5b7-5060-845e-319c63d66215,FEM17 OR 9È AL 12È (2025-26),OR,Fem,2025-26,league,,,4,2026-06-18T16:06:38.719Z,2026-06-18T16:06:38.719Z
de0d0da3-6794-5936-af7a-6280a8d228e3,FEM17 P1 (2025-26),,Fem,2025-26,league,,,3,2026-06-18T16:06:38.719Z,2026-06-18T16:06:38.719Z
6e9fc156-3d30-52e2-a733-875138d8242b,FEM17 P2 (2025-26),,Fem,2025-26,league,,,3,2026-06-18T16:06:38.719Z,2026-06-18T16:06:38.719Z
10bb51f4-f8a4-5d39-b560-878fa1e651b1,FEM17 P3 (2025-26),,Fem,2025-26,league,,,4,2026-06-18T16:06:38.719Z,2026-06-18T16:06:38.719Z
861140a6-761b-53b1-ab62-2b8ea75a7142,FEM17 P4 (2025-26),,Fem,2025-26,league,,,4,2026-06-18T16:06:38.719Z,2026-06-18T16:06:38.719Z
fbbb1979-4a60-57ab-8d5a-79d2ee6dc8f4,MINIFEM 1 (2025-26),MINIFEM,Fem,2025-26,league,,,5,2026-06-18T16:06:38.719Z,2026-06-18T16:06:38.719Z
ec1572a2-f890-5fc3-94f5-d5c7774316aa,MINIFEM 2 (2025-26),MINIFEM,Fem,2025-26,league,,,5,2026-06-18T16:06:38.719Z,2026-06-18T16:06:38.719Z
37afa315-f461-54d2-968e-0f84b4252a43,MINIFEM 3 (2025-26),MINIFEM,Fem,2025-26,league,,,5,2026-06-18T16:06:38.719Z,2026-06-18T16:06:38.719Z
dd096e37-eeeb-529b-b518-35cbabb27692,MINIFEM 4 (2025-26),MINIFEM,Fem,2025-26,league,,,5,2026-06-18T16:06:38.719Z,2026-06-18T16:06:38.719Z
78474065-2e1b-5439-b52e-6b39f7a8026c,MINIFEM OR (2025-26),MINIFEM,Fem,2025-26,league,,,11,2026-06-18T16:06:38.719Z,2026-06-18T16:06:38.719Z
f38e08bd-42fe-5b2b-815b-502c1d9da3fa,MINIFEM PLATA (2025-26),MINIFEM,Fem,2025-26,league,,,11,2026-06-18T16:06:38.719Z,2026-06-18T16:06:38.719Z
28b229f1-2743-5aa8-b46a-aa5590858b5c,ELIMINATÒRIA ACCÈS COPA ELIT INFANTIL (2025-26),ACCES,Infantil,2025-26,cup,,,0,2026-06-18T16:06:38.719Z,2026-06-18T16:06:38.719Z
909ccee3-55ac-5d26-9565-fc6cb57e6252,FASE DE GRUPS CCAT INFANTIL (2025-26),FASE,Infantil,2025-26,league,,,4,2026-06-18T16:06:38.719Z,2026-06-18T16:06:38.719Z
edb83d54-be36-5b49-b038-26962f3f0cc9,FASE DE GRUPS COPA ELIT INFANTIL (2025-26),FASE,Infantil,2025-26,cup,,,4,2026-06-18T16:06:38.719Z,2026-06-18T16:06:38.719Z
c079c6db-8e11-53ab-9a9b-615b6ffb6868,FASES DE GRUPS COPA CATALUNYA 3X3 INFANTIL OR (2025-26),FASES,Infantil,2025-26,cup,,autonomic,5,2026-06-18T16:06:38.719Z,2026-06-18T16:06:38.719Z
14a10ecd-e3cf-5a17-a868-4ec9d06e1375,FASES DE GRUPS COPA CATALUNYA 3X3 INFANTIL PLATA (2025-26),FASES,Infantil,2025-26,cup,,autonomic,7,2026-06-18T16:06:38.719Z,2026-06-18T16:06:38.719Z
a0adca5b-9ac0-527f-a9f2-1ccbe53b3f50,FASES FINALS CCAT INFANTIL (2025-26),FASES,Infantil,2025-26,league,,,0,2026-06-18T16:06:38.719Z,2026-06-18T16:06:38.719Z
be9b8767-428f-598e-9594-cdab26b4a54b,FASES FINALS CELIT INFANTIL (2025-26),FASES,Infantil,2025-26,league,,,0,2026-06-18T16:06:38.719Z,2026-06-18T16:06:38.719Z
ef6fc5e3-18b3-53e6-a2c4-3db687145a55,FASES FINALS COPA CATALUNYA 3X3 INFANTIL OR (2025-26),FASES,Infantil,2025-26,cup,,autonomic,0,2026-06-18T16:06:38.719Z,2026-06-18T16:06:38.719Z
4b6499bd-3123-5d8e-acee-2a62b264057a,FASES FINALS COPA CATALUNYA 3X3 INFANTIL PLATA (2025-26),FASES,Infantil,2025-26,cup,,autonomic,0,2026-06-18T16:06:38.719Z,2026-06-18T16:06:38.719Z
ae64091e-5a6b-55d7-a251-1936226fe755,INFANTIL COPA CATALANA OR FASE FINAL (2025-26),INFANTIL,Infantil,2025-26,cup,,autonomic,0,2026-06-18T16:06:38.719Z,2026-06-18T16:06:38.719Z
534763e2-9de6-5e0a-afbd-8b5d5db83a07,INFANTIL COPA CATALANA PLATA FASE FINAL (2025-26),INFANTIL,Infantil,2025-26,cup,,autonomic,0,2026-06-18T16:06:38.719Z,2026-06-18T16:06:38.719Z
0b64c267-f2d8-5d95-8ca6-eff201c8c2a7,INFANTIL COPA FEDERACIÓ FASE FINAL (2025-26),INFANTIL,Infantil,2025-26,cup,,,0,2026-06-18T16:06:38.719Z,2026-06-18T16:06:38.719Z
f5839e3a-0517-5416-a027-97b0148430a5,INFANTIL OR 1 (2025-26),INFANTIL,Infantil,2025-26,league,,,8,2026-06-18T16:06:38.719Z,2026-06-18T16:06:38.719Z
2de81891-a0d1-5696-87d5-d6c8ca23477c,INFANTIL OR 10 (2025-26),INFANTIL,Infantil,2025-26,league,,,7,2026-06-18T16:06:38.719Z,2026-06-18T16:06:38.719Z
dc40e130-6325-5bd4-9d69-42e0d54ee58f,INFANTIL OR 17 AL 20 (2025-26),INFANTIL,Infantil,2025-26,league,,,4,2026-06-18T16:06:38.719Z,2026-06-18T16:06:38.719Z
ba827527-ec24-5d6f-b5b4-dfb926d88880,INFANTIL OR 2 (2025-26),INFANTIL,Infantil,2025-26,league,,,8,2026-06-18T16:06:38.719Z,2026-06-18T16:06:38.719Z
c01aa5d4-9002-5dc4-9543-8b35b9049287,INFANTIL OR 21 AL 24 (2025-26),INFANTIL,Infantil,2025-26,league,,,4,2026-06-18T16:06:38.719Z,2026-06-18T16:06:38.719Z
c22dccca-de29-5057-a4a5-d7e4948c1366,INFANTIL OR 3 (2025-26),INFANTIL,Infantil,2025-26,league,,,8,2026-06-18T16:06:38.719Z,2026-06-18T16:06:38.719Z
d3c1b632-03d3-55cf-a3b5-3305c163b5b9,INFANTIL OR 4 (2025-26),INFANTIL,Infantil,2025-26,league,,,8,2026-06-18T16:06:38.719Z,2026-06-18T16:06:38.719Z
ecfe1ab1-202e-5a95-bd25-cb72317c96a3,INFANTIL OR 5 (2025-26),INFANTIL,Infantil,2025-26,league,,,8,2026-06-18T16:06:38.719Z,2026-06-18T16:06:38.719Z
c9c98dc1-e0e0-5a2d-9389-bbb7f53b1429,INFANTIL OR 6 (2025-26),INFANTIL,Infantil,2025-26,league,,,8,2026-06-18T16:06:38.719Z,2026-06-18T16:06:38.719Z
d653d8a1-8504-58eb-94d7-0a2e5cccbd19,INFANTIL OR 7 (2025-26),INFANTIL,Infantil,2025-26,league,,,8,2026-06-18T16:06:38.719Z,2026-06-18T16:06:38.719Z
fb2a0bdd-95ac-5ca3-8117-817cda8838ba,INFANTIL OR 8 (2025-26),INFANTIL,Infantil,2025-26,league,,,7,2026-06-18T16:06:38.719Z,2026-06-18T16:06:38.719Z
dc74cc7e-370b-5249-bd95-93897f002ebe,INFANTIL OR 9 (2025-26),INFANTIL,Infantil,2025-26,league,,,7,2026-06-18T16:06:38.719Z,2026-06-18T16:06:38.719Z
7e0021ee-62ea-5f80-9c31-904bd8707f26,INFANTIL OR CC1 (2025-26),INFANTIL,Infantil,2025-26,league,,,8,2026-06-18T16:06:38.719Z,2026-06-18T16:06:38.719Z
1984cd73-e6f5-5667-a64b-9114eb1479a6,INFANTIL OR CC2 (2025-26),INFANTIL,Infantil,2025-26,league,,,8,2026-06-18T16:06:38.719Z,2026-06-18T16:06:38.719Z
dbd739ce-4cbe-5a9c-8232-3b1fff07a404,INFANTIL OR CC3 (2025-26),INFANTIL,Infantil,2025-26,league,,,8,2026-06-18T16:06:38.719Z,2026-06-18T16:06:38.719Z
1ec8d52f-68e3-595b-921c-c754c44459e8,INFANTIL OR CC4 (2025-26),INFANTIL,Infantil,2025-26,league,,,8,2026-06-18T16:06:38.719Z,2026-06-18T16:06:38.719Z
5e389f61-050f-5ac9-aad4-03d6d81f51e8,INFANTIL OR P1 (2025-26),INFANTIL,Infantil,2025-26,league,,,6,2026-06-18T16:06:38.719Z,2026-06-18T16:06:38.719Z
5561ee3e-edb7-5dcd-a445-c02a3254e08b,INFANTIL OR P2 (2025-26),INFANTIL,Infantil,2025-26,league,,,6,2026-06-18T16:06:38.719Z,2026-06-18T16:06:38.719Z
3277b8d6-6be7-5a59-9a2d-5ca0bdfff2d7,INFANTIL OR P3 (2025-26),INFANTIL,Infantil,2025-26,league,,,6,2026-06-18T16:06:38.719Z,2026-06-18T16:06:38.719Z
c110d3d4-cbaf-566b-8150-ac8ab8737a19,INFANTIL OR P4 (2025-26),INFANTIL,Infantil,2025-26,league,,,6,2026-06-18T16:06:38.719Z,2026-06-18T16:06:38.719Z
d2c38d58-be7d-55a1-8f42-449464541042,INFANTIL OR RK 1 (2025-26),INFANTIL,Infantil,2025-26,league,,,7,2026-06-18T16:06:38.719Z,2026-06-18T16:06:38.719Z
4fe0b418-b977-50ac-a67e-3aa45bf6d1e0,INFANTIL OR RK 2 (2025-26),INFANTIL,Infantil,2025-26,league,,,7,2026-06-18T16:06:38.719Z,2026-06-18T16:06:38.719Z
108f1cd3-a674-52a1-b160-bba0ae1dee66,INFANTIL OR RK 3 (2025-26),INFANTIL,Infantil,2025-26,league,,,7,2026-06-18T16:06:38.719Z,2026-06-18T16:06:38.719Z
37b725c7-5fd4-50cf-a218-2a7fa3eac05c,INFANTIL PLATA 1 (2025-26),INFANTIL,Infantil,2025-26,league,,,15,2026-06-18T16:06:38.719Z,2026-06-18T16:06:38.719Z
553a8de5-adc5-5104-870e-32c945634035,INFANTIL PLATA 2 (2025-26),INFANTIL,Infantil,2025-26,league,,,15,2026-06-18T16:06:38.719Z,2026-06-18T16:06:38.719Z
7ebf5736-60ca-5034-8c0b-42daab64ef01,INFANTIL PLATA 3 (2025-26),INFANTIL,Infantil,2025-26,league,,,14,2026-06-18T16:06:38.719Z,2026-06-18T16:06:38.719Z
976eba6e-1f13-5f97-9901-b362e85d651a,INFANTIL PLATA 4 (2025-26),INFANTIL,Infantil,2025-26,league,,,14,2026-06-18T16:06:38.719Z,2026-06-18T16:06:38.719Z
79daa7ca-cee5-5da8-bf64-2796732cc374,INFANTIL PLATA 5 (2025-26),INFANTIL,Infantil,2025-26,league,,,15,2026-06-18T16:06:38.719Z,2026-06-18T16:06:38.719Z
88110c62-3fc4-53f6-80ad-fd78d7119227,INFANTIL PLATA 6 (2025-26),INFANTIL,Infantil,2025-26,league,,,14,2026-06-18T16:06:38.719Z,2026-06-18T16:06:38.719Z
fb677a65-7124-5d3f-b38c-29a8f6b48aba,INFANTIL PLATA 7 (2025-26),INFANTIL,Infantil,2025-26,league,,,15,2026-06-18T16:06:38.719Z,2026-06-18T16:06:38.719Z
437b81f5-ca26-5db5-bb98-34aa1721bb07,INFANTIL PLATA CC PF1 (2025-26),INFANTIL,Infantil,2025-26,league,,,7,2026-06-18T16:06:38.719Z,2026-06-18T16:06:38.719Z
c6741f95-6cab-5d3a-8779-c4c950e41913,INFANTIL PLATA CC PF2 (2025-26),INFANTIL,Infantil,2025-26,league,,,7,2026-06-18T16:06:38.719Z,2026-06-18T16:06:38.719Z
a218634b-dcaf-533f-8e65-cb925f62f2d4,INFANTIL PLATA CC PF3 (2025-26),INFANTIL,Infantil,2025-26,league,,,7,2026-06-18T16:06:38.719Z,2026-06-18T16:06:38.719Z
4d2e006e-56e7-52b8-b603-8d3b82601319,INFANTIL PLATA CC1 (2025-26),INFANTIL,Infantil,2025-26,league,,,7,2026-06-18T16:06:38.719Z,2026-06-18T16:06:38.719Z
0c40089b-59ec-5409-a714-6df2af3a38b0,INFANTIL PLATA CC2 (2025-26),INFANTIL,Infantil,2025-26,league,,,7,2026-06-18T16:06:38.719Z,2026-06-18T16:06:38.719Z
c8831af4-61ed-5277-a554-ba3b7fab190e,INFANTIL PLATA CC3 (2025-26),INFANTIL,Infantil,2025-26,league,,,7,2026-06-18T16:06:38.719Z,2026-06-18T16:06:38.719Z
84479bfd-1c79-5b13-a58d-aa151ebe6d4a,INFANTIL PLATA CC4 (2025-26),INFANTIL,Infantil,2025-26,league,,,7,2026-06-18T16:06:38.719Z,2026-06-18T16:06:38.719Z
68d836f4-6f5b-52d0-8047-6bb2f9fd7b55,INFANTIL PLATA CF PF1 (2025-26),INFANTIL,Infantil,2025-26,league,,,7,2026-06-18T16:06:38.719Z,2026-06-18T16:06:38.719Z
4c236fb5-fa8d-5a2d-81c9-1a6bc20fb40f,INFANTIL PLATA CF PF2 (2025-26),INFANTIL,Infantil,2025-26,league,,,7,2026-06-18T16:06:38.719Z,2026-06-18T16:06:38.719Z
730609cd-5779-5f4b-ae5d-0f7247411114,INFANTIL PLATA CF PF3 (2025-26),INFANTIL,Infantil,2025-26,league,,,7,2026-06-18T16:06:38.719Z,2026-06-18T16:06:38.719Z
a5e63d8c-4e72-511f-8076-10cadc4d0ce0,INFANTIL PLATA CF1 (2025-26),INFANTIL,Infantil,2025-26,league,,,8,2026-06-18T16:06:38.719Z,2026-06-18T16:06:38.719Z
4c5a1a21-8776-569c-9bc0-a3036a5a254b,INFANTIL PLATA CF2 (2025-26),INFANTIL,Infantil,2025-26,league,,,7,2026-06-18T16:06:38.719Z,2026-06-18T16:06:38.719Z
3f76d74e-d367-536a-8169-d99b2adaca65,INFANTIL PLATA CF3 (2025-26),INFANTIL,Infantil,2025-26,league,,,8,2026-06-18T16:06:38.719Z,2026-06-18T16:06:38.719Z
2b6dd4ac-d877-5da6-8d7f-de270a31b7b2,INFANTIL PLATA CF4 (2025-26),INFANTIL,Infantil,2025-26,league,,,7,2026-06-18T16:06:38.719Z,2026-06-18T16:06:38.719Z
ded99564-7578-5e45-bb31-0c5c3ec434d2,BCN PB-INICIACIÓ 1 (2025-26),BCN,INICIACIÓ 1,2025-26,league,,,8,2026-06-18T16:06:38.719Z,2026-06-18T16:06:38.719Z
4d2de894-0675-58ab-93b2-1c581db566db,BCN PB-INICIACIÓ 2 (2025-26),BCN,INICIACIÓ 2,2025-26,league,,,9,2026-06-18T16:06:38.719Z,2026-06-18T16:06:38.719Z
4b2375cf-dd74-5f0c-acf8-88a42a2c2fd6,ELIMINATÒRIA ACCÈS COPA ELIT JÚNIOR (2025-26),ACCES,Júnior,2025-26,cup,,,0,2026-06-18T16:06:38.719Z,2026-06-18T16:06:38.719Z
bfb57a3a-c36d-5e5e-a707-eb2068367af7,FASE DE GRUPS CCAT JÚNIOR (2025-26),FASE,Júnior,2025-26,league,,,4,2026-06-18T16:06:38.719Z,2026-06-18T16:06:38.719Z
9ffe0867-1638-54e0-a40b-9f41d2c6ba1c,FASE DE GRUPS COPA ELIT JÚNIOR (2025-26),FASE,Júnior,2025-26,cup,,,4,2026-06-18T16:06:38.719Z,2026-06-18T16:06:38.719Z
0579d072-4244-5ab6-9598-fa7a727868fc,FASES FINALS CCAT JÚNIOR (2025-26),FASES,Júnior,2025-26,league,,,0,2026-06-18T16:06:38.719Z,2026-06-18T16:06:38.719Z
5a24a70f-8f8f-5246-bf6a-6a92d6f0100d,FASES FINALS CELIT JÚNIOR (2025-26),FASES,Júnior,2025-26,league,,,0,2026-06-18T16:06:38.719Z,2026-06-18T16:06:38.719Z
826c89df-bb5b-557b-ba5e-174f7c7bef00,JÚNIOR COPA CATALANA OR FASE FINAL (2025-26),JUNIOR,Júnior,2025-26,cup,,autonomic,0,2026-06-18T16:06:38.719Z,2026-06-18T16:06:38.719Z
a3afb795-880f-5fe4-8575-94a1121407c3,JÚNIOR COPA CATALANA PLATA FASE FINAL (2025-26),JUNIOR,Júnior,2025-26,cup,,autonomic,0,2026-06-18T16:06:38.719Z,2026-06-18T16:06:38.719Z
b0ce1c3f-87b0-538f-8449-67338c08d2fe,JÚNIOR COPA FEDERACIÓ FASE FINAL (2025-26),JUNIOR,Júnior,2025-26,cup,,,0,2026-06-18T16:06:38.719Z,2026-06-18T16:06:38.719Z
a740e323-b2f7-5cf3-a6d2-0507f2baf6a4,JÚNIOR OR 1 (2025-26),JUNIOR,Júnior,2025-26,league,,,8,2026-06-18T16:06:38.719Z,2026-06-18T16:06:38.719Z
7344ed82-ee7c-51ac-8d53-ee56e9ca6c12,JÚNIOR OR 17 AL 20 (2025-26),JUNIOR,Júnior,2025-26,league,,,0,2026-06-18T16:06:38.719Z,2026-06-18T16:06:38.719Z
7bd20b7f-9f6e-51b9-9964-03c8d5242832,JÚNIOR OR 2 (2025-26),JUNIOR,Júnior,2025-26,league,,,8,2026-06-18T16:06:38.719Z,2026-06-18T16:06:38.719Z
6023a5b7-60ee-5e65-9fa8-dbef814775fd,JÚNIOR OR 21 AL 24 (2025-26),JUNIOR,Júnior,2025-26,league,,,0,2026-06-18T16:06:38.719Z,2026-06-18T16:06:38.719Z
29c8d5de-9e12-5784-84da-ca567d7e47be,JÚNIOR OR 3 (2025-26),JUNIOR,Júnior,2025-26,league,,,8,2026-06-18T16:06:38.719Z,2026-06-18T16:06:38.719Z
3c37fae3-f561-5756-9e78-f10483d243fe,JÚNIOR OR 4 (2025-26),JUNIOR,Júnior,2025-26,league,,,8,2026-06-18T16:06:38.719Z,2026-06-18T16:06:38.719Z
faadff0e-fdbd-5d8b-888c-ef507097baf0,JÚNIOR OR 5 (2025-26),JUNIOR,Júnior,2025-26,league,,,6,2026-06-18T16:06:38.719Z,2026-06-18T16:06:38.719Z
b2c9ccb5-37cf-5a32-bbb1-59b5afa8d49d,JÚNIOR OR 6 (2025-26),JUNIOR,Júnior,2025-26,league,,,7,2026-06-18T16:06:38.719Z,2026-06-18T16:06:38.719Z
f3c339d1-3c57-5b62-833e-6c10196bb54b,JÚNIOR OR 7 (2025-26),JUNIOR,Júnior,2025-26,league,,,7,2026-06-18T16:06:38.719Z,2026-06-18T16:06:38.719Z
190161cf-dbdd-539e-9375-823cb0f71ff9,JÚNIOR OR CC1 (2025-26),JUNIOR,Júnior,2025-26,league,,,7,2026-06-18T16:06:38.719Z,2026-06-18T16:06:38.719Z
4f380feb-aab3-5937-9d75-f6c35bbd33a8,JÚNIOR OR CC2 (2025-26),JUNIOR,Júnior,2025-26,league,,,7,2026-06-18T16:06:38.719Z,2026-06-18T16:06:38.719Z
c84cd582-dd38-53b2-b5eb-807b49d402e2,JÚNIOR OR P1 (2025-26),JUNIOR,Júnior,2025-26,league,,,6,2026-06-18T16:06:38.719Z,2026-06-18T16:06:38.719Z
89d42f1a-82f8-5b3d-891d-647063032e09,JÚNIOR OR P2 (2025-26),JUNIOR,Júnior,2025-26,league,,,6,2026-06-18T16:06:38.719Z,2026-06-18T16:06:38.719Z
78c0c1ac-a97e-5a3c-bbd9-df1a943b0120,JÚNIOR OR P3 (2025-26),JUNIOR,Júnior,2025-26,league,,,6,2026-06-18T16:06:38.719Z,2026-06-18T16:06:38.719Z
5c71b837-bf43-580c-a7e5-6d418a5a92f0,JÚNIOR OR P4 (2025-26),JUNIOR,Júnior,2025-26,league,,,6,2026-06-18T16:06:38.719Z,2026-06-18T16:06:38.719Z
148cef01-5806-5f20-8f6c-72b25b9cb62f,JÚNIOR OR RK1 (2025-26),JUNIOR,Júnior,2025-26,league,,,6,2026-06-18T16:06:38.719Z,2026-06-18T16:06:38.719Z
25b76177-7eac-572b-a581-6e1f606f4ff2,JÚNIOR OR RK2 (2025-26),JUNIOR,Júnior,2025-26,league,,,7,2026-06-18T16:06:38.719Z,2026-06-18T16:06:38.719Z
60b650a7-5b08-5d82-9465-bbc5308f4ce2,JÚNIOR PLATA 1 (2025-26),JUNIOR,Júnior,2025-26,league,,,8,2026-06-18T16:06:38.719Z,2026-06-18T16:06:38.719Z
3a6eb8a5-cbad-50b7-90c7-2791b7036b67,JÚNIOR PLATA 2 (2025-26),JUNIOR,Júnior,2025-26,league,,,8,2026-06-18T16:06:38.719Z,2026-06-18T16:06:38.719Z
384f6934-8261-5203-abc4-3e253d6a42b3,JÚNIOR PLATA 3 (2025-26),JUNIOR,Júnior,2025-26,league,,,8,2026-06-18T16:06:38.719Z,2026-06-18T16:06:38.719Z
69836dd8-ab4b-528d-b30d-ddb538f6d3a3,JÚNIOR PLATA 4 (2025-26),JUNIOR,Júnior,2025-26,league,,,7,2026-06-18T16:06:38.719Z,2026-06-18T16:06:38.719Z
a50274cb-f26b-5f5f-98b7-471dde9a1777,JÚNIOR PLATA CC1 (2025-26),JUNIOR,Júnior,2025-26,league,,,8,2026-06-18T16:06:38.719Z,2026-06-18T16:06:38.719Z
66c01c44-6432-589d-8f17-0b56cc3647fb,JÚNIOR PLATA CC2 (2025-26),JUNIOR,Júnior,2025-26,league,,,8,2026-06-18T16:06:38.719Z,2026-06-18T16:06:38.719Z
66059bab-8751-547b-aff8-0ddc67b32f3a,JÚNIOR PLATA CF1 (2025-26),JUNIOR,Júnior,2025-26,league,,,7,2026-06-18T16:06:38.719Z,2026-06-18T16:06:38.719Z
1f3c99be-7b57-5bd1-8527-dd1e5e1de9ed,JÚNIOR PLATA CF2 (2025-26),JUNIOR,Júnior,2025-26,league,,,7,2026-06-18T16:06:38.719Z,2026-06-18T16:06:38.719Z
f417b312-bb7c-5ffd-ac37-8be3fae3b25a,ELIMINATÒRIA ACCÈS COPA ELIT JUVENIL (2025-26),ACCES,Juvenil,2025-26,cup,,,0,2026-06-18T16:06:38.719Z,2026-06-18T16:06:38.719Z
96ff841a-a61c-5ca8-9e6d-92ce57c8ffd8,FASE DE GRUPS CCAT JUVENIL (2025-26),FASE,Juvenil,2025-26,league,,,4,2026-06-18T16:06:38.719Z,2026-06-18T16:06:38.719Z
73d798cb-65bf-5d37-a5b3-a371727a48c3,FASE DE GRUPS COPA ELIT JUVENIL (2025-26),FASE,Juvenil,2025-26,cup,,,4,2026-06-18T16:06:38.719Z,2026-06-18T16:06:38.719Z
8d96c723-ec83-5da5-805f-a27fe9d49897,FASES FINALS COPA ELIT JUVENIL (2025-26),FASES,Juvenil,2025-26,cup,,,0,2026-06-18T16:06:38.719Z,2026-06-18T16:06:38.719Z
3421bbf5-88db-5d30-8933-5f579f5738d5,JUVENIL COPA CATALANA OR FASE FINAL (2025-26),JUVENIL,Juvenil,2025-26,cup,,autonomic,0,2026-06-18T16:06:38.719Z,2026-06-18T16:06:38.719Z
35a7c9f0-7870-5d62-bc67-eb5279c9169e,JUVENIL COPA CATALANA PLATA FASE FINAL (2025-26),JUVENIL,Juvenil,2025-26,cup,,autonomic,0,2026-06-18T16:06:38.719Z,2026-06-18T16:06:38.719Z
954cf422-e9d5-57b6-9ed1-dbe11c682424,JUVENIL COPA FEDERACIÓ FASE FINAL (2025-26),JUVENIL,Juvenil,2025-26,cup,,,0,2026-06-18T16:06:38.719Z,2026-06-18T16:06:38.719Z
0338b751-3977-558d-b82a-e6d4d1bed15f,JUVENIL OR 1 (2025-26),JUVENIL,Juvenil,2025-26,league,,,8,2026-06-18T16:06:38.719Z,2026-06-18T16:06:38.719Z
7f37a643-028b-56c7-a78d-f51cd42f4a59,JUVENIL OR 17 AL 20 (2025-26),JUVENIL,Juvenil,2025-26,league,,,4,2026-06-18T16:06:38.719Z,2026-06-18T16:06:38.719Z
a4b2f219-cb15-5738-bfd8-e18ecd3ea499,JUVENIL OR 2 (2025-26),JUVENIL,Juvenil,2025-26,league,,,8,2026-06-18T16:06:38.719Z,2026-06-18T16:06:38.719Z
30268ee3-e3dd-565a-8c54-193b5e225c37,JUVENIL OR 21 AL 24 (2025-26),JUVENIL,Juvenil,2025-26,league,,,4,2026-06-18T16:06:38.719Z,2026-06-18T16:06:38.719Z
06324dbf-b3e0-574f-aedd-278fc0c899c7,JUVENIL OR 3 (2025-26),JUVENIL,Juvenil,2025-26,league,,,8,2026-06-18T16:06:38.719Z,2026-06-18T16:06:38.719Z
20c883e0-6baa-5f74-b2e1-d8aac2572eb8,JUVENIL OR 4 (2025-26),JUVENIL,Juvenil,2025-26,league,,,8,2026-06-18T16:06:38.719Z,2026-06-18T16:06:38.719Z
9910b8a9-05cc-5a34-91f8-8f3ad1b7c702,JUVENIL OR 5 (2025-26),JUVENIL,Juvenil,2025-26,league,,,8,2026-06-18T16:06:38.719Z,2026-06-18T16:06:38.719Z
d51d85ee-ed4d-5281-9be9-f9648ad507d3,JUVENIL OR 6 (2025-26),JUVENIL,Juvenil,2025-26,league,,,8,2026-06-18T16:06:38.719Z,2026-06-18T16:06:38.719Z
d2bac4f2-aeb9-51b6-bd78-3ff045649775,JUVENIL OR 7 (2025-26),JUVENIL,Juvenil,2025-26,league,,,8,2026-06-18T16:06:38.719Z,2026-06-18T16:06:38.719Z
543b779a-4cb8-5c92-bc6d-ec6ee54e687a,JUVENIL OR 8 (2025-26),JUVENIL,Juvenil,2025-26,league,,,7,2026-06-18T16:06:38.719Z,2026-06-18T16:06:38.719Z
9e472901-8307-52e4-9c0c-780c0d27306e,JUVENIL OR 9 (2025-26),JUVENIL,Juvenil,2025-26,league,,,7,2026-06-18T16:06:38.719Z,2026-06-18T16:06:38.719Z
bebafc40-36f6-5b71-b17b-8d858dc2ee75,JUVENIL OR CC1 (2025-26),JUVENIL,Juvenil,2025-26,league,,,8,2026-06-18T16:06:38.719Z,2026-06-18T16:06:38.719Z
71d2e35e-434d-531a-ab74-8b753e01e9f5,JUVENIL OR CC2 (2025-26),JUVENIL,Juvenil,2025-26,league,,,8,2026-06-18T16:06:38.719Z,2026-06-18T16:06:38.719Z
3d98b97a-4474-5bd1-b199-c399762b1720,JUVENIL OR CC3 (2025-26),JUVENIL,Juvenil,2025-26,league,,,8,2026-06-18T16:06:38.719Z,2026-06-18T16:06:38.719Z
7a8eab09-e8d4-5baa-8a8e-d6ac9d244105,JUVENIL OR P1 (2025-26),JUVENIL,Juvenil,2025-26,league,,,6,2026-06-18T16:06:38.719Z,2026-06-18T16:06:38.719Z
fa8c7504-8d70-5090-9dd9-c22439d07b77,JUVENIL OR P2 (2025-26),JUVENIL,Juvenil,2025-26,league,,,6,2026-06-18T16:06:38.719Z,2026-06-18T16:06:38.719Z
c96c8bdb-a8ba-5591-b5ef-6bba703baae8,JUVENIL OR P3 (2025-26),JUVENIL,Juvenil,2025-26,league,,,6,2026-06-18T16:06:38.719Z,2026-06-18T16:06:38.719Z
f00f98dc-c931-59af-8ff6-1befdb4e0770,JUVENIL OR P4 (2025-26),JUVENIL,Juvenil,2025-26,league,,,6,2026-06-18T16:06:38.719Z,2026-06-18T16:06:38.719Z
b1330d10-dccb-56da-9fdb-43d15abc3845,JUVENIL OR RK1 (2025-26),JUVENIL,Juvenil,2025-26,league,,,7,2026-06-18T16:06:38.719Z,2026-06-18T16:06:38.719Z
8c07b589-feff-5f90-8e4c-de88d1922a45,JUVENIL OR RK2 (2025-26),JUVENIL,Juvenil,2025-26,league,,,7,2026-06-18T16:06:38.719Z,2026-06-18T16:06:38.719Z
5c4b1710-fe8f-5097-b504-44d0f4871860,JUVENIL OR RK3 (2025-26),JUVENIL,Juvenil,2025-26,league,,,8,2026-06-18T16:06:38.719Z,2026-06-18T16:06:38.719Z
bc371bc6-a748-5ff5-b324-b0054dc1e7a5,JUVENIL PLATA 1 (2025-26),JUVENIL,Juvenil,2025-26,league,,,8,2026-06-18T16:06:38.719Z,2026-06-18T16:06:38.719Z
3f24c1c1-806a-535c-8a84-7c997c81f3b5,JUVENIL PLATA 2 (2025-26),JUVENIL,Juvenil,2025-26,league,,,7,2026-06-18T16:06:38.719Z,2026-06-18T16:06:38.719Z
1d671687-14d1-5438-81fc-bf9cdf53aac1,JUVENIL PLATA 3 (2025-26),JUVENIL,Juvenil,2025-26,league,,,7,2026-06-18T16:06:38.719Z,2026-06-18T16:06:38.719Z
70fc662d-c6f3-5641-b504-dd42b0dcb0b7,JUVENIL PLATA 4 (2025-26),JUVENIL,Juvenil,2025-26,league,,,7,2026-06-18T16:06:38.719Z,2026-06-18T16:06:38.719Z
b4e729ad-e76a-5886-8e05-8d414ee2ea75,JUVENIL PLATA 5 (2025-26),JUVENIL,Juvenil,2025-26,league,,,7,2026-06-18T16:06:38.719Z,2026-06-18T16:06:38.719Z
1a545695-75cd-5744-baca-a4c587aa74ec,JUVENIL PLATA 6 (2025-26),JUVENIL,Juvenil,2025-26,league,,,8,2026-06-18T16:06:38.719Z,2026-06-18T16:06:38.719Z
5f719705-536e-5dff-905f-9b14934043d0,JUVENIL PLATA 7 (2025-26),JUVENIL,Juvenil,2025-26,league,,,8,2026-06-18T16:06:38.719Z,2026-06-18T16:06:38.719Z
34ea3f98-13d9-5cc4-b9ba-ccb213d5b2f1,JUVENIL PLATA 8 (2025-26),JUVENIL,Juvenil,2025-26,league,,,7,2026-06-18T16:06:38.719Z,2026-06-18T16:06:38.719Z
5ac5519e-80a2-571b-9a2e-ad348f23a214,JUVENIL PLATA 9 (2025-26),JUVENIL,Juvenil,2025-26,league,,,7,2026-06-18T16:06:38.719Z,2026-06-18T16:06:38.719Z
c8e4498c-b9c5-506d-9325-19d4586add84,JUVENIL PLATA CC1 (2025-26),JUVENIL,Juvenil,2025-26,league,,,7,2026-06-18T16:06:38.719Z,2026-06-18T16:06:38.719Z
995ce1b3-5822-5d4d-818a-c7daae4468bf,JUVENIL PLATA CC2 (2025-26),JUVENIL,Juvenil,2025-26,league,,,7,2026-06-18T16:06:38.719Z,2026-06-18T16:06:38.719Z
c94e709d-e120-5661-a480-d382cc5274db,JUVENIL PLATA CC3 (2025-26),JUVENIL,Juvenil,2025-26,league,,,7,2026-06-18T16:06:38.719Z,2026-06-18T16:06:38.719Z
9d8882a0-01e1-502a-859e-dbafafff9b79,JUVENIL PLATA CC4 (2025-26),JUVENIL,Juvenil,2025-26,league,,,7,2026-06-18T16:06:38.719Z,2026-06-18T16:06:38.719Z
77f1f35e-319a-5cad-bf27-0b65287b42c8,JUVENIL PLATA CC5 (2025-26),JUVENIL,Juvenil,2025-26,league,,,7,2026-06-18T16:06:38.719Z,2026-06-18T16:06:38.719Z
774b2b03-8e85-5a4e-b381-bbe494913c13,JUVENIL PLATA CF1 (2025-26),JUVENIL,Juvenil,2025-26,league,,,8,2026-06-18T16:06:38.719Z,2026-06-18T16:06:38.719Z
9fd2d863-1e86-580e-b090-d03fb3999e11,JUVENIL PLATA CF2 (2025-26),JUVENIL,Juvenil,2025-26,league,,,7,2026-06-18T16:06:38.719Z,2026-06-18T16:06:38.719Z
632a3e1a-cd68-5ecf-b396-9b64863b8b71,JUVENIL PLATA CF3 (2025-26),JUVENIL,Juvenil,2025-26,league,,,8,2026-06-18T16:06:38.719Z,2026-06-18T16:06:38.719Z
b99c0ea1-717a-584f-97a6-79fcc351b0d6,JUVENIL PLATA CF4 (2025-26),JUVENIL,Juvenil,2025-26,league,,,7,2026-06-18T16:06:38.719Z,2026-06-18T16:06:38.719Z
7afa0779-b412-59e5-942e-08421ba7c65e,BENJAMÍ TARRAGONA-LLEIDA COPA INTERTERRITORIAL (2025-26),BENJAMI,LLEIDA COPA INTERTERRITORIAL,2025-26,cup,,local,8,2026-06-18T16:06:38.719Z,2026-06-18T16:06:38.719Z
c8d2e859-32b3-5251-91b5-a1841749c517,BENJAMÍ TARRAGONA-LLEIDA PREFERENT (2025-26),BENJAMI,LLEIDA PREFERENT,2025-26,league,,local,6,2026-06-18T16:06:38.719Z,2026-06-18T16:06:38.719Z
997f71b3-7771-53a8-9f92-c411c3049a16,BENJAMÍ CCAT TARRAGONA-LLEIDA (2025-26),BENJAMI,LLEIDA,2025-26,league,,local,4,2026-06-18T16:06:38.719Z,2026-06-18T16:06:38.719Z
7d0e2223-8dbb-5fef-a77a-ebdd98ed20b9,ELIMINATÒRIES ASCENS A NACIONAL CATALANA (2025-26),ASCENS,Nacional Catalana,2025-26,cup,,estatal,0,2026-06-18T16:06:38.719Z,2026-06-18T16:06:38.719Z
bf63ef87-3c2a-5abb-afbd-e6d224502ef4,ELIMINATÒRIES ASCENS A NACIONAL CATALANA FEM (2025-26),ASCENS,Nacional Catalana,2025-26,cup,,estatal,0,2026-06-18T16:06:38.719Z,2026-06-18T16:06:38.719Z
237f6933-75fe-52e9-a23d-b8409ba0c05e,NACIONAL CATALANA FEMENINA (2025-26),NACIONAL,Nacional Catalana,2025-26,league,,estatal,16,2026-06-18T16:06:38.719Z,2026-06-18T16:06:38.719Z
d3c236b3-2eee-5ec6-bd29-2d12d764253f,NACIONAL CATALANA MASCULINA (2025-26),NACIONAL,Nacional Catalana,2025-26,league,,estatal,16,2026-06-18T16:06:38.719Z,2026-06-18T16:06:38.719Z
e4c26287-31c8-5c02-bd93-3043a034be91,PLAYOFF NACIONAL CATALANA FEMENINA (2025-26),PLAYOFF,Nacional Catalana,2025-26,cup,,estatal,0,2026-06-18T16:06:38.719Z,2026-06-18T16:06:38.719Z
18a24199-96f0-567c-bec6-deb6539f5028,PLAYOFF NACIONAL CATALANA MASCULINA (2025-26),PLAYOFF,Nacional Catalana,2025-26,cup,,estatal,0,2026-06-18T16:06:38.719Z,2026-06-18T16:06:38.719Z
a724ac2d-b699-5b93-b0a1-ce384115cf73,PLAYOUT NACIONAL CATALANA FEMENINA (2025-26),PLAYOUT,Nacional Catalana,2025-26,league,,estatal,0,2026-06-18T16:06:38.719Z,2026-06-18T16:06:38.719Z
a6901646-3f40-5ebb-bb06-814641043989,BCN PREBENJAMI BRONZE 1 (2025-26),BCN,Prebenjamí,2025-26,league,,,10,2026-06-18T16:06:38.719Z,2026-06-18T16:06:38.719Z
3a36986d-a617-5254-b95c-3bbd70ec619d,BCN PREBENJAMI BRONZE 2 (2025-26),BCN,Prebenjamí,2025-26,league,,,8,2026-06-18T16:06:38.719Z,2026-06-18T16:06:38.719Z
618f3175-dc4e-58f3-989b-8166dbebb66e,BCN PREBENJAMÍ BRONZE 2 (2025-26),BCN,Prebenjamí,2025-26,league,,,8,2026-06-18T16:06:38.719Z,2026-06-18T16:06:38.719Z
73b79e79-81ef-5fd9-bf16-9066f91bd986,BCN PREBENJAMI BRONZE 3 (2025-26),BCN,Prebenjamí,2025-26,league,,,10,2026-06-18T16:06:38.719Z,2026-06-18T16:06:38.719Z
3260469e-59cd-52c8-97cc-43da62f41778,BCN PREBENJAMI OR 1 (2025-26),BCN,Prebenjamí,2025-26,league,,,10,2026-06-18T16:06:38.719Z,2026-06-18T16:06:38.719Z
4bf906d3-d334-5c76-9dd5-4037df3bacf7,BCN PREBENJAMI OR 2 (2025-26),BCN,Prebenjamí,2025-26,league,,,10,2026-06-18T16:06:38.719Z,2026-06-18T16:06:38.719Z
2475a742-aff0-565a-84a5-1601a81ef9ec,BCN PREBENJAMI OR 3 (2025-26),BCN,Prebenjamí,2025-26,league,,,10,2026-06-18T16:06:38.719Z,2026-06-18T16:06:38.719Z
2cf1a5a5-4d5d-5acd-9a29-ff0ccedf36b7,BCN PREBENJAMI PLATA 1 (2025-26),BCN,Prebenjamí,2025-26,league,,,10,2026-06-18T16:06:38.719Z,2026-06-18T16:06:38.719Z
2df7f5b5-c322-50eb-bc7b-9300c8dc0e9b,BCN PREBENJAMI PLATA 2 (2025-26),BCN,Prebenjamí,2025-26,league,,,10,2026-06-18T16:06:38.719Z,2026-06-18T16:06:38.719Z
21cfc816-c588-5732-9b74-91c566e33136,BCN PREBENJAMI PLATA 3 (2025-26),BCN,Prebenjamí,2025-26,league,,,10,2026-06-18T16:06:38.719Z,2026-06-18T16:06:38.719Z
15e07db4-a369-5ffe-9fbe-ed39e79fff69,BCN PREBENJAMI PLATA 4 (2025-26),BCN,Prebenjamí,2025-26,league,,,10,2026-06-18T16:06:38.719Z,2026-06-18T16:06:38.719Z
2b92696c-21e4-5664-a6ca-13913ee40a06,BCN PREBENJAMI PLATA 5 (2025-26),BCN,Prebenjamí,2025-26,league,,,9,2026-06-18T16:06:38.719Z,2026-06-18T16:06:38.719Z
b8d7d13f-d01c-5231-8cba-bb9cc126a062,BCN PREBENJAMI PLATA 6 (2025-26),BCN,Prebenjamí,2025-26,league,,,10,2026-06-18T16:06:38.719Z,2026-06-18T16:06:38.719Z
c870b415-0736-584e-a6b5-d1c9b7f2ec95,FASE DE GRUPS COPA CATALUNYA 3X3 PREBENJAMI PLATA (2025-26),FASE,Prebenjamí,2025-26,cup,,autonomic,7,2026-06-18T16:06:38.719Z,2026-06-18T16:06:38.719Z
8d75adbe-f806-5cdf-a3b9-9deed0b4fa17,FASES DE GRUPS COPA CATALUNYA 3X3 PREBENJAMI OR (2025-26),FASES,Prebenjamí,2025-26,cup,,autonomic,7,2026-06-18T16:06:38.719Z,2026-06-18T16:06:38.719Z
f47eaaab-1e4c-53ff-a8cb-c82af4c603a9,FASES FINALS COPA CATALUNYA 3X3 PREBENJAMI OR (2025-26),FASES,Prebenjamí,2025-26,cup,,autonomic,0,2026-06-18T16:06:38.719Z,2026-06-18T16:06:38.719Z
bdaa2f52-1f8d-5f74-b053-92ab310d65b7,FASES FINALS COPA CATALUNYA 3X3 PREBENJAMI PLATA (2025-26),FASES,Prebenjamí,2025-26,cup,,autonomic,0,2026-06-18T16:06:38.719Z,2026-06-18T16:06:38.719Z
477e7979-eba7-5f96-b83b-f006b80ff125,GIRONA PREBENJAMÍ PLATA FASE 1 GRUP A (2025-26),GIRONA,Prebenjamí,2025-26,league,,local,9,2026-06-18T16:06:38.719Z,2026-06-18T16:06:38.719Z
4782ed14-8532-54ce-a931-4c366bee0f4e,GIRONA PREBENJAMÍ PLATA FASE 1 GRUP B (2025-26),GIRONA,Prebenjamí,2025-26,league,,local,9,2026-06-18T16:06:38.719Z,2026-06-18T16:06:38.719Z
f8c16790-dda8-5ccf-955e-7907d64c3e1f,GIRONA PREBENJAMÍ PLATA FASE 2 GRUP A (2025-26),GIRONA,Prebenjamí,2025-26,league,,local,6,2026-06-18T16:06:38.719Z,2026-06-18T16:06:38.719Z
17706f6b-9312-5338-baec-8882e5a41491,GIRONA PREBENJAMÍ PLATA FASE 2 GRUP B (2025-26),GIRONA,Prebenjamí,2025-26,league,,local,6,2026-06-18T16:06:38.719Z,2026-06-18T16:06:38.719Z
067a871b-fa6e-545b-a3a3-51e6069ec8af,GIRONA PREBENJAMÍ PLATA FASE 2 GRUP C (2025-26),GIRONA,Prebenjamí,2025-26,league,,local,6,2026-06-18T16:06:38.719Z,2026-06-18T16:06:38.719Z
08dd6e21-1968-517c-bc06-8ce8054f5037,GIRONA PREBENJAMÍ PLATA FASE 2 GRUP D (2025-26),GIRONA,Prebenjamí,2025-26,league,,local,6,2026-06-18T16:06:38.719Z,2026-06-18T16:06:38.719Z
739ceace-b91a-5b6d-8dee-6483c10ae1ac,PREBENJAMI BRONZE 2ª FASE TARRAGONA GRUP A (2025-26),PREBENJAMI,Prebenjamí,2025-26,league,,local,4,2026-06-18T16:06:38.719Z,2026-06-18T16:06:38.719Z
c9920c0d-52b5-5e9a-8e26-b89063917536,PREBENJAMI BRONZE LLEIDA (2025-26),PREBENJAMI,Prebenjamí,2025-26,league,,local,6,2026-06-18T16:06:38.719Z,2026-06-18T16:06:38.719Z
4532b7b0-046f-5621-8fe9-60f97f5b8f5d,PREBENJAMI BRONZE LLEIDA 2ª FASE (2025-26),PREBENJAMI,Prebenjamí,2025-26,league,,local,5,2026-06-18T16:06:38.719Z,2026-06-18T16:06:38.719Z
f49d24c1-b312-50a6-8ace-261178241c57,PREBENJAMI BRONZE TARRAGONA (2025-26),PREBENJAMI,Prebenjamí,2025-26,league,,local,11,2026-06-18T16:06:38.719Z,2026-06-18T16:06:38.719Z
010e7823-117f-520d-8977-fd97976b2cb5,PREBENJAMI BRONZE TARRAGONA 2ª FASE GRUP B (2025-26),PREBENJAMI,Prebenjamí,2025-26,league,,local,4,2026-06-18T16:06:38.719Z,2026-06-18T16:06:38.719Z
7de58798-aa73-5f87-a106-7bc5ddf16395,PREBENJAMI LLEIDA (2025-26),PREBENJAMI,Prebenjamí,2025-26,league,,local,9,2026-06-18T16:06:38.719Z,2026-06-18T16:06:38.719Z
0af46467-064f-5a32-b463-7a9276ac8a51,PREBENJAMÍ OR GIRONA (2025-26),PREBENJAMI,Prebenjamí,2025-26,league,,local,10,2026-06-18T16:06:38.719Z,2026-06-18T16:06:38.719Z
b5d64022-e431-54d8-b7dc-2a9cf5e59750,PREBENJAMI OR LLEIDA (2025-26),PREBENJAMI,Prebenjamí,2025-26,league,,local,5,2026-06-18T16:06:38.719Z,2026-06-18T16:06:38.719Z
47fed18d-76d6-5c32-9c06-82366fe99f7d,PREBENJAMI OR PLATA TARRAGONA (2025-26),PREBENJAMI,Prebenjamí,2025-26,league,,local,12,2026-06-18T16:06:38.719Z,2026-06-18T16:06:38.719Z
9a7d8cf2-a8dd-52ca-900e-3dc14867b7a2,PREBENJAMI OR TARRAGONA 2ª FASE (2025-26),PREBENJAMI,Prebenjamí,2025-26,league,,local,12,2026-06-18T16:06:38.719Z,2026-06-18T16:06:38.719Z
f439e16e-141a-5f6a-8e54-6487b1dc0453,PREBENJAMI PLATA LLEIDA (2025-26),PREBENJAMI,Prebenjamí,2025-26,league,,local,5,2026-06-18T16:06:38.719Z,2026-06-18T16:06:38.719Z
73954b17-11f1-5864-a99f-c4de8d0e3ea8,PREBENJAMI PLATA TARRAGONA 2ª FASE (2025-26),PREBENJAMI,Prebenjamí,2025-26,league,,local,8,2026-06-18T16:06:38.719Z,2026-06-18T16:06:38.719Z
a502d9a0-c34b-5692-8b12-6b95a735800e,FINAL A 4 LCV (2025-26),FINAL,Veterans,2025-26,league,,,0,2026-06-18T16:06:38.719Z,2026-06-18T16:06:38.719Z
9c0194a3-b986-5b89-a92c-a3951c7e6841,LCV GRUP A (2025-26),LCV,Veterans,2025-26,league,,,12,2026-06-18T16:06:38.719Z,2026-06-18T16:06:38.719Z
0de3aff3-b362-5733-8967-98aaf0b2a70c,LCV GRUP B (2025-26),LCV,Veterans,2025-26,league,,,10,2026-06-18T16:06:38.719Z,2026-06-18T16:06:38.719Z
d724329a-6011-55dc-a42a-c0ad64fe55fe,LCV GRUP C (2025-26),LCV,Veterans,2025-26,league,,,7,2026-06-18T16:06:38.719Z,2026-06-18T16:06:38.719Z
ad02ca6d-8269-559d-96f0-6b113d4831d0,LCV MÀSTER 50 (2025-26),LCV,Veterans,2025-26,league,,,12,2026-06-18T16:06:38.719Z,2026-06-18T16:06:38.719Z
